id,data,transazione_id,conto_codice,conto_descrizione,dare,avere,descrizione,riferimento_tipo,riferimento_id
SCR-000001,2025-01-31,TRX-FATT-FATT-A-2025-0001,11.01,Crediti verso clienti,34160.00,0.00,Fattura emessa n. 2025/001 a Barilli Logistica S.p.A.,fattura,FATT-A-2025-0001
SCR-000002,2025-01-31,TRX-FATT-FATT-A-2025-0001,20.02,Erario c/IVA a debito,0.00,6160.00,IVA a debito su fattura n. 2025/001,fattura,FATT-A-2025-0001
SCR-000003,2025-01-31,TRX-FATT-FATT-A-2025-0001,70.01,Ricavi per sviluppo software su commessa,0.00,16800.00,Servizi professionali di sviluppo software e ingegneria applicativa - Rif. mese 01/2025,fattura,FATT-A-2025-0001
SCR-000004,2025-01-31,TRX-FATT-FATT-A-2025-0001,70.02,Ricavi per contratti di manutenzione evolutiva e SLA,0.00,11200.00,"Canone di assistenza continuativa, manutenzione correttiva e SLA - Rif. mese 01/2025",fattura,FATT-A-2025-0001
SCR-000005,2025-01-31,TRX-FATT-FATT-A-2025-0002,11.01,Crediti verso clienti,17324.00,0.00,Fattura emessa n. 2025/002 a FinTech Solutions Italia S.r.l.,fattura,FATT-A-2025-0002
SCR-000006,2025-01-31,TRX-FATT-FATT-A-2025-0002,20.02,Erario c/IVA a debito,0.00,3124.00,IVA a debito su fattura n. 2025/002,fattura,FATT-A-2025-0002
SCR-000007,2025-01-31,TRX-FATT-FATT-A-2025-0002,70.01,Ricavi per sviluppo software su commessa,0.00,8520.00,Servizi professionali di sviluppo software e ingegneria applicativa - Rif. mese 01/2025,fattura,FATT-A-2025-0002
SCR-000008,2025-01-31,TRX-FATT-FATT-A-2025-0002,70.02,Ricavi per contratti di manutenzione evolutiva e SLA,0.00,5680.00,"Canone di assistenza continuativa, manutenzione correttiva e SLA - Rif. mese 01/2025",fattura,FATT-A-2025-0002
SCR-000009,2025-01-31,TRX-FATT-FATT-A-2025-0003,11.01,Crediti verso clienti,16104.00,0.00,Fattura emessa n. 2025/003 a RetailNext S.p.A.,fattura,FATT-A-2025-0003
SCR-000010,2025-01-31,TRX-FATT-FATT-A-2025-0003,20.02,Erario c/IVA a debito,0.00,2904.00,IVA a debito su fattura n. 2025/003,fattura,FATT-A-2025-0003
SCR-000011,2025-01-31,TRX-FATT-FATT-A-2025-0003,70.01,Ricavi per sviluppo software su commessa,0.00,7920.00,Servizi professionali di sviluppo software e ingegneria applicativa - Rif. mese 01/2025,fattura,FATT-A-2025-0003
SCR-000012,2025-01-31,TRX-FATT-FATT-A-2025-0003,70.02,Ricavi per contratti di manutenzione evolutiva e SLA,0.00,5280.00,"Canone di assistenza continuativa, manutenzione correttiva e SLA - Rif. mese 01/2025",fattura,FATT-A-2025-0003
SCR-000013,2025-01-31,TRX-FATT-FATT-A-2025-0004,11.01,Crediti verso clienti,13664.00,0.00,Fattura emessa n. 2025/004 a MediHealth Care S.r.l.,fattura,FATT-A-2025-0004
SCR-000014,2025-01-31,TRX-FATT-FATT-A-2025-0004,20.02,Erario c/IVA a debito,0.00,2464.00,IVA a debito su fattura n. 2025/004,fattura,FATT-A-2025-0004
SCR-000015,2025-01-31,TRX-FATT-FATT-A-2025-0004,70.01,Ricavi per sviluppo software su commessa,0.00,6720.00,Servizi professionali di sviluppo software e ingegneria applicativa - Rif. mese 01/2025,fattura,FATT-A-2025-0004
SCR-000016,2025-01-31,TRX-FATT-FATT-A-2025-0004,70.02,Ricavi per contratti di manutenzione evolutiva e SLA,0.00,4480.00,"Canone di assistenza continuativa, manutenzione correttiva e SLA - Rif. mese 01/2025",fattura,FATT-A-2025-0004
SCR-000017,2025-01-31,TRX-FATT-FATT-A-2025-0005,11.01,Crediti verso clienti,11224.00,0.00,Fattura emessa n. 2025/005 a Manifattura Lombarda S.r.l.,fattura,FATT-A-2025-0005
SCR-000018,2025-01-31,TRX-FATT-FATT-A-2025-0005,20.02,Erario c/IVA a debito,0.00,2024.00,IVA a debito su fattura n. 2025/005,fattura,FATT-A-2025-0005
SCR-000019,2025-01-31,TRX-FATT-FATT-A-2025-0005,70.01,Ricavi per sviluppo software su commessa,0.00,5520.00,Servizi professionali di sviluppo software e ingegneria applicativa - Rif. mese 01/2025,fattura,FATT-A-2025-0005
SCR-000020,2025-01-31,TRX-FATT-FATT-A-2025-0005,70.02,Ricavi per contratti di manutenzione evolutiva e SLA,0.00,3680.00,"Canone di assistenza continuativa, manutenzione correttiva e SLA - Rif. mese 01/2025",fattura,FATT-A-2025-0005
SCR-000021,2025-01-31,TRX-FATT-FATT-A-2025-0006,11.01,Crediti verso clienti,9150.00,0.00,Fattura emessa n. 2025/006 a AgroTech Bio S.r.l.,fattura,FATT-A-2025-0006
SCR-000022,2025-01-31,TRX-FATT-FATT-A-2025-0006,20.02,Erario c/IVA a debito,0.00,1650.00,IVA a debito su fattura n. 2025/006,fattura,FATT-A-2025-0006
SCR-000023,2025-01-31,TRX-FATT-FATT-A-2025-0006,70.01,Ricavi per sviluppo software su commessa,0.00,4500.00,Servizi professionali di sviluppo software e ingegneria applicativa - Rif. mese 01/2025,fattura,FATT-A-2025-0006
SCR-000024,2025-01-31,TRX-FATT-FATT-A-2025-0006,70.02,Ricavi per contratti di manutenzione evolutiva e SLA,0.00,3000.00,"Canone di assistenza continuativa, manutenzione correttiva e SLA - Rif. mese 01/2025",fattura,FATT-A-2025-0006
SCR-000025,2025-01-31,TRX-FATT-FATT-A-2025-0007,11.01,Crediti verso clienti,7564.00,0.00,Fattura emessa n. 2025/007 a EdilSmart Costruzioni S.p.A.,fattura,FATT-A-2025-0007
SCR-000026,2025-01-31,TRX-FATT-FATT-A-2025-0007,20.02,Erario c/IVA a debito,0.00,1364.00,IVA a debito su fattura n. 2025/007,fattura,FATT-A-2025-0007
SCR-000027,2025-01-31,TRX-FATT-FATT-A-2025-0007,70.01,Ricavi per sviluppo software su commessa,0.00,3720.00,Servizi professionali di sviluppo software e ingegneria applicativa - Rif. mese 01/2025,fattura,FATT-A-2025-0007
SCR-000028,2025-01-31,TRX-FATT-FATT-A-2025-0007,70.02,Ricavi per contratti di manutenzione evolutiva e SLA,0.00,2480.00,"Canone di assistenza continuativa, manutenzione correttiva e SLA - Rif. mese 01/2025",fattura,FATT-A-2025-0007
SCR-000029,2025-02-28,TRX-FATT-FATT-A-2025-0008,11.01,Crediti verso clienti,34160.00,0.00,Fattura emessa n. 2025/008 a Barilli Logistica S.p.A.,fattura,FATT-A-2025-0008
SCR-000030,2025-02-28,TRX-FATT-FATT-A-2025-0008,20.02,Erario c/IVA a debito,0.00,6160.00,IVA a debito su fattura n. 2025/008,fattura,FATT-A-2025-0008
SCR-000031,2025-02-28,TRX-FATT-FATT-A-2025-0008,70.01,Ricavi per sviluppo software su commessa,0.00,16800.00,Servizi professionali di sviluppo software e ingegneria applicativa - Rif. mese 02/2025,fattura,FATT-A-2025-0008
SCR-000032,2025-02-28,TRX-FATT-FATT-A-2025-0008,70.02,Ricavi per contratti di manutenzione evolutiva e SLA,0.00,11200.00,"Canone di assistenza continuativa, manutenzione correttiva e SLA - Rif. mese 02/2025",fattura,FATT-A-2025-0008
SCR-000033,2025-02-28,TRX-FATT-FATT-A-2025-0009,11.01,Crediti verso clienti,17446.00,0.00,Fattura emessa n. 2025/009 a FinTech Solutions Italia S.r.l.,fattura,FATT-A-2025-0009
SCR-000034,2025-02-28,TRX-FATT-FATT-A-2025-0009,20.02,Erario c/IVA a debito,0.00,3146.00,IVA a debito su fattura n. 2025/009,fattura,FATT-A-2025-0009
SCR-000035,2025-02-28,TRX-FATT-FATT-A-2025-0009,70.01,Ricavi per sviluppo software su commessa,0.00,8580.00,Servizi professionali di sviluppo software e ingegneria applicativa - Rif. mese 02/2025,fattura,FATT-A-2025-0009
SCR-000036,2025-02-28,TRX-FATT-FATT-A-2025-0009,70.02,Ricavi per contratti di manutenzione evolutiva e SLA,0.00,5720.00,"Canone di assistenza continuativa, manutenzione correttiva e SLA - Rif. mese 02/2025",fattura,FATT-A-2025-0009
SCR-000037,2025-02-28,TRX-FATT-FATT-A-2025-0010,11.01,Crediti verso clienti,16226.00,0.00,Fattura emessa n. 2025/010 a RetailNext S.p.A.,fattura,FATT-A-2025-0010
SCR-000038,2025-02-28,TRX-FATT-FATT-A-2025-0010,20.02,Erario c/IVA a debito,0.00,2926.00,IVA a debito su fattura n. 2025/010,fattura,FATT-A-2025-0010
SCR-000039,2025-02-28,TRX-FATT-FATT-A-2025-0010,70.01,Ricavi per sviluppo software su commessa,0.00,7980.00,Servizi professionali di sviluppo software e ingegneria applicativa - Rif. mese 02/2025,fattura,FATT-A-2025-0010
SCR-000040,2025-02-28,TRX-FATT-FATT-A-2025-0010,70.02,Ricavi per contratti di manutenzione evolutiva e SLA,0.00,5320.00,"Canone di assistenza continuativa, manutenzione correttiva e SLA - Rif. mese 02/2025",fattura,FATT-A-2025-0010
SCR-000041,2025-02-28,TRX-FATT-FATT-A-2025-0011,11.01,Crediti verso clienti,13908.00,0.00,Fattura emessa n. 2025/011 a MediHealth Care S.r.l.,fattura,FATT-A-2025-0011
SCR-000042,2025-02-28,TRX-FATT-FATT-A-2025-0011,20.02,Erario c/IVA a debito,0.00,2508.00,IVA a debito su fattura n. 2025/011,fattura,FATT-A-2025-0011
SCR-000043,2025-02-28,TRX-FATT-FATT-A-2025-0011,70.01,Ricavi per sviluppo software su commessa,0.00,6840.00,Servizi professionali di sviluppo software e ingegneria applicativa - Rif. mese 02/2025,fattura,FATT-A-2025-0011
SCR-000044,2025-02-28,TRX-FATT-FATT-A-2025-0011,70.02,Ricavi per contratti di manutenzione evolutiva e SLA,0.00,4560.00,"Canone di assistenza continuativa, manutenzione correttiva e SLA - Rif. mese 02/2025",fattura,FATT-A-2025-0011
SCR-000045,2025-02-28,TRX-FATT-FATT-A-2025-0012,11.01,Crediti verso clienti,11346.00,0.00,Fattura emessa n. 2025/012 a Manifattura Lombarda S.r.l.,fattura,FATT-A-2025-0012
SCR-000046,2025-02-28,TRX-FATT-FATT-A-2025-0012,20.02,Erario c/IVA a debito,0.00,2046.00,IVA a debito su fattura n. 2025/012,fattura,FATT-A-2025-0012
SCR-000047,2025-02-28,TRX-FATT-FATT-A-2025-0012,70.01,Ricavi per sviluppo software su commessa,0.00,5580.00,Servizi professionali di sviluppo software e ingegneria applicativa - Rif. mese 02/2025,fattura,FATT-A-2025-0012
SCR-000048,2025-02-28,TRX-FATT-FATT-A-2025-0012,70.02,Ricavi per contratti di manutenzione evolutiva e SLA,0.00,3720.00,"Canone di assistenza continuativa, manutenzione correttiva e SLA - Rif. mese 02/2025",fattura,FATT-A-2025-0012
SCR-000049,2025-02-28,TRX-FATT-FATT-A-2025-0013,11.01,Crediti verso clienti,9150.00,0.00,Fattura emessa n. 2025/013 a AgroTech Bio S.r.l.,fattura,FATT-A-2025-0013
SCR-000050,2025-02-28,TRX-FATT-FATT-A-2025-0013,20.02,Erario c/IVA a debito,0.00,1650.00,IVA a debito su fattura n. 2025/013,fattura,FATT-A-2025-0013
SCR-000051,2025-02-28,TRX-FATT-FATT-A-2025-0013,70.01,Ricavi per sviluppo software su commessa,0.00,4500.00,Servizi professionali di sviluppo software e ingegneria applicativa - Rif. mese 02/2025,fattura,FATT-A-2025-0013
SCR-000052,2025-02-28,TRX-FATT-FATT-A-2025-0013,70.02,Ricavi per contratti di manutenzione evolutiva e SLA,0.00,3000.00,"Canone di assistenza continuativa, manutenzione correttiva e SLA - Rif. mese 02/2025",fattura,FATT-A-2025-0013
SCR-000053,2025-02-28,TRX-FATT-FATT-A-2025-0014,11.01,Crediti verso clienti,7564.00,0.00,Fattura emessa n. 2025/014 a EdilSmart Costruzioni S.p.A.,fattura,FATT-A-2025-0014
SCR-000054,2025-02-28,TRX-FATT-FATT-A-2025-0014,20.02,Erario c/IVA a debito,0.00,1364.00,IVA a debito su fattura n. 2025/014,fattura,FATT-A-2025-0014
SCR-000055,2025-02-28,TRX-FATT-FATT-A-2025-0014,70.01,Ricavi per sviluppo software su commessa,0.00,3720.00,Servizi professionali di sviluppo software e ingegneria applicativa - Rif. mese 02/2025,fattura,FATT-A-2025-0014
SCR-000056,2025-02-28,TRX-FATT-FATT-A-2025-0014,70.02,Ricavi per contratti di manutenzione evolutiva e SLA,0.00,2480.00,"Canone di assistenza continuativa, manutenzione correttiva e SLA - Rif. mese 02/2025",fattura,FATT-A-2025-0014
SCR-000057,2025-03-31,TRX-FATT-FATT-A-2025-0015,11.01,Crediti verso clienti,34770.00,0.00,Fattura emessa n. 2025/015 a Barilli Logistica S.p.A.,fattura,FATT-A-2025-0015
SCR-000058,2025-03-31,TRX-FATT-FATT-A-2025-0015,20.02,Erario c/IVA a debito,0.00,6270.00,IVA a debito su fattura n. 2025/015,fattura,FATT-A-2025-0015
SCR-000059,2025-03-31,TRX-FATT-FATT-A-2025-0015,70.01,Ricavi per sviluppo software su commessa,0.00,17100.00,Servizi professionali di sviluppo software e ingegneria applicativa - Rif. mese 03/2025,fattura,FATT-A-2025-0015
SCR-000060,2025-03-31,TRX-FATT-FATT-A-2025-0015,70.02,Ricavi per contratti di manutenzione evolutiva e SLA,0.00,11400.00,"Canone di assistenza continuativa, manutenzione correttiva e SLA - Rif. mese 03/2025",fattura,FATT-A-2025-0015
SCR-000061,2025-03-31,TRX-FATT-FATT-A-2025-0016,11.01,Crediti verso clienti,18300.00,0.00,Fattura emessa n. 2025/016 a FinTech Solutions Italia S.r.l.,fattura,FATT-A-2025-0016
SCR-000062,2025-03-31,TRX-FATT-FATT-A-2025-0016,20.02,Erario c/IVA a debito,0.00,3300.00,IVA a debito su fattura n. 2025/016,fattura,FATT-A-2025-0016
SCR-000063,2025-03-31,TRX-FATT-FATT-A-2025-0016,70.01,Ricavi per sviluppo software su commessa,0.00,9000.00,Servizi professionali di sviluppo software e ingegneria applicativa - Rif. mese 03/2025,fattura,FATT-A-2025-0016
SCR-000064,2025-03-31,TRX-FATT-FATT-A-2025-0016,70.02,Ricavi per contratti di manutenzione evolutiva e SLA,0.00,6000.00,"Canone di assistenza continuativa, manutenzione correttiva e SLA - Rif. mese 03/2025",fattura,FATT-A-2025-0016
SCR-000065,2025-03-31,TRX-FATT-FATT-A-2025-0017,11.01,Crediti verso clienti,17324.00,0.00,Fattura emessa n. 2025/017 a RetailNext S.p.A.,fattura,FATT-A-2025-0017
SCR-000066,2025-03-31,TRX-FATT-FATT-A-2025-0017,20.02,Erario c/IVA a debito,0.00,3124.00,IVA a debito su fattura n. 2025/017,fattura,FATT-A-2025-0017
SCR-000067,2025-03-31,TRX-FATT-FATT-A-2025-0017,70.01,Ricavi per sviluppo software su commessa,0.00,8520.00,Servizi professionali di sviluppo software e ingegneria applicativa - Rif. mese 03/2025,fattura,FATT-A-2025-0017
SCR-000068,2025-03-31,TRX-FATT-FATT-A-2025-0017,70.02,Ricavi per contratti di manutenzione evolutiva e SLA,0.00,5680.00,"Canone di assistenza continuativa, manutenzione correttiva e SLA - Rif. mese 03/2025",fattura,FATT-A-2025-0017
SCR-000069,2025-03-31,TRX-FATT-FATT-A-2025-0018,11.01,Crediti verso clienti,14640.00,0.00,Fattura emessa n. 2025/018 a MediHealth Care S.r.l.,fattura,FATT-A-2025-0018
SCR-000070,2025-03-31,TRX-FATT-FATT-A-2025-0018,20.02,Erario c/IVA a debito,0.00,2640.00,IVA a debito su fattura n. 2025/018,fattura,FATT-A-2025-0018
SCR-000071,2025-03-31,TRX-FATT-FATT-A-2025-0018,70.01,Ricavi per sviluppo software su commessa,0.00,7200.00,Servizi professionali di sviluppo software e ingegneria applicativa - Rif. mese 03/2025,fattura,FATT-A-2025-0018
SCR-000072,2025-03-31,TRX-FATT-FATT-A-2025-0018,70.02,Ricavi per contratti di manutenzione evolutiva e SLA,0.00,4800.00,"Canone di assistenza continuativa, manutenzione correttiva e SLA - Rif. mese 03/2025",fattura,FATT-A-2025-0018
SCR-000073,2025-03-31,TRX-FATT-FATT-A-2025-0019,11.01,Crediti verso clienti,12200.00,0.00,Fattura emessa n. 2025/019 a Manifattura Lombarda S.r.l.,fattura,FATT-A-2025-0019
SCR-000074,2025-03-31,TRX-FATT-FATT-A-2025-0019,20.02,Erario c/IVA a debito,0.00,2200.00,IVA a debito su fattura n. 2025/019,fattura,FATT-A-2025-0019
SCR-000075,2025-03-31,TRX-FATT-FATT-A-2025-0019,70.01,Ricavi per sviluppo software su commessa,0.00,6000.00,Servizi professionali di sviluppo software e ingegneria applicativa - Rif. mese 03/2025,fattura,FATT-A-2025-0019
SCR-000076,2025-03-31,TRX-FATT-FATT-A-2025-0019,70.02,Ricavi per contratti di manutenzione evolutiva e SLA,0.00,4000.00,"Canone di assistenza continuativa, manutenzione correttiva e SLA - Rif. mese 03/2025",fattura,FATT-A-2025-0019
SCR-000077,2025-03-31,TRX-FATT-FATT-A-2025-0020,11.01,Crediti verso clienti,10370.00,0.00,Fattura emessa n. 2025/020 a AgroTech Bio S.r.l.,fattura,FATT-A-2025-0020
SCR-000078,2025-03-31,TRX-FATT-FATT-A-2025-0020,20.02,Erario c/IVA a debito,0.00,1870.00,IVA a debito su fattura n. 2025/020,fattura,FATT-A-2025-0020
SCR-000079,2025-03-31,TRX-FATT-FATT-A-2025-0020,70.01,Ricavi per sviluppo software su commessa,0.00,5100.00,Servizi professionali di sviluppo software e ingegneria applicativa - Rif. mese 03/2025,fattura,FATT-A-2025-0020
SCR-000080,2025-03-31,TRX-FATT-FATT-A-2025-0020,70.02,Ricavi per contratti di manutenzione evolutiva e SLA,0.00,3400.00,"Canone di assistenza continuativa, manutenzione correttiva e SLA - Rif. mese 03/2025",fattura,FATT-A-2025-0020
SCR-000081,2025-03-31,TRX-FATT-FATT-A-2025-0021,11.01,Crediti verso clienti,8296.00,0.00,Fattura emessa n. 2025/021 a EdilSmart Costruzioni S.p.A.,fattura,FATT-A-2025-0021
SCR-000082,2025-03-31,TRX-FATT-FATT-A-2025-0021,20.02,Erario c/IVA a debito,0.00,1496.00,IVA a debito su fattura n. 2025/021,fattura,FATT-A-2025-0021
SCR-000083,2025-03-31,TRX-FATT-FATT-A-2025-0021,70.01,Ricavi per sviluppo software su commessa,0.00,4080.00,Servizi professionali di sviluppo software e ingegneria applicativa - Rif. mese 03/2025,fattura,FATT-A-2025-0021
SCR-000084,2025-03-31,TRX-FATT-FATT-A-2025-0021,70.02,Ricavi per contratti di manutenzione evolutiva e SLA,0.00,2720.00,"Canone di assistenza continuativa, manutenzione correttiva e SLA - Rif. mese 03/2025",fattura,FATT-A-2025-0021
SCR-000085,2025-04-30,TRX-FATT-FATT-A-2025-0022,11.01,Crediti verso clienti,34770.00,0.00,Fattura emessa n. 2025/022 a Barilli Logistica S.p.A.,fattura,FATT-A-2025-0022
SCR-000086,2025-04-30,TRX-FATT-FATT-A-2025-0022,20.02,Erario c/IVA a debito,0.00,6270.00,IVA a debito su fattura n. 2025/022,fattura,FATT-A-2025-0022
SCR-000087,2025-04-30,TRX-FATT-FATT-A-2025-0022,70.01,Ricavi per sviluppo software su commessa,0.00,17100.00,Servizi professionali di sviluppo software e ingegneria applicativa - Rif. mese 04/2025,fattura,FATT-A-2025-0022
SCR-000088,2025-04-30,TRX-FATT-FATT-A-2025-0022,70.02,Ricavi per contratti di manutenzione evolutiva e SLA,0.00,11400.00,"Canone di assistenza continuativa, manutenzione correttiva e SLA - Rif. mese 04/2025",fattura,FATT-A-2025-0022
SCR-000089,2025-04-30,TRX-FATT-FATT-A-2025-0023,11.01,Crediti verso clienti,18544.00,0.00,Fattura emessa n. 2025/023 a FinTech Solutions Italia S.r.l.,fattura,FATT-A-2025-0023
SCR-000090,2025-04-30,TRX-FATT-FATT-A-2025-0023,20.02,Erario c/IVA a debito,0.00,3344.00,IVA a debito su fattura n. 2025/023,fattura,FATT-A-2025-0023
SCR-000091,2025-04-30,TRX-FATT-FATT-A-2025-0023,70.01,Ricavi per sviluppo software su commessa,0.00,9120.00,Servizi professionali di sviluppo software e ingegneria applicativa - Rif. mese 04/2025,fattura,FATT-A-2025-0023
SCR-000092,2025-04-30,TRX-FATT-FATT-A-2025-0023,70.02,Ricavi per contratti di manutenzione evolutiva e SLA,0.00,6080.00,"Canone di assistenza continuativa, manutenzione correttiva e SLA - Rif. mese 04/2025",fattura,FATT-A-2025-0023
SCR-000093,2025-04-30,TRX-FATT-FATT-A-2025-0024,11.01,Crediti verso clienti,17690.00,0.00,Fattura emessa n. 2025/024 a RetailNext S.p.A.,fattura,FATT-A-2025-0024
SCR-000094,2025-04-30,TRX-FATT-FATT-A-2025-0024,20.02,Erario c/IVA a debito,0.00,3190.00,IVA a debito su fattura n. 2025/024,fattura,FATT-A-2025-0024
SCR-000095,2025-04-30,TRX-FATT-FATT-A-2025-0024,70.01,Ricavi per sviluppo software su commessa,0.00,8700.00,Servizi professionali di sviluppo software e ingegneria applicativa - Rif. mese 04/2025,fattura,FATT-A-2025-0024
SCR-000096,2025-04-30,TRX-FATT-FATT-A-2025-0024,70.02,Ricavi per contratti di manutenzione evolutiva e SLA,0.00,5800.00,"Canone di assistenza continuativa, manutenzione correttiva e SLA - Rif. mese 04/2025",fattura,FATT-A-2025-0024
SCR-000097,2025-04-30,TRX-FATT-FATT-A-2025-0025,11.01,Crediti verso clienti,14884.00,0.00,Fattura emessa n. 2025/025 a MediHealth Care S.r.l.,fattura,FATT-A-2025-0025
SCR-000098,2025-04-30,TRX-FATT-FATT-A-2025-0025,20.02,Erario c/IVA a debito,0.00,2684.00,IVA a debito su fattura n. 2025/025,fattura,FATT-A-2025-0025
SCR-000099,2025-04-30,TRX-FATT-FATT-A-2025-0025,70.01,Ricavi per sviluppo software su commessa,0.00,7320.00,Servizi professionali di sviluppo software e ingegneria applicativa - Rif. mese 04/2025,fattura,FATT-A-2025-0025
SCR-000100,2025-04-30,TRX-FATT-FATT-A-2025-0025,70.02,Ricavi per contratti di manutenzione evolutiva e SLA,0.00,4880.00,"Canone di assistenza continuativa, manutenzione correttiva e SLA - Rif. mese 04/2025",fattura,FATT-A-2025-0025
SCR-000101,2025-04-30,TRX-FATT-FATT-A-2025-0026,11.01,Crediti verso clienti,12444.00,0.00,Fattura emessa n. 2025/026 a Manifattura Lombarda S.r.l.,fattura,FATT-A-2025-0026
SCR-000102,2025-04-30,TRX-FATT-FATT-A-2025-0026,20.02,Erario c/IVA a debito,0.00,2244.00,IVA a debito su fattura n. 2025/026,fattura,FATT-A-2025-0026
SCR-000103,2025-04-30,TRX-FATT-FATT-A-2025-0026,70.01,Ricavi per sviluppo software su commessa,0.00,6120.00,Servizi professionali di sviluppo software e ingegneria applicativa - Rif. mese 04/2025,fattura,FATT-A-2025-0026
SCR-000104,2025-04-30,TRX-FATT-FATT-A-2025-0026,70.02,Ricavi per contratti di manutenzione evolutiva e SLA,0.00,4080.00,"Canone di assistenza continuativa, manutenzione correttiva e SLA - Rif. mese 04/2025",fattura,FATT-A-2025-0026
SCR-000105,2025-04-30,TRX-FATT-FATT-A-2025-0027,11.01,Crediti verso clienti,10370.00,0.00,Fattura emessa n. 2025/027 a AgroTech Bio S.r.l.,fattura,FATT-A-2025-0027
SCR-000106,2025-04-30,TRX-FATT-FATT-A-2025-0027,20.02,Erario c/IVA a debito,0.00,1870.00,IVA a debito su fattura n. 2025/027,fattura,FATT-A-2025-0027
SCR-000107,2025-04-30,TRX-FATT-FATT-A-2025-0027,70.01,Ricavi per sviluppo software su commessa,0.00,5100.00,Servizi professionali di sviluppo software e ingegneria applicativa - Rif. mese 04/2025,fattura,FATT-A-2025-0027
SCR-000108,2025-04-30,TRX-FATT-FATT-A-2025-0027,70.02,Ricavi per contratti di manutenzione evolutiva e SLA,0.00,3400.00,"Canone di assistenza continuativa, manutenzione correttiva e SLA - Rif. mese 04/2025",fattura,FATT-A-2025-0027
SCR-000109,2025-04-30,TRX-FATT-FATT-A-2025-0028,11.01,Crediti verso clienti,8540.00,0.00,Fattura emessa n. 2025/028 a EdilSmart Costruzioni S.p.A.,fattura,FATT-A-2025-0028
SCR-000110,2025-04-30,TRX-FATT-FATT-A-2025-0028,20.02,Erario c/IVA a debito,0.00,1540.00,IVA a debito su fattura n. 2025/028,fattura,FATT-A-2025-0028
SCR-000111,2025-04-30,TRX-FATT-FATT-A-2025-0028,70.01,Ricavi per sviluppo software su commessa,0.00,4200.00,Servizi professionali di sviluppo software e ingegneria applicativa - Rif. mese 04/2025,fattura,FATT-A-2025-0028
SCR-000112,2025-04-30,TRX-FATT-FATT-A-2025-0028,70.02,Ricavi per contratti di manutenzione evolutiva e SLA,0.00,2800.00,"Canone di assistenza continuativa, manutenzione correttiva e SLA - Rif. mese 04/2025",fattura,FATT-A-2025-0028
SCR-000113,2025-05-31,TRX-FATT-FATT-A-2025-0029,11.01,Crediti verso clienti,34160.00,0.00,Fattura emessa n. 2025/029 a Barilli Logistica S.p.A.,fattura,FATT-A-2025-0029
SCR-000114,2025-05-31,TRX-FATT-FATT-A-2025-0029,20.02,Erario c/IVA a debito,0.00,6160.00,IVA a debito su fattura n. 2025/029,fattura,FATT-A-2025-0029
SCR-000115,2025-05-31,TRX-FATT-FATT-A-2025-0029,70.01,Ricavi per sviluppo software su commessa,0.00,16800.00,Servizi professionali di sviluppo software e ingegneria applicativa - Rif. mese 05/2025,fattura,FATT-A-2025-0029
SCR-000116,2025-05-31,TRX-FATT-FATT-A-2025-0029,70.02,Ricavi per contratti di manutenzione evolutiva e SLA,0.00,11200.00,"Canone di assistenza continuativa, manutenzione correttiva e SLA - Rif. mese 05/2025",fattura,FATT-A-2025-0029
SCR-000117,2025-05-31,TRX-FATT-FATT-A-2025-0030,11.01,Crediti verso clienti,18300.00,0.00,Fattura emessa n. 2025/030 a FinTech Solutions Italia S.r.l.,fattura,FATT-A-2025-0030
SCR-000118,2025-05-31,TRX-FATT-FATT-A-2025-0030,20.02,Erario c/IVA a debito,0.00,3300.00,IVA a debito su fattura n. 2025/030,fattura,FATT-A-2025-0030
SCR-000119,2025-05-31,TRX-FATT-FATT-A-2025-0030,70.01,Ricavi per sviluppo software su commessa,0.00,9000.00,Servizi professionali di sviluppo software e ingegneria applicativa - Rif. mese 05/2025,fattura,FATT-A-2025-0030
SCR-000120,2025-05-31,TRX-FATT-FATT-A-2025-0030,70.02,Ricavi per contratti di manutenzione evolutiva e SLA,0.00,6000.00,"Canone di assistenza continuativa, manutenzione correttiva e SLA - Rif. mese 05/2025",fattura,FATT-A-2025-0030
SCR-000121,2025-05-31,TRX-FATT-FATT-A-2025-0031,11.01,Crediti verso clienti,17446.00,0.00,Fattura emessa n. 2025/031 a RetailNext S.p.A.,fattura,FATT-A-2025-0031
SCR-000122,2025-05-31,TRX-FATT-FATT-A-2025-0031,20.02,Erario c/IVA a debito,0.00,3146.00,IVA a debito su fattura n. 2025/031,fattura,FATT-A-2025-0031
SCR-000123,2025-05-31,TRX-FATT-FATT-A-2025-0031,70.01,Ricavi per sviluppo software su commessa,0.00,8580.00,Servizi professionali di sviluppo software e ingegneria applicativa - Rif. mese 05/2025,fattura,FATT-A-2025-0031
SCR-000124,2025-05-31,TRX-FATT-FATT-A-2025-0031,70.02,Ricavi per contratti di manutenzione evolutiva e SLA,0.00,5720.00,"Canone di assistenza continuativa, manutenzione correttiva e SLA - Rif. mese 05/2025",fattura,FATT-A-2025-0031
SCR-000125,2025-05-31,TRX-FATT-FATT-A-2025-0032,11.01,Crediti verso clienti,14640.00,0.00,Fattura emessa n. 2025/032 a MediHealth Care S.r.l.,fattura,FATT-A-2025-0032
SCR-000126,2025-05-31,TRX-FATT-FATT-A-2025-0032,20.02,Erario c/IVA a debito,0.00,2640.00,IVA a debito su fattura n. 2025/032,fattura,FATT-A-2025-0032
SCR-000127,2025-05-31,TRX-FATT-FATT-A-2025-0032,70.01,Ricavi per sviluppo software su commessa,0.00,7200.00,Servizi professionali di sviluppo software e ingegneria applicativa - Rif. mese 05/2025,fattura,FATT-A-2025-0032
SCR-000128,2025-05-31,TRX-FATT-FATT-A-2025-0032,70.02,Ricavi per contratti di manutenzione evolutiva e SLA,0.00,4800.00,"Canone di assistenza continuativa, manutenzione correttiva e SLA - Rif. mese 05/2025",fattura,FATT-A-2025-0032
SCR-000129,2025-05-31,TRX-FATT-FATT-A-2025-0033,11.01,Crediti verso clienti,12444.00,0.00,Fattura emessa n. 2025/033 a Manifattura Lombarda S.r.l.,fattura,FATT-A-2025-0033
SCR-000130,2025-05-31,TRX-FATT-FATT-A-2025-0033,20.02,Erario c/IVA a debito,0.00,2244.00,IVA a debito su fattura n. 2025/033,fattura,FATT-A-2025-0033
SCR-000131,2025-05-31,TRX-FATT-FATT-A-2025-0033,70.01,Ricavi per sviluppo software su commessa,0.00,6120.00,Servizi professionali di sviluppo software e ingegneria applicativa - Rif. mese 05/2025,fattura,FATT-A-2025-0033
SCR-000132,2025-05-31,TRX-FATT-FATT-A-2025-0033,70.02,Ricavi per contratti di manutenzione evolutiva e SLA,0.00,4080.00,"Canone di assistenza continuativa, manutenzione correttiva e SLA - Rif. mese 05/2025",fattura,FATT-A-2025-0033
SCR-000133,2025-05-31,TRX-FATT-FATT-A-2025-0034,11.01,Crediti verso clienti,10370.00,0.00,Fattura emessa n. 2025/034 a AgroTech Bio S.r.l.,fattura,FATT-A-2025-0034
SCR-000134,2025-05-31,TRX-FATT-FATT-A-2025-0034,20.02,Erario c/IVA a debito,0.00,1870.00,IVA a debito su fattura n. 2025/034,fattura,FATT-A-2025-0034
SCR-000135,2025-05-31,TRX-FATT-FATT-A-2025-0034,70.01,Ricavi per sviluppo software su commessa,0.00,5100.00,Servizi professionali di sviluppo software e ingegneria applicativa - Rif. mese 05/2025,fattura,FATT-A-2025-0034
SCR-000136,2025-05-31,TRX-FATT-FATT-A-2025-0034,70.02,Ricavi per contratti di manutenzione evolutiva e SLA,0.00,3400.00,"Canone di assistenza continuativa, manutenzione correttiva e SLA - Rif. mese 05/2025",fattura,FATT-A-2025-0034
SCR-000137,2025-05-31,TRX-FATT-FATT-A-2025-0035,11.01,Crediti verso clienti,8540.00,0.00,Fattura emessa n. 2025/035 a EdilSmart Costruzioni S.p.A.,fattura,FATT-A-2025-0035
SCR-000138,2025-05-31,TRX-FATT-FATT-A-2025-0035,20.02,Erario c/IVA a debito,0.00,1540.00,IVA a debito su fattura n. 2025/035,fattura,FATT-A-2025-0035
SCR-000139,2025-05-31,TRX-FATT-FATT-A-2025-0035,70.01,Ricavi per sviluppo software su commessa,0.00,4200.00,Servizi professionali di sviluppo software e ingegneria applicativa - Rif. mese 05/2025,fattura,FATT-A-2025-0035
SCR-000140,2025-05-31,TRX-FATT-FATT-A-2025-0035,70.02,Ricavi per contratti di manutenzione evolutiva e SLA,0.00,2800.00,"Canone di assistenza continuativa, manutenzione correttiva e SLA - Rif. mese 05/2025",fattura,FATT-A-2025-0035
SCR-000141,2025-06-30,TRX-FATT-FATT-A-2025-0036,11.01,Crediti verso clienti,34770.00,0.00,Fattura emessa n. 2025/036 a Barilli Logistica S.p.A.,fattura,FATT-A-2025-0036
SCR-000142,2025-06-30,TRX-FATT-FATT-A-2025-0036,20.02,Erario c/IVA a debito,0.00,6270.00,IVA a debito su fattura n. 2025/036,fattura,FATT-A-2025-0036
SCR-000143,2025-06-30,TRX-FATT-FATT-A-2025-0036,70.01,Ricavi per sviluppo software su commessa,0.00,17100.00,Servizi professionali di sviluppo software e ingegneria applicativa - Rif. mese 06/2025,fattura,FATT-A-2025-0036
SCR-000144,2025-06-30,TRX-FATT-FATT-A-2025-0036,70.02,Ricavi per contratti di manutenzione evolutiva e SLA,0.00,11400.00,"Canone di assistenza continuativa, manutenzione correttiva e SLA - Rif. mese 06/2025",fattura,FATT-A-2025-0036
SCR-000145,2025-06-30,TRX-FATT-FATT-A-2025-0037,11.01,Crediti verso clienti,18666.00,0.00,Fattura emessa n. 2025/037 a FinTech Solutions Italia S.r.l.,fattura,FATT-A-2025-0037
SCR-000146,2025-06-30,TRX-FATT-FATT-A-2025-0037,20.02,Erario c/IVA a debito,0.00,3366.00,IVA a debito su fattura n. 2025/037,fattura,FATT-A-2025-0037
SCR-000147,2025-06-30,TRX-FATT-FATT-A-2025-0037,70.01,Ricavi per sviluppo software su commessa,0.00,9180.00,Servizi professionali di sviluppo software e ingegneria applicativa - Rif. mese 06/2025,fattura,FATT-A-2025-0037
SCR-000148,2025-06-30,TRX-FATT-FATT-A-2025-0037,70.02,Ricavi per contratti di manutenzione evolutiva e SLA,0.00,6120.00,"Canone di assistenza continuativa, manutenzione correttiva e SLA - Rif. mese 06/2025",fattura,FATT-A-2025-0037
SCR-000149,2025-06-30,TRX-FATT-FATT-A-2025-0038,11.01,Crediti verso clienti,18056.00,0.00,Fattura emessa n. 2025/038 a RetailNext S.p.A.,fattura,FATT-A-2025-0038
SCR-000150,2025-06-30,TRX-FATT-FATT-A-2025-0038,20.02,Erario c/IVA a debito,0.00,3256.00,IVA a debito su fattura n. 2025/038,fattura,FATT-A-2025-0038
SCR-000151,2025-06-30,TRX-FATT-FATT-A-2025-0038,70.01,Ricavi per sviluppo software su commessa,0.00,8880.00,Servizi professionali di sviluppo software e ingegneria applicativa - Rif. mese 06/2025,fattura,FATT-A-2025-0038
SCR-000152,2025-06-30,TRX-FATT-FATT-A-2025-0038,70.02,Ricavi per contratti di manutenzione evolutiva e SLA,0.00,5920.00,"Canone di assistenza continuativa, manutenzione correttiva e SLA - Rif. mese 06/2025",fattura,FATT-A-2025-0038
SCR-000153,2025-06-30,TRX-FATT-FATT-A-2025-0039,11.01,Crediti verso clienti,15128.00,0.00,Fattura emessa n. 2025/039 a MediHealth Care S.r.l.,fattura,FATT-A-2025-0039
SCR-000154,2025-06-30,TRX-FATT-FATT-A-2025-0039,20.02,Erario c/IVA a debito,0.00,2728.00,IVA a debito su fattura n. 2025/039,fattura,FATT-A-2025-0039
SCR-000155,2025-06-30,TRX-FATT-FATT-A-2025-0039,70.01,Ricavi per sviluppo software su commessa,0.00,7440.00,Servizi professionali di sviluppo software e ingegneria applicativa - Rif. mese 06/2025,fattura,FATT-A-2025-0039
SCR-000156,2025-06-30,TRX-FATT-FATT-A-2025-0039,70.02,Ricavi per contratti di manutenzione evolutiva e SLA,0.00,4960.00,"Canone di assistenza continuativa, manutenzione correttiva e SLA - Rif. mese 06/2025",fattura,FATT-A-2025-0039
SCR-000157,2025-06-30,TRX-FATT-FATT-A-2025-0040,11.01,Crediti verso clienti,12444.00,0.00,Fattura emessa n. 2025/040 a Manifattura Lombarda S.r.l.,fattura,FATT-A-2025-0040
SCR-000158,2025-06-30,TRX-FATT-FATT-A-2025-0040,20.02,Erario c/IVA a debito,0.00,2244.00,IVA a debito su fattura n. 2025/040,fattura,FATT-A-2025-0040
SCR-000159,2025-06-30,TRX-FATT-FATT-A-2025-0040,70.01,Ricavi per sviluppo software su commessa,0.00,6120.00,Servizi professionali di sviluppo software e ingegneria applicativa - Rif. mese 06/2025,fattura,FATT-A-2025-0040
SCR-000160,2025-06-30,TRX-FATT-FATT-A-2025-0040,70.02,Ricavi per contratti di manutenzione evolutiva e SLA,0.00,4080.00,"Canone di assistenza continuativa, manutenzione correttiva e SLA - Rif. mese 06/2025",fattura,FATT-A-2025-0040
SCR-000161,2025-06-30,TRX-FATT-FATT-A-2025-0041,11.01,Crediti verso clienti,10736.00,0.00,Fattura emessa n. 2025/041 a AgroTech Bio S.r.l.,fattura,FATT-A-2025-0041
SCR-000162,2025-06-30,TRX-FATT-FATT-A-2025-0041,20.02,Erario c/IVA a debito,0.00,1936.00,IVA a debito su fattura n. 2025/041,fattura,FATT-A-2025-0041
SCR-000163,2025-06-30,TRX-FATT-FATT-A-2025-0041,70.01,Ricavi per sviluppo software su commessa,0.00,5280.00,Servizi professionali di sviluppo software e ingegneria applicativa - Rif. mese 06/2025,fattura,FATT-A-2025-0041
SCR-000164,2025-06-30,TRX-FATT-FATT-A-2025-0041,70.02,Ricavi per contratti di manutenzione evolutiva e SLA,0.00,3520.00,"Canone di assistenza continuativa, manutenzione correttiva e SLA - Rif. mese 06/2025",fattura,FATT-A-2025-0041
SCR-000165,2025-06-30,TRX-FATT-FATT-A-2025-0042,11.01,Crediti verso clienti,8540.00,0.00,Fattura emessa n. 2025/042 a EdilSmart Costruzioni S.p.A.,fattura,FATT-A-2025-0042
SCR-000166,2025-06-30,TRX-FATT-FATT-A-2025-0042,20.02,Erario c/IVA a debito,0.00,1540.00,IVA a debito su fattura n. 2025/042,fattura,FATT-A-2025-0042
SCR-000167,2025-06-30,TRX-FATT-FATT-A-2025-0042,70.01,Ricavi per sviluppo software su commessa,0.00,4200.00,Servizi professionali di sviluppo software e ingegneria applicativa - Rif. mese 06/2025,fattura,FATT-A-2025-0042
SCR-000168,2025-06-30,TRX-FATT-FATT-A-2025-0042,70.02,Ricavi per contratti di manutenzione evolutiva e SLA,0.00,2800.00,"Canone di assistenza continuativa, manutenzione correttiva e SLA - Rif. mese 06/2025",fattura,FATT-A-2025-0042
SCR-000169,2025-07-31,TRX-FATT-FATT-A-2025-0043,11.01,Crediti verso clienti,34770.00,0.00,Fattura emessa n. 2025/043 a Barilli Logistica S.p.A.,fattura,FATT-A-2025-0043
SCR-000170,2025-07-31,TRX-FATT-FATT-A-2025-0043,20.02,Erario c/IVA a debito,0.00,6270.00,IVA a debito su fattura n. 2025/043,fattura,FATT-A-2025-0043
SCR-000171,2025-07-31,TRX-FATT-FATT-A-2025-0043,70.01,Ricavi per sviluppo software su commessa,0.00,17100.00,Servizi professionali di sviluppo software e ingegneria applicativa - Rif. mese 07/2025,fattura,FATT-A-2025-0043
SCR-000172,2025-07-31,TRX-FATT-FATT-A-2025-0043,70.02,Ricavi per contratti di manutenzione evolutiva e SLA,0.00,11400.00,"Canone di assistenza continuativa, manutenzione correttiva e SLA - Rif. mese 07/2025",fattura,FATT-A-2025-0043
SCR-000173,2025-07-31,TRX-FATT-FATT-A-2025-0044,11.01,Crediti verso clienti,18910.00,0.00,Fattura emessa n. 2025/044 a FinTech Solutions Italia S.r.l.,fattura,FATT-A-2025-0044
SCR-000174,2025-07-31,TRX-FATT-FATT-A-2025-0044,20.02,Erario c/IVA a debito,0.00,3410.00,IVA a debito su fattura n. 2025/044,fattura,FATT-A-2025-0044
SCR-000175,2025-07-31,TRX-FATT-FATT-A-2025-0044,70.01,Ricavi per sviluppo software su commessa,0.00,9300.00,Servizi professionali di sviluppo software e ingegneria applicativa - Rif. mese 07/2025,fattura,FATT-A-2025-0044
SCR-000176,2025-07-31,TRX-FATT-FATT-A-2025-0044,70.02,Ricavi per contratti di manutenzione evolutiva e SLA,0.00,6200.00,"Canone di assistenza continuativa, manutenzione correttiva e SLA - Rif. mese 07/2025",fattura,FATT-A-2025-0044
SCR-000177,2025-07-31,TRX-FATT-FATT-A-2025-0045,11.01,Crediti verso clienti,18300.00,0.00,Fattura emessa n. 2025/045 a RetailNext S.p.A.,fattura,FATT-A-2025-0045
SCR-000178,2025-07-31,TRX-FATT-FATT-A-2025-0045,20.02,Erario c/IVA a debito,0.00,3300.00,IVA a debito su fattura n. 2025/045,fattura,FATT-A-2025-0045
SCR-000179,2025-07-31,TRX-FATT-FATT-A-2025-0045,70.01,Ricavi per sviluppo software su commessa,0.00,9000.00,Servizi professionali di sviluppo software e ingegneria applicativa - Rif. mese 07/2025,fattura,FATT-A-2025-0045
SCR-000180,2025-07-31,TRX-FATT-FATT-A-2025-0045,70.02,Ricavi per contratti di manutenzione evolutiva e SLA,0.00,6000.00,"Canone di assistenza continuativa, manutenzione correttiva e SLA - Rif. mese 07/2025",fattura,FATT-A-2025-0045
SCR-000181,2025-07-31,TRX-FATT-FATT-A-2025-0046,11.01,Crediti verso clienti,15250.00,0.00,Fattura emessa n. 2025/046 a MediHealth Care S.r.l.,fattura,FATT-A-2025-0046
SCR-000182,2025-07-31,TRX-FATT-FATT-A-2025-0046,20.02,Erario c/IVA a debito,0.00,2750.00,IVA a debito su fattura n. 2025/046,fattura,FATT-A-2025-0046
SCR-000183,2025-07-31,TRX-FATT-FATT-A-2025-0046,70.01,Ricavi per sviluppo software su commessa,0.00,7500.00,Servizi professionali di sviluppo software e ingegneria applicativa - Rif. mese 07/2025,fattura,FATT-A-2025-0046
SCR-000184,2025-07-31,TRX-FATT-FATT-A-2025-0046,70.02,Ricavi per contratti di manutenzione evolutiva e SLA,0.00,5000.00,"Canone di assistenza continuativa, manutenzione correttiva e SLA - Rif. mese 07/2025",fattura,FATT-A-2025-0046
SCR-000185,2025-07-31,TRX-FATT-FATT-A-2025-0047,11.01,Crediti verso clienti,12810.00,0.00,Fattura emessa n. 2025/047 a Manifattura Lombarda S.r.l.,fattura,FATT-A-2025-0047
SCR-000186,2025-07-31,TRX-FATT-FATT-A-2025-0047,20.02,Erario c/IVA a debito,0.00,2310.00,IVA a debito su fattura n. 2025/047,fattura,FATT-A-2025-0047
SCR-000187,2025-07-31,TRX-FATT-FATT-A-2025-0047,70.01,Ricavi per sviluppo software su commessa,0.00,6300.00,Servizi professionali di sviluppo software e ingegneria applicativa - Rif. mese 07/2025,fattura,FATT-A-2025-0047
SCR-000188,2025-07-31,TRX-FATT-FATT-A-2025-0047,70.02,Ricavi per contratti di manutenzione evolutiva e SLA,0.00,4200.00,"Canone di assistenza continuativa, manutenzione correttiva e SLA - Rif. mese 07/2025",fattura,FATT-A-2025-0047
SCR-000189,2025-07-31,TRX-FATT-FATT-A-2025-0048,11.01,Crediti verso clienti,10736.00,0.00,Fattura emessa n. 2025/048 a AgroTech Bio S.r.l.,fattura,FATT-A-2025-0048
SCR-000190,2025-07-31,TRX-FATT-FATT-A-2025-0048,20.02,Erario c/IVA a debito,0.00,1936.00,IVA a debito su fattura n. 2025/048,fattura,FATT-A-2025-0048
SCR-000191,2025-07-31,TRX-FATT-FATT-A-2025-0048,70.01,Ricavi per sviluppo software su commessa,0.00,5280.00,Servizi professionali di sviluppo software e ingegneria applicativa - Rif. mese 07/2025,fattura,FATT-A-2025-0048
SCR-000192,2025-07-31,TRX-FATT-FATT-A-2025-0048,70.02,Ricavi per contratti di manutenzione evolutiva e SLA,0.00,3520.00,"Canone di assistenza continuativa, manutenzione correttiva e SLA - Rif. mese 07/2025",fattura,FATT-A-2025-0048
SCR-000193,2025-07-31,TRX-FATT-FATT-A-2025-0049,11.01,Crediti verso clienti,8540.00,0.00,Fattura emessa n. 2025/049 a EdilSmart Costruzioni S.p.A.,fattura,FATT-A-2025-0049
SCR-000194,2025-07-31,TRX-FATT-FATT-A-2025-0049,20.02,Erario c/IVA a debito,0.00,1540.00,IVA a debito su fattura n. 2025/049,fattura,FATT-A-2025-0049
SCR-000195,2025-07-31,TRX-FATT-FATT-A-2025-0049,70.01,Ricavi per sviluppo software su commessa,0.00,4200.00,Servizi professionali di sviluppo software e ingegneria applicativa - Rif. mese 07/2025,fattura,FATT-A-2025-0049
SCR-000196,2025-07-31,TRX-FATT-FATT-A-2025-0049,70.02,Ricavi per contratti di manutenzione evolutiva e SLA,0.00,2800.00,"Canone di assistenza continuativa, manutenzione correttiva e SLA - Rif. mese 07/2025",fattura,FATT-A-2025-0049
SCR-000197,2025-08-31,TRX-FATT-FATT-A-2025-0050,11.01,Crediti verso clienti,26840.00,0.00,Fattura emessa n. 2025/050 a Barilli Logistica S.p.A.,fattura,FATT-A-2025-0050
SCR-000198,2025-08-31,TRX-FATT-FATT-A-2025-0050,20.02,Erario c/IVA a debito,0.00,4840.00,IVA a debito su fattura n. 2025/050,fattura,FATT-A-2025-0050
SCR-000199,2025-08-31,TRX-FATT-FATT-A-2025-0050,70.01,Ricavi per sviluppo software su commessa,0.00,13200.00,Servizi professionali di sviluppo software e ingegneria applicativa - Rif. mese 08/2025,fattura,FATT-A-2025-0050
SCR-000200,2025-08-31,TRX-FATT-FATT-A-2025-0050,70.02,Ricavi per contratti di manutenzione evolutiva e SLA,0.00,8800.00,"Canone di assistenza continuativa, manutenzione correttiva e SLA - Rif. mese 08/2025",fattura,FATT-A-2025-0050
SCR-000201,2025-08-31,TRX-FATT-FATT-A-2025-0051,11.01,Crediti verso clienti,15860.00,0.00,Fattura emessa n. 2025/051 a FinTech Solutions Italia S.r.l.,fattura,FATT-A-2025-0051
SCR-000202,2025-08-31,TRX-FATT-FATT-A-2025-0051,20.02,Erario c/IVA a debito,0.00,2860.00,IVA a debito su fattura n. 2025/051,fattura,FATT-A-2025-0051
SCR-000203,2025-08-31,TRX-FATT-FATT-A-2025-0051,70.01,Ricavi per sviluppo software su commessa,0.00,7800.00,Servizi professionali di sviluppo software e ingegneria applicativa - Rif. mese 08/2025,fattura,FATT-A-2025-0051
SCR-000204,2025-08-31,TRX-FATT-FATT-A-2025-0051,70.02,Ricavi per contratti di manutenzione evolutiva e SLA,0.00,5200.00,"Canone di assistenza continuativa, manutenzione correttiva e SLA - Rif. mese 08/2025",fattura,FATT-A-2025-0051
SCR-000205,2025-08-31,TRX-FATT-FATT-A-2025-0052,11.01,Crediti verso clienti,15250.00,0.00,Fattura emessa n. 2025/052 a RetailNext S.p.A.,fattura,FATT-A-2025-0052
SCR-000206,2025-08-31,TRX-FATT-FATT-A-2025-0052,20.02,Erario c/IVA a debito,0.00,2750.00,IVA a debito su fattura n. 2025/052,fattura,FATT-A-2025-0052
SCR-000207,2025-08-31,TRX-FATT-FATT-A-2025-0052,70.01,Ricavi per sviluppo software su commessa,0.00,7500.00,Servizi professionali di sviluppo software e ingegneria applicativa - Rif. mese 08/2025,fattura,FATT-A-2025-0052
SCR-000208,2025-08-31,TRX-FATT-FATT-A-2025-0052,70.02,Ricavi per contratti di manutenzione evolutiva e SLA,0.00,5000.00,"Canone di assistenza continuativa, manutenzione correttiva e SLA - Rif. mese 08/2025",fattura,FATT-A-2025-0052
SCR-000209,2025-08-31,TRX-FATT-FATT-A-2025-0053,11.01,Crediti verso clienti,12810.00,0.00,Fattura emessa n. 2025/053 a MediHealth Care S.r.l.,fattura,FATT-A-2025-0053
SCR-000210,2025-08-31,TRX-FATT-FATT-A-2025-0053,20.02,Erario c/IVA a debito,0.00,2310.00,IVA a debito su fattura n. 2025/053,fattura,FATT-A-2025-0053
SCR-000211,2025-08-31,TRX-FATT-FATT-A-2025-0053,70.01,Ricavi per sviluppo software su commessa,0.00,6300.00,Servizi professionali di sviluppo software e ingegneria applicativa - Rif. mese 08/2025,fattura,FATT-A-2025-0053
SCR-000212,2025-08-31,TRX-FATT-FATT-A-2025-0053,70.02,Ricavi per contratti di manutenzione evolutiva e SLA,0.00,4200.00,"Canone di assistenza continuativa, manutenzione correttiva e SLA - Rif. mese 08/2025",fattura,FATT-A-2025-0053
SCR-000213,2025-08-31,TRX-FATT-FATT-A-2025-0054,11.01,Crediti verso clienti,10980.00,0.00,Fattura emessa n. 2025/054 a Manifattura Lombarda S.r.l.,fattura,FATT-A-2025-0054
SCR-000214,2025-08-31,TRX-FATT-FATT-A-2025-0054,20.02,Erario c/IVA a debito,0.00,1980.00,IVA a debito su fattura n. 2025/054,fattura,FATT-A-2025-0054
SCR-000215,2025-08-31,TRX-FATT-FATT-A-2025-0054,70.01,Ricavi per sviluppo software su commessa,0.00,5400.00,Servizi professionali di sviluppo software e ingegneria applicativa - Rif. mese 08/2025,fattura,FATT-A-2025-0054
SCR-000216,2025-08-31,TRX-FATT-FATT-A-2025-0054,70.02,Ricavi per contratti di manutenzione evolutiva e SLA,0.00,3600.00,"Canone di assistenza continuativa, manutenzione correttiva e SLA - Rif. mese 08/2025",fattura,FATT-A-2025-0054
SCR-000217,2025-08-31,TRX-FATT-FATT-A-2025-0055,11.01,Crediti verso clienti,8784.00,0.00,Fattura emessa n. 2025/055 a AgroTech Bio S.r.l.,fattura,FATT-A-2025-0055
SCR-000218,2025-08-31,TRX-FATT-FATT-A-2025-0055,20.02,Erario c/IVA a debito,0.00,1584.00,IVA a debito su fattura n. 2025/055,fattura,FATT-A-2025-0055
SCR-000219,2025-08-31,TRX-FATT-FATT-A-2025-0055,70.01,Ricavi per sviluppo software su commessa,0.00,4320.00,Servizi professionali di sviluppo software e ingegneria applicativa - Rif. mese 08/2025,fattura,FATT-A-2025-0055
SCR-000220,2025-08-31,TRX-FATT-FATT-A-2025-0055,70.02,Ricavi per contratti di manutenzione evolutiva e SLA,0.00,2880.00,"Canone di assistenza continuativa, manutenzione correttiva e SLA - Rif. mese 08/2025",fattura,FATT-A-2025-0055
SCR-000221,2025-08-31,TRX-FATT-FATT-A-2025-0056,11.01,Crediti verso clienti,7076.00,0.00,Fattura emessa n. 2025/056 a EdilSmart Costruzioni S.p.A.,fattura,FATT-A-2025-0056
SCR-000222,2025-08-31,TRX-FATT-FATT-A-2025-0056,20.02,Erario c/IVA a debito,0.00,1276.00,IVA a debito su fattura n. 2025/056,fattura,FATT-A-2025-0056
SCR-000223,2025-08-31,TRX-FATT-FATT-A-2025-0056,70.01,Ricavi per sviluppo software su commessa,0.00,3480.00,Servizi professionali di sviluppo software e ingegneria applicativa - Rif. mese 08/2025,fattura,FATT-A-2025-0056
SCR-000224,2025-08-31,TRX-FATT-FATT-A-2025-0056,70.02,Ricavi per contratti di manutenzione evolutiva e SLA,0.00,2320.00,"Canone di assistenza continuativa, manutenzione correttiva e SLA - Rif. mese 08/2025",fattura,FATT-A-2025-0056
SCR-000225,2025-09-30,TRX-FATT-FATT-A-2025-0057,11.01,Crediti verso clienti,34160.00,0.00,Fattura emessa n. 2025/057 a Barilli Logistica S.p.A.,fattura,FATT-A-2025-0057
SCR-000226,2025-09-30,TRX-FATT-FATT-A-2025-0057,20.02,Erario c/IVA a debito,0.00,6160.00,IVA a debito su fattura n. 2025/057,fattura,FATT-A-2025-0057
SCR-000227,2025-09-30,TRX-FATT-FATT-A-2025-0057,70.01,Ricavi per sviluppo software su commessa,0.00,16800.00,Servizi professionali di sviluppo software e ingegneria applicativa - Rif. mese 09/2025,fattura,FATT-A-2025-0057
SCR-000228,2025-09-30,TRX-FATT-FATT-A-2025-0057,70.02,Ricavi per contratti di manutenzione evolutiva e SLA,0.00,11200.00,"Canone di assistenza continuativa, manutenzione correttiva e SLA - Rif. mese 09/2025",fattura,FATT-A-2025-0057
SCR-000229,2025-09-30,TRX-FATT-FATT-A-2025-0058,11.01,Crediti verso clienti,17690.00,0.00,Fattura emessa n. 2025/058 a FinTech Solutions Italia S.r.l.,fattura,FATT-A-2025-0058
SCR-000230,2025-09-30,TRX-FATT-FATT-A-2025-0058,20.02,Erario c/IVA a debito,0.00,3190.00,IVA a debito su fattura n. 2025/058,fattura,FATT-A-2025-0058
SCR-000231,2025-09-30,TRX-FATT-FATT-A-2025-0058,70.01,Ricavi per sviluppo software su commessa,0.00,8700.00,Servizi professionali di sviluppo software e ingegneria applicativa - Rif. mese 09/2025,fattura,FATT-A-2025-0058
SCR-000232,2025-09-30,TRX-FATT-FATT-A-2025-0058,70.02,Ricavi per contratti di manutenzione evolutiva e SLA,0.00,5800.00,"Canone di assistenza continuativa, manutenzione correttiva e SLA - Rif. mese 09/2025",fattura,FATT-A-2025-0058
SCR-000233,2025-09-30,TRX-FATT-FATT-A-2025-0059,11.01,Crediti verso clienti,16836.00,0.00,Fattura emessa n. 2025/059 a RetailNext S.p.A.,fattura,FATT-A-2025-0059
SCR-000234,2025-09-30,TRX-FATT-FATT-A-2025-0059,20.02,Erario c/IVA a debito,0.00,3036.00,IVA a debito su fattura n. 2025/059,fattura,FATT-A-2025-0059
SCR-000235,2025-09-30,TRX-FATT-FATT-A-2025-0059,70.01,Ricavi per sviluppo software su commessa,0.00,8280.00,Servizi professionali di sviluppo software e ingegneria applicativa - Rif. mese 09/2025,fattura,FATT-A-2025-0059
SCR-000236,2025-09-30,TRX-FATT-FATT-A-2025-0059,70.02,Ricavi per contratti di manutenzione evolutiva e SLA,0.00,5520.00,"Canone di assistenza continuativa, manutenzione correttiva e SLA - Rif. mese 09/2025",fattura,FATT-A-2025-0059
SCR-000237,2025-09-30,TRX-FATT-FATT-A-2025-0060,11.01,Crediti verso clienti,14396.00,0.00,Fattura emessa n. 2025/060 a MediHealth Care S.r.l.,fattura,FATT-A-2025-0060
SCR-000238,2025-09-30,TRX-FATT-FATT-A-2025-0060,20.02,Erario c/IVA a debito,0.00,2596.00,IVA a debito su fattura n. 2025/060,fattura,FATT-A-2025-0060
SCR-000239,2025-09-30,TRX-FATT-FATT-A-2025-0060,70.01,Ricavi per sviluppo software su commessa,0.00,7080.00,Servizi professionali di sviluppo software e ingegneria applicativa - Rif. mese 09/2025,fattura,FATT-A-2025-0060
SCR-000240,2025-09-30,TRX-FATT-FATT-A-2025-0060,70.02,Ricavi per contratti di manutenzione evolutiva e SLA,0.00,4720.00,"Canone di assistenza continuativa, manutenzione correttiva e SLA - Rif. mese 09/2025",fattura,FATT-A-2025-0060
SCR-000241,2025-09-30,TRX-FATT-FATT-A-2025-0061,11.01,Crediti verso clienti,11956.00,0.00,Fattura emessa n. 2025/061 a Manifattura Lombarda S.r.l.,fattura,FATT-A-2025-0061
SCR-000242,2025-09-30,TRX-FATT-FATT-A-2025-0061,20.02,Erario c/IVA a debito,0.00,2156.00,IVA a debito su fattura n. 2025/061,fattura,FATT-A-2025-0061
SCR-000243,2025-09-30,TRX-FATT-FATT-A-2025-0061,70.01,Ricavi per sviluppo software su commessa,0.00,5880.00,Servizi professionali di sviluppo software e ingegneria applicativa - Rif. mese 09/2025,fattura,FATT-A-2025-0061
SCR-000244,2025-09-30,TRX-FATT-FATT-A-2025-0061,70.02,Ricavi per contratti di manutenzione evolutiva e SLA,0.00,3920.00,"Canone di assistenza continuativa, manutenzione correttiva e SLA - Rif. mese 09/2025",fattura,FATT-A-2025-0061
SCR-000245,2025-09-30,TRX-FATT-FATT-A-2025-0062,11.01,Crediti verso clienti,9760.00,0.00,Fattura emessa n. 2025/062 a AgroTech Bio S.r.l.,fattura,FATT-A-2025-0062
SCR-000246,2025-09-30,TRX-FATT-FATT-A-2025-0062,20.02,Erario c/IVA a debito,0.00,1760.00,IVA a debito su fattura n. 2025/062,fattura,FATT-A-2025-0062
SCR-000247,2025-09-30,TRX-FATT-FATT-A-2025-0062,70.01,Ricavi per sviluppo software su commessa,0.00,4800.00,Servizi professionali di sviluppo software e ingegneria applicativa - Rif. mese 09/2025,fattura,FATT-A-2025-0062
SCR-000248,2025-09-30,TRX-FATT-FATT-A-2025-0062,70.02,Ricavi per contratti di manutenzione evolutiva e SLA,0.00,3200.00,"Canone di assistenza continuativa, manutenzione correttiva e SLA - Rif. mese 09/2025",fattura,FATT-A-2025-0062
SCR-000249,2025-09-30,TRX-FATT-FATT-A-2025-0063,11.01,Crediti verso clienti,8052.00,0.00,Fattura emessa n. 2025/063 a EdilSmart Costruzioni S.p.A.,fattura,FATT-A-2025-0063
SCR-000250,2025-09-30,TRX-FATT-FATT-A-2025-0063,20.02,Erario c/IVA a debito,0.00,1452.00,IVA a debito su fattura n. 2025/063,fattura,FATT-A-2025-0063
SCR-000251,2025-09-30,TRX-FATT-FATT-A-2025-0063,70.01,Ricavi per sviluppo software su commessa,0.00,3960.00,Servizi professionali di sviluppo software e ingegneria applicativa - Rif. mese 09/2025,fattura,FATT-A-2025-0063
SCR-000252,2025-09-30,TRX-FATT-FATT-A-2025-0063,70.02,Ricavi per contratti di manutenzione evolutiva e SLA,0.00,2640.00,"Canone di assistenza continuativa, manutenzione correttiva e SLA - Rif. mese 09/2025",fattura,FATT-A-2025-0063
SCR-000253,2025-10-31,TRX-FATT-FATT-A-2025-0064,11.01,Crediti verso clienti,14640.00,0.00,Fattura emessa n. 2025/064 a Barilli Logistica S.p.A.,fattura,FATT-A-2025-0064
SCR-000254,2025-10-31,TRX-FATT-FATT-A-2025-0064,20.02,Erario c/IVA a debito,0.00,2640.00,IVA a debito su fattura n. 2025/064,fattura,FATT-A-2025-0064
SCR-000255,2025-10-31,TRX-FATT-FATT-A-2025-0064,70.01,Ricavi per sviluppo software su commessa,0.00,7200.00,Servizi professionali di sviluppo software e ingegneria applicativa - Rif. mese 10/2025,fattura,FATT-A-2025-0064
SCR-000256,2025-10-31,TRX-FATT-FATT-A-2025-0064,70.02,Ricavi per contratti di manutenzione evolutiva e SLA,0.00,4800.00,"Canone di assistenza continuativa, manutenzione correttiva e SLA - Rif. mese 10/2025",fattura,FATT-A-2025-0064
SCR-000257,2025-10-31,TRX-FATT-FATT-A-2025-0065,11.01,Crediti verso clienti,17690.00,0.00,Fattura emessa n. 2025/065 a FinTech Solutions Italia S.r.l.,fattura,FATT-A-2025-0065
SCR-000258,2025-10-31,TRX-FATT-FATT-A-2025-0065,20.02,Erario c/IVA a debito,0.00,3190.00,IVA a debito su fattura n. 2025/065,fattura,FATT-A-2025-0065
SCR-000259,2025-10-31,TRX-FATT-FATT-A-2025-0065,70.01,Ricavi per sviluppo software su commessa,0.00,8700.00,Servizi professionali di sviluppo software e ingegneria applicativa - Rif. mese 10/2025,fattura,FATT-A-2025-0065
SCR-000260,2025-10-31,TRX-FATT-FATT-A-2025-0065,70.02,Ricavi per contratti di manutenzione evolutiva e SLA,0.00,5800.00,"Canone di assistenza continuativa, manutenzione correttiva e SLA - Rif. mese 10/2025",fattura,FATT-A-2025-0065
SCR-000261,2025-10-31,TRX-FATT-FATT-A-2025-0066,11.01,Crediti verso clienti,16470.00,0.00,Fattura emessa n. 2025/066 a RetailNext S.p.A.,fattura,FATT-A-2025-0066
SCR-000262,2025-10-31,TRX-FATT-FATT-A-2025-0066,20.02,Erario c/IVA a debito,0.00,2970.00,IVA a debito su fattura n. 2025/066,fattura,FATT-A-2025-0066
SCR-000263,2025-10-31,TRX-FATT-FATT-A-2025-0066,70.01,Ricavi per sviluppo software su commessa,0.00,8100.00,Servizi professionali di sviluppo software e ingegneria applicativa - Rif. mese 10/2025,fattura,FATT-A-2025-0066
SCR-000264,2025-10-31,TRX-FATT-FATT-A-2025-0066,70.02,Ricavi per contratti di manutenzione evolutiva e SLA,0.00,5400.00,"Canone di assistenza continuativa, manutenzione correttiva e SLA - Rif. mese 10/2025",fattura,FATT-A-2025-0066
SCR-000265,2025-10-31,TRX-FATT-FATT-A-2025-0067,11.01,Crediti verso clienti,14030.00,0.00,Fattura emessa n. 2025/067 a MediHealth Care S.r.l.,fattura,FATT-A-2025-0067
SCR-000266,2025-10-31,TRX-FATT-FATT-A-2025-0067,20.02,Erario c/IVA a debito,0.00,2530.00,IVA a debito su fattura n. 2025/067,fattura,FATT-A-2025-0067
SCR-000267,2025-10-31,TRX-FATT-FATT-A-2025-0067,70.01,Ricavi per sviluppo software su commessa,0.00,6900.00,Servizi professionali di sviluppo software e ingegneria applicativa - Rif. mese 10/2025,fattura,FATT-A-2025-0067
SCR-000268,2025-10-31,TRX-FATT-FATT-A-2025-0067,70.02,Ricavi per contratti di manutenzione evolutiva e SLA,0.00,4600.00,"Canone di assistenza continuativa, manutenzione correttiva e SLA - Rif. mese 10/2025",fattura,FATT-A-2025-0067
SCR-000269,2025-10-31,TRX-FATT-FATT-A-2025-0068,11.01,Crediti verso clienti,11590.00,0.00,Fattura emessa n. 2025/068 a Manifattura Lombarda S.r.l.,fattura,FATT-A-2025-0068
SCR-000270,2025-10-31,TRX-FATT-FATT-A-2025-0068,20.02,Erario c/IVA a debito,0.00,2090.00,IVA a debito su fattura n. 2025/068,fattura,FATT-A-2025-0068
SCR-000271,2025-10-31,TRX-FATT-FATT-A-2025-0068,70.01,Ricavi per sviluppo software su commessa,0.00,5700.00,Servizi professionali di sviluppo software e ingegneria applicativa - Rif. mese 10/2025,fattura,FATT-A-2025-0068
SCR-000272,2025-10-31,TRX-FATT-FATT-A-2025-0068,70.02,Ricavi per contratti di manutenzione evolutiva e SLA,0.00,3800.00,"Canone di assistenza continuativa, manutenzione correttiva e SLA - Rif. mese 10/2025",fattura,FATT-A-2025-0068
SCR-000273,2025-10-31,TRX-FATT-FATT-A-2025-0069,11.01,Crediti verso clienti,9516.00,0.00,Fattura emessa n. 2025/069 a AgroTech Bio S.r.l.,fattura,FATT-A-2025-0069
SCR-000274,2025-10-31,TRX-FATT-FATT-A-2025-0069,20.02,Erario c/IVA a debito,0.00,1716.00,IVA a debito su fattura n. 2025/069,fattura,FATT-A-2025-0069
SCR-000275,2025-10-31,TRX-FATT-FATT-A-2025-0069,70.01,Ricavi per sviluppo software su commessa,0.00,4680.00,Servizi professionali di sviluppo software e ingegneria applicativa - Rif. mese 10/2025,fattura,FATT-A-2025-0069
SCR-000276,2025-10-31,TRX-FATT-FATT-A-2025-0069,70.02,Ricavi per contratti di manutenzione evolutiva e SLA,0.00,3120.00,"Canone di assistenza continuativa, manutenzione correttiva e SLA - Rif. mese 10/2025",fattura,FATT-A-2025-0069
SCR-000277,2025-10-31,TRX-FATT-FATT-A-2025-0070,11.01,Crediti verso clienti,7930.00,0.00,Fattura emessa n. 2025/070 a EdilSmart Costruzioni S.p.A.,fattura,FATT-A-2025-0070
SCR-000278,2025-10-31,TRX-FATT-FATT-A-2025-0070,20.02,Erario c/IVA a debito,0.00,1430.00,IVA a debito su fattura n. 2025/070,fattura,FATT-A-2025-0070
SCR-000279,2025-10-31,TRX-FATT-FATT-A-2025-0070,70.01,Ricavi per sviluppo software su commessa,0.00,3900.00,Servizi professionali di sviluppo software e ingegneria applicativa - Rif. mese 10/2025,fattura,FATT-A-2025-0070
SCR-000280,2025-10-31,TRX-FATT-FATT-A-2025-0070,70.02,Ricavi per contratti di manutenzione evolutiva e SLA,0.00,2600.00,"Canone di assistenza continuativa, manutenzione correttiva e SLA - Rif. mese 10/2025",fattura,FATT-A-2025-0070
SCR-000281,2025-11-30,TRX-FATT-FATT-A-2025-0071,11.01,Crediti verso clienti,14640.00,0.00,Fattura emessa n. 2025/071 a Barilli Logistica S.p.A.,fattura,FATT-A-2025-0071
SCR-000282,2025-11-30,TRX-FATT-FATT-A-2025-0071,20.02,Erario c/IVA a debito,0.00,2640.00,IVA a debito su fattura n. 2025/071,fattura,FATT-A-2025-0071
SCR-000283,2025-11-30,TRX-FATT-FATT-A-2025-0071,70.01,Ricavi per sviluppo software su commessa,0.00,7200.00,Servizi professionali di sviluppo software e ingegneria applicativa - Rif. mese 11/2025,fattura,FATT-A-2025-0071
SCR-000284,2025-11-30,TRX-FATT-FATT-A-2025-0071,70.02,Ricavi per contratti di manutenzione evolutiva e SLA,0.00,4800.00,"Canone di assistenza continuativa, manutenzione correttiva e SLA - Rif. mese 11/2025",fattura,FATT-A-2025-0071
SCR-000285,2025-11-30,TRX-FATT-FATT-A-2025-0072,11.01,Crediti verso clienti,17080.00,0.00,Fattura emessa n. 2025/072 a FinTech Solutions Italia S.r.l.,fattura,FATT-A-2025-0072
SCR-000286,2025-11-30,TRX-FATT-FATT-A-2025-0072,20.02,Erario c/IVA a debito,0.00,3080.00,IVA a debito su fattura n. 2025/072,fattura,FATT-A-2025-0072
SCR-000287,2025-11-30,TRX-FATT-FATT-A-2025-0072,70.01,Ricavi per sviluppo software su commessa,0.00,8400.00,Servizi professionali di sviluppo software e ingegneria applicativa - Rif. mese 11/2025,fattura,FATT-A-2025-0072
SCR-000288,2025-11-30,TRX-FATT-FATT-A-2025-0072,70.02,Ricavi per contratti di manutenzione evolutiva e SLA,0.00,5600.00,"Canone di assistenza continuativa, manutenzione correttiva e SLA - Rif. mese 11/2025",fattura,FATT-A-2025-0072
SCR-000289,2025-11-30,TRX-FATT-FATT-A-2025-0073,11.01,Crediti verso clienti,16104.00,0.00,Fattura emessa n. 2025/073 a RetailNext S.p.A.,fattura,FATT-A-2025-0073
SCR-000290,2025-11-30,TRX-FATT-FATT-A-2025-0073,20.02,Erario c/IVA a debito,0.00,2904.00,IVA a debito su fattura n. 2025/073,fattura,FATT-A-2025-0073
SCR-000291,2025-11-30,TRX-FATT-FATT-A-2025-0073,70.01,Ricavi per sviluppo software su commessa,0.00,7920.00,Servizi professionali di sviluppo software e ingegneria applicativa - Rif. mese 11/2025,fattura,FATT-A-2025-0073
SCR-000292,2025-11-30,TRX-FATT-FATT-A-2025-0073,70.02,Ricavi per contratti di manutenzione evolutiva e SLA,0.00,5280.00,"Canone di assistenza continuativa, manutenzione correttiva e SLA - Rif. mese 11/2025",fattura,FATT-A-2025-0073
SCR-000293,2025-11-30,TRX-FATT-FATT-A-2025-0074,11.01,Crediti verso clienti,13664.00,0.00,Fattura emessa n. 2025/074 a MediHealth Care S.r.l.,fattura,FATT-A-2025-0074
SCR-000294,2025-11-30,TRX-FATT-FATT-A-2025-0074,20.02,Erario c/IVA a debito,0.00,2464.00,IVA a debito su fattura n. 2025/074,fattura,FATT-A-2025-0074
SCR-000295,2025-11-30,TRX-FATT-FATT-A-2025-0074,70.01,Ricavi per sviluppo software su commessa,0.00,6720.00,Servizi professionali di sviluppo software e ingegneria applicativa - Rif. mese 11/2025,fattura,FATT-A-2025-0074
SCR-000296,2025-11-30,TRX-FATT-FATT-A-2025-0074,70.02,Ricavi per contratti di manutenzione evolutiva e SLA,0.00,4480.00,"Canone di assistenza continuativa, manutenzione correttiva e SLA - Rif. mese 11/2025",fattura,FATT-A-2025-0074
SCR-000297,2025-11-30,TRX-FATT-FATT-A-2025-0075,11.01,Crediti verso clienti,11590.00,0.00,Fattura emessa n. 2025/075 a Manifattura Lombarda S.r.l.,fattura,FATT-A-2025-0075
SCR-000298,2025-11-30,TRX-FATT-FATT-A-2025-0075,20.02,Erario c/IVA a debito,0.00,2090.00,IVA a debito su fattura n. 2025/075,fattura,FATT-A-2025-0075
SCR-000299,2025-11-30,TRX-FATT-FATT-A-2025-0075,70.01,Ricavi per sviluppo software su commessa,0.00,5700.00,Servizi professionali di sviluppo software e ingegneria applicativa - Rif. mese 11/2025,fattura,FATT-A-2025-0075
SCR-000300,2025-11-30,TRX-FATT-FATT-A-2025-0075,70.02,Ricavi per contratti di manutenzione evolutiva e SLA,0.00,3800.00,"Canone di assistenza continuativa, manutenzione correttiva e SLA - Rif. mese 11/2025",fattura,FATT-A-2025-0075
SCR-000301,2025-11-30,TRX-FATT-FATT-A-2025-0076,11.01,Crediti verso clienti,9272.00,0.00,Fattura emessa n. 2025/076 a AgroTech Bio S.r.l.,fattura,FATT-A-2025-0076
SCR-000302,2025-11-30,TRX-FATT-FATT-A-2025-0076,20.02,Erario c/IVA a debito,0.00,1672.00,IVA a debito su fattura n. 2025/076,fattura,FATT-A-2025-0076
SCR-000303,2025-11-30,TRX-FATT-FATT-A-2025-0076,70.01,Ricavi per sviluppo software su commessa,0.00,4560.00,Servizi professionali di sviluppo software e ingegneria applicativa - Rif. mese 11/2025,fattura,FATT-A-2025-0076
SCR-000304,2025-11-30,TRX-FATT-FATT-A-2025-0076,70.02,Ricavi per contratti di manutenzione evolutiva e SLA,0.00,3040.00,"Canone di assistenza continuativa, manutenzione correttiva e SLA - Rif. mese 11/2025",fattura,FATT-A-2025-0076
SCR-000305,2025-11-30,TRX-FATT-FATT-A-2025-0077,11.01,Crediti verso clienti,7930.00,0.00,Fattura emessa n. 2025/077 a EdilSmart Costruzioni S.p.A.,fattura,FATT-A-2025-0077
SCR-000306,2025-11-30,TRX-FATT-FATT-A-2025-0077,20.02,Erario c/IVA a debito,0.00,1430.00,IVA a debito su fattura n. 2025/077,fattura,FATT-A-2025-0077
SCR-000307,2025-11-30,TRX-FATT-FATT-A-2025-0077,70.01,Ricavi per sviluppo software su commessa,0.00,3900.00,Servizi professionali di sviluppo software e ingegneria applicativa - Rif. mese 11/2025,fattura,FATT-A-2025-0077
SCR-000308,2025-11-30,TRX-FATT-FATT-A-2025-0077,70.02,Ricavi per contratti di manutenzione evolutiva e SLA,0.00,2600.00,"Canone di assistenza continuativa, manutenzione correttiva e SLA - Rif. mese 11/2025",fattura,FATT-A-2025-0077
SCR-000309,2025-12-31,TRX-FATT-FATT-A-2025-0078,11.01,Crediti verso clienti,14640.00,0.00,Fattura emessa n. 2025/078 a Barilli Logistica S.p.A.,fattura,FATT-A-2025-0078
SCR-000310,2025-12-31,TRX-FATT-FATT-A-2025-0078,20.02,Erario c/IVA a debito,0.00,2640.00,IVA a debito su fattura n. 2025/078,fattura,FATT-A-2025-0078
SCR-000311,2025-12-31,TRX-FATT-FATT-A-2025-0078,70.01,Ricavi per sviluppo software su commessa,0.00,7200.00,Servizi professionali di sviluppo software e ingegneria applicativa - Rif. mese 12/2025,fattura,FATT-A-2025-0078
SCR-000312,2025-12-31,TRX-FATT-FATT-A-2025-0078,70.02,Ricavi per contratti di manutenzione evolutiva e SLA,0.00,4800.00,"Canone di assistenza continuativa, manutenzione correttiva e SLA - Rif. mese 12/2025",fattura,FATT-A-2025-0078
SCR-000313,2025-12-31,TRX-FATT-FATT-A-2025-0079,11.01,Crediti verso clienti,18056.00,0.00,Fattura emessa n. 2025/079 a FinTech Solutions Italia S.r.l.,fattura,FATT-A-2025-0079
SCR-000314,2025-12-31,TRX-FATT-FATT-A-2025-0079,20.02,Erario c/IVA a debito,0.00,3256.00,IVA a debito su fattura n. 2025/079,fattura,FATT-A-2025-0079
SCR-000315,2025-12-31,TRX-FATT-FATT-A-2025-0079,70.01,Ricavi per sviluppo software su commessa,0.00,8880.00,Servizi professionali di sviluppo software e ingegneria applicativa - Rif. mese 12/2025,fattura,FATT-A-2025-0079
SCR-000316,2025-12-31,TRX-FATT-FATT-A-2025-0079,70.02,Ricavi per contratti di manutenzione evolutiva e SLA,0.00,5920.00,"Canone di assistenza continuativa, manutenzione correttiva e SLA - Rif. mese 12/2025",fattura,FATT-A-2025-0079
SCR-000317,2025-12-31,TRX-FATT-FATT-A-2025-0080,11.01,Crediti verso clienti,16836.00,0.00,Fattura emessa n. 2025/080 a RetailNext S.p.A.,fattura,FATT-A-2025-0080
SCR-000318,2025-12-31,TRX-FATT-FATT-A-2025-0080,20.02,Erario c/IVA a debito,0.00,3036.00,IVA a debito su fattura n. 2025/080,fattura,FATT-A-2025-0080
SCR-000319,2025-12-31,TRX-FATT-FATT-A-2025-0080,70.01,Ricavi per sviluppo software su commessa,0.00,8280.00,Servizi professionali di sviluppo software e ingegneria applicativa - Rif. mese 12/2025,fattura,FATT-A-2025-0080
SCR-000320,2025-12-31,TRX-FATT-FATT-A-2025-0080,70.02,Ricavi per contratti di manutenzione evolutiva e SLA,0.00,5520.00,"Canone di assistenza continuativa, manutenzione correttiva e SLA - Rif. mese 12/2025",fattura,FATT-A-2025-0080
SCR-000321,2025-12-31,TRX-FATT-FATT-A-2025-0081,11.01,Crediti verso clienti,14640.00,0.00,Fattura emessa n. 2025/081 a MediHealth Care S.r.l.,fattura,FATT-A-2025-0081
SCR-000322,2025-12-31,TRX-FATT-FATT-A-2025-0081,20.02,Erario c/IVA a debito,0.00,2640.00,IVA a debito su fattura n. 2025/081,fattura,FATT-A-2025-0081
SCR-000323,2025-12-31,TRX-FATT-FATT-A-2025-0081,70.01,Ricavi per sviluppo software su commessa,0.00,7200.00,Servizi professionali di sviluppo software e ingegneria applicativa - Rif. mese 12/2025,fattura,FATT-A-2025-0081
SCR-000324,2025-12-31,TRX-FATT-FATT-A-2025-0081,70.02,Ricavi per contratti di manutenzione evolutiva e SLA,0.00,4800.00,"Canone di assistenza continuativa, manutenzione correttiva e SLA - Rif. mese 12/2025",fattura,FATT-A-2025-0081
SCR-000325,2025-12-31,TRX-FATT-FATT-A-2025-0082,11.01,Crediti verso clienti,11956.00,0.00,Fattura emessa n. 2025/082 a Manifattura Lombarda S.r.l.,fattura,FATT-A-2025-0082
SCR-000326,2025-12-31,TRX-FATT-FATT-A-2025-0082,20.02,Erario c/IVA a debito,0.00,2156.00,IVA a debito su fattura n. 2025/082,fattura,FATT-A-2025-0082
SCR-000327,2025-12-31,TRX-FATT-FATT-A-2025-0082,70.01,Ricavi per sviluppo software su commessa,0.00,5880.00,Servizi professionali di sviluppo software e ingegneria applicativa - Rif. mese 12/2025,fattura,FATT-A-2025-0082
SCR-000328,2025-12-31,TRX-FATT-FATT-A-2025-0082,70.02,Ricavi per contratti di manutenzione evolutiva e SLA,0.00,3920.00,"Canone di assistenza continuativa, manutenzione correttiva e SLA - Rif. mese 12/2025",fattura,FATT-A-2025-0082
SCR-000329,2025-12-31,TRX-FATT-FATT-A-2025-0083,11.01,Crediti verso clienti,9760.00,0.00,Fattura emessa n. 2025/083 a AgroTech Bio S.r.l.,fattura,FATT-A-2025-0083
SCR-000330,2025-12-31,TRX-FATT-FATT-A-2025-0083,20.02,Erario c/IVA a debito,0.00,1760.00,IVA a debito su fattura n. 2025/083,fattura,FATT-A-2025-0083
SCR-000331,2025-12-31,TRX-FATT-FATT-A-2025-0083,70.01,Ricavi per sviluppo software su commessa,0.00,4800.00,Servizi professionali di sviluppo software e ingegneria applicativa - Rif. mese 12/2025,fattura,FATT-A-2025-0083
SCR-000332,2025-12-31,TRX-FATT-FATT-A-2025-0083,70.02,Ricavi per contratti di manutenzione evolutiva e SLA,0.00,3200.00,"Canone di assistenza continuativa, manutenzione correttiva e SLA - Rif. mese 12/2025",fattura,FATT-A-2025-0083
SCR-000333,2025-12-31,TRX-FATT-FATT-A-2025-0084,11.01,Crediti verso clienti,8296.00,0.00,Fattura emessa n. 2025/084 a EdilSmart Costruzioni S.p.A.,fattura,FATT-A-2025-0084
SCR-000334,2025-12-31,TRX-FATT-FATT-A-2025-0084,20.02,Erario c/IVA a debito,0.00,1496.00,IVA a debito su fattura n. 2025/084,fattura,FATT-A-2025-0084
SCR-000335,2025-12-31,TRX-FATT-FATT-A-2025-0084,70.01,Ricavi per sviluppo software su commessa,0.00,4080.00,Servizi professionali di sviluppo software e ingegneria applicativa - Rif. mese 12/2025,fattura,FATT-A-2025-0084
SCR-000336,2025-12-31,TRX-FATT-FATT-A-2025-0084,70.02,Ricavi per contratti di manutenzione evolutiva e SLA,0.00,2720.00,"Canone di assistenza continuativa, manutenzione correttiva e SLA - Rif. mese 12/2025",fattura,FATT-A-2025-0084
SCR-000337,2025-01-05,TRX-FATT-FATT-P-2025-0001,20.01,Debiti verso fornitori,0.00,4880.00,Fattura ricevuta da Nimbus Software S.r.l. doc. NMB-2025-001,fattura,FATT-P-2025-0001
SCR-000338,2025-01-05,TRX-FATT-FATT-P-2025-0001,11.02,Erario c/IVA a credito,880.00,0.00,IVA a credito su doc. NMB-2025-001,fattura,FATT-P-2025-0001
SCR-000339,2025-01-05,TRX-FATT-FATT-P-2025-0001,61.02,"Canoni software, SaaS e licenze sviluppo",4000.00,0.00,Canone mensile piattaforma Nimbus DevOps & CI/CD Cloud Suite - Periodo 01/2025,fattura,FATT-P-2025-0001
SCR-000340,2025-02-05,TRX-FATT-FATT-P-2025-0002,20.01,Debiti verso fornitori,0.00,4880.00,Fattura ricevuta da Nimbus Software S.r.l. doc. NMB-2025-002,fattura,FATT-P-2025-0002
SCR-000341,2025-02-05,TRX-FATT-FATT-P-2025-0002,11.02,Erario c/IVA a credito,880.00,0.00,IVA a credito su doc. NMB-2025-002,fattura,FATT-P-2025-0002
SCR-000342,2025-02-05,TRX-FATT-FATT-P-2025-0002,61.02,"Canoni software, SaaS e licenze sviluppo",4000.00,0.00,Canone mensile piattaforma Nimbus DevOps & CI/CD Cloud Suite - Periodo 02/2025,fattura,FATT-P-2025-0002
SCR-000343,2025-03-05,TRX-FATT-FATT-P-2025-0003,20.01,Debiti verso fornitori,0.00,4880.00,Fattura ricevuta da Nimbus Software S.r.l. doc. NMB-2025-003,fattura,FATT-P-2025-0003
SCR-000344,2025-03-05,TRX-FATT-FATT-P-2025-0003,11.02,Erario c/IVA a credito,880.00,0.00,IVA a credito su doc. NMB-2025-003,fattura,FATT-P-2025-0003
SCR-000345,2025-03-05,TRX-FATT-FATT-P-2025-0003,61.02,"Canoni software, SaaS e licenze sviluppo",4000.00,0.00,Canone mensile piattaforma Nimbus DevOps & CI/CD Cloud Suite - Periodo 03/2025,fattura,FATT-P-2025-0003
SCR-000346,2025-04-05,TRX-FATT-FATT-P-2025-0004,20.01,Debiti verso fornitori,0.00,4880.00,Fattura ricevuta da Nimbus Software S.r.l. doc. NMB-2025-004,fattura,FATT-P-2025-0004
SCR-000347,2025-04-05,TRX-FATT-FATT-P-2025-0004,11.02,Erario c/IVA a credito,880.00,0.00,IVA a credito su doc. NMB-2025-004,fattura,FATT-P-2025-0004
SCR-000348,2025-04-05,TRX-FATT-FATT-P-2025-0004,61.02,"Canoni software, SaaS e licenze sviluppo",4000.00,0.00,Canone mensile piattaforma Nimbus DevOps & CI/CD Cloud Suite - Periodo 04/2025,fattura,FATT-P-2025-0004
SCR-000349,2025-05-05,TRX-FATT-FATT-P-2025-0005,20.01,Debiti verso fornitori,0.00,4880.00,Fattura ricevuta da Nimbus Software S.r.l. doc. NMB-2025-005,fattura,FATT-P-2025-0005
SCR-000350,2025-05-05,TRX-FATT-FATT-P-2025-0005,11.02,Erario c/IVA a credito,880.00,0.00,IVA a credito su doc. NMB-2025-005,fattura,FATT-P-2025-0005
SCR-000351,2025-05-05,TRX-FATT-FATT-P-2025-0005,61.02,"Canoni software, SaaS e licenze sviluppo",4000.00,0.00,Canone mensile piattaforma Nimbus DevOps & CI/CD Cloud Suite - Periodo 05/2025,fattura,FATT-P-2025-0005
SCR-000352,2025-06-05,TRX-FATT-FATT-P-2025-0006,20.01,Debiti verso fornitori,0.00,4880.00,Fattura ricevuta da Nimbus Software S.r.l. doc. NMB-2025-006,fattura,FATT-P-2025-0006
SCR-000353,2025-06-05,TRX-FATT-FATT-P-2025-0006,11.02,Erario c/IVA a credito,880.00,0.00,IVA a credito su doc. NMB-2025-006,fattura,FATT-P-2025-0006
SCR-000354,2025-06-05,TRX-FATT-FATT-P-2025-0006,61.02,"Canoni software, SaaS e licenze sviluppo",4000.00,0.00,Canone mensile piattaforma Nimbus DevOps & CI/CD Cloud Suite - Periodo 06/2025,fattura,FATT-P-2025-0006
SCR-000355,2025-07-05,TRX-FATT-FATT-P-2025-0007,20.01,Debiti verso fornitori,0.00,4880.00,Fattura ricevuta da Nimbus Software S.r.l. doc. NMB-2025-007,fattura,FATT-P-2025-0007
SCR-000356,2025-07-05,TRX-FATT-FATT-P-2025-0007,11.02,Erario c/IVA a credito,880.00,0.00,IVA a credito su doc. NMB-2025-007,fattura,FATT-P-2025-0007
SCR-000357,2025-07-05,TRX-FATT-FATT-P-2025-0007,61.02,"Canoni software, SaaS e licenze sviluppo",4000.00,0.00,Canone mensile piattaforma Nimbus DevOps & CI/CD Cloud Suite - Periodo 07/2025,fattura,FATT-P-2025-0007
SCR-000358,2025-08-05,TRX-FATT-FATT-P-2025-0008,20.01,Debiti verso fornitori,0.00,6539.20,Fattura ricevuta da Nimbus Software S.r.l. doc. NMB-2025-008,fattura,FATT-P-2025-0008
SCR-000359,2025-08-05,TRX-FATT-FATT-P-2025-0008,11.02,Erario c/IVA a credito,1179.20,0.00,IVA a credito su doc. NMB-2025-008,fattura,FATT-P-2025-0008
SCR-000360,2025-08-05,TRX-FATT-FATT-P-2025-0008,61.02,"Canoni software, SaaS e licenze sviluppo",5360.00,0.00,Canone mensile piattaforma Nimbus DevOps & CI/CD Cloud Suite - Periodo 08/2025,fattura,FATT-P-2025-0008
SCR-000361,2025-09-05,TRX-FATT-FATT-P-2025-0009,20.01,Debiti verso fornitori,0.00,6539.20,Fattura ricevuta da Nimbus Software S.r.l. doc. NMB-2025-009,fattura,FATT-P-2025-0009
SCR-000362,2025-09-05,TRX-FATT-FATT-P-2025-0009,11.02,Erario c/IVA a credito,1179.20,0.00,IVA a credito su doc. NMB-2025-009,fattura,FATT-P-2025-0009
SCR-000363,2025-09-05,TRX-FATT-FATT-P-2025-0009,61.02,"Canoni software, SaaS e licenze sviluppo",5360.00,0.00,Canone mensile piattaforma Nimbus DevOps & CI/CD Cloud Suite - Periodo 09/2025,fattura,FATT-P-2025-0009
SCR-000364,2025-10-05,TRX-FATT-FATT-P-2025-0010,20.01,Debiti verso fornitori,0.00,6539.20,Fattura ricevuta da Nimbus Software S.r.l. doc. NMB-2025-010,fattura,FATT-P-2025-0010
SCR-000365,2025-10-05,TRX-FATT-FATT-P-2025-0010,11.02,Erario c/IVA a credito,1179.20,0.00,IVA a credito su doc. NMB-2025-010,fattura,FATT-P-2025-0010
SCR-000366,2025-10-05,TRX-FATT-FATT-P-2025-0010,61.02,"Canoni software, SaaS e licenze sviluppo",5360.00,0.00,Canone mensile piattaforma Nimbus DevOps & CI/CD Cloud Suite - Periodo 10/2025,fattura,FATT-P-2025-0010
SCR-000367,2025-11-05,TRX-FATT-FATT-P-2025-0011,20.01,Debiti verso fornitori,0.00,6539.20,Fattura ricevuta da Nimbus Software S.r.l. doc. NMB-2025-011,fattura,FATT-P-2025-0011
SCR-000368,2025-11-05,TRX-FATT-FATT-P-2025-0011,11.02,Erario c/IVA a credito,1179.20,0.00,IVA a credito su doc. NMB-2025-011,fattura,FATT-P-2025-0011
SCR-000369,2025-11-05,TRX-FATT-FATT-P-2025-0011,61.02,"Canoni software, SaaS e licenze sviluppo",5360.00,0.00,Canone mensile piattaforma Nimbus DevOps & CI/CD Cloud Suite - Periodo 11/2025,fattura,FATT-P-2025-0011
SCR-000370,2025-12-05,TRX-FATT-FATT-P-2025-0012,20.01,Debiti verso fornitori,0.00,6539.20,Fattura ricevuta da Nimbus Software S.r.l. doc. NMB-2025-012,fattura,FATT-P-2025-0012
SCR-000371,2025-12-05,TRX-FATT-FATT-P-2025-0012,11.02,Erario c/IVA a credito,1179.20,0.00,IVA a credito su doc. NMB-2025-012,fattura,FATT-P-2025-0012
SCR-000372,2025-12-05,TRX-FATT-FATT-P-2025-0012,61.02,"Canoni software, SaaS e licenze sviluppo",5360.00,0.00,Canone mensile piattaforma Nimbus DevOps & CI/CD Cloud Suite - Periodo 12/2025,fattura,FATT-P-2025-0012
SCR-000373,2025-01-02,TRX-FATT-FATT-P-2025-0013,20.01,Debiti verso fornitori,0.00,2586.40,Fattura ricevuta da Altocumulo Cloud Services S.r.l. doc. ALT-2025-001,fattura,FATT-P-2025-0013
SCR-000374,2025-01-02,TRX-FATT-FATT-P-2025-0013,11.02,Erario c/IVA a credito,466.40,0.00,IVA a credito su doc. ALT-2025-001,fattura,FATT-P-2025-0013
SCR-000375,2025-01-02,TRX-FATT-FATT-P-2025-0013,61.03,Servizi cloud hosting e infrastruttura,2120.00,0.00,Servizi cloud hosting computing clusters e object storage - Mese 01/2025,fattura,FATT-P-2025-0013
SCR-000376,2025-02-02,TRX-FATT-FATT-P-2025-0014,20.01,Debiti verso fornitori,0.00,2537.60,Fattura ricevuta da Altocumulo Cloud Services S.r.l. doc. ALT-2025-002,fattura,FATT-P-2025-0014
SCR-000377,2025-02-02,TRX-FATT-FATT-P-2025-0014,11.02,Erario c/IVA a credito,457.60,0.00,IVA a credito su doc. ALT-2025-002,fattura,FATT-P-2025-0014
SCR-000378,2025-02-02,TRX-FATT-FATT-P-2025-0014,61.03,Servizi cloud hosting e infrastruttura,2080.00,0.00,Servizi cloud hosting computing clusters e object storage - Mese 02/2025,fattura,FATT-P-2025-0014
SCR-000379,2025-03-02,TRX-FATT-FATT-P-2025-0015,20.01,Debiti verso fornitori,0.00,2671.80,Fattura ricevuta da Altocumulo Cloud Services S.r.l. doc. ALT-2025-003,fattura,FATT-P-2025-0015
SCR-000380,2025-03-02,TRX-FATT-FATT-P-2025-0015,11.02,Erario c/IVA a credito,481.80,0.00,IVA a credito su doc. ALT-2025-003,fattura,FATT-P-2025-0015
SCR-000381,2025-03-02,TRX-FATT-FATT-P-2025-0015,61.03,Servizi cloud hosting e infrastruttura,2190.00,0.00,Servizi cloud hosting computing clusters e object storage - Mese 03/2025,fattura,FATT-P-2025-0015
SCR-000382,2025-04-02,TRX-FATT-FATT-P-2025-0016,20.01,Debiti verso fornitori,0.00,2610.80,Fattura ricevuta da Altocumulo Cloud Services S.r.l. doc. ALT-2025-004,fattura,FATT-P-2025-0016
SCR-000383,2025-04-02,TRX-FATT-FATT-P-2025-0016,11.02,Erario c/IVA a credito,470.80,0.00,IVA a credito su doc. ALT-2025-004,fattura,FATT-P-2025-0016
SCR-000384,2025-04-02,TRX-FATT-FATT-P-2025-0016,61.03,Servizi cloud hosting e infrastruttura,2140.00,0.00,Servizi cloud hosting computing clusters e object storage - Mese 04/2025,fattura,FATT-P-2025-0016
SCR-000385,2025-05-02,TRX-FATT-FATT-P-2025-0017,20.01,Debiti verso fornitori,0.00,2696.20,Fattura ricevuta da Altocumulo Cloud Services S.r.l. doc. ALT-2025-005,fattura,FATT-P-2025-0017
SCR-000386,2025-05-02,TRX-FATT-FATT-P-2025-0017,11.02,Erario c/IVA a credito,486.20,0.00,IVA a credito su doc. ALT-2025-005,fattura,FATT-P-2025-0017
SCR-000387,2025-05-02,TRX-FATT-FATT-P-2025-0017,61.03,Servizi cloud hosting e infrastruttura,2210.00,0.00,Servizi cloud hosting computing clusters e object storage - Mese 05/2025,fattura,FATT-P-2025-0017
SCR-000388,2025-06-02,TRX-FATT-FATT-P-2025-0018,20.01,Debiti verso fornitori,0.00,2745.00,Fattura ricevuta da Altocumulo Cloud Services S.r.l. doc. ALT-2025-006,fattura,FATT-P-2025-0018
SCR-000389,2025-06-02,TRX-FATT-FATT-P-2025-0018,11.02,Erario c/IVA a credito,495.00,0.00,IVA a credito su doc. ALT-2025-006,fattura,FATT-P-2025-0018
SCR-000390,2025-06-02,TRX-FATT-FATT-P-2025-0018,61.03,Servizi cloud hosting e infrastruttura,2250.00,0.00,Servizi cloud hosting computing clusters e object storage - Mese 06/2025,fattura,FATT-P-2025-0018
SCR-000391,2025-07-02,TRX-FATT-FATT-P-2025-0019,20.01,Debiti verso fornitori,0.00,2659.60,Fattura ricevuta da Altocumulo Cloud Services S.r.l. doc. ALT-2025-007,fattura,FATT-P-2025-0019
SCR-000392,2025-07-02,TRX-FATT-FATT-P-2025-0019,11.02,Erario c/IVA a credito,479.60,0.00,IVA a credito su doc. ALT-2025-007,fattura,FATT-P-2025-0019
SCR-000393,2025-07-02,TRX-FATT-FATT-P-2025-0019,61.03,Servizi cloud hosting e infrastruttura,2180.00,0.00,Servizi cloud hosting computing clusters e object storage - Mese 07/2025,fattura,FATT-P-2025-0019
SCR-000394,2025-08-02,TRX-FATT-FATT-P-2025-0020,20.01,Debiti verso fornitori,0.00,2501.00,Fattura ricevuta da Altocumulo Cloud Services S.r.l. doc. ALT-2025-008,fattura,FATT-P-2025-0020
SCR-000395,2025-08-02,TRX-FATT-FATT-P-2025-0020,11.02,Erario c/IVA a credito,451.00,0.00,IVA a credito su doc. ALT-2025-008,fattura,FATT-P-2025-0020
SCR-000396,2025-08-02,TRX-FATT-FATT-P-2025-0020,61.03,Servizi cloud hosting e infrastruttura,2050.00,0.00,Servizi cloud hosting computing clusters e object storage - Mese 08/2025,fattura,FATT-P-2025-0020
SCR-000397,2025-09-02,TRX-FATT-FATT-P-2025-0021,20.01,Debiti verso fornitori,0.00,2635.20,Fattura ricevuta da Altocumulo Cloud Services S.r.l. doc. ALT-2025-009,fattura,FATT-P-2025-0021
SCR-000398,2025-09-02,TRX-FATT-FATT-P-2025-0021,11.02,Erario c/IVA a credito,475.20,0.00,IVA a credito su doc. ALT-2025-009,fattura,FATT-P-2025-0021
SCR-000399,2025-09-02,TRX-FATT-FATT-P-2025-0021,61.03,Servizi cloud hosting e infrastruttura,2160.00,0.00,Servizi cloud hosting computing clusters e object storage - Mese 09/2025,fattura,FATT-P-2025-0021
SCR-000400,2025-10-02,TRX-FATT-FATT-P-2025-0022,20.01,Debiti verso fornitori,0.00,2684.00,Fattura ricevuta da Altocumulo Cloud Services S.r.l. doc. ALT-2025-010,fattura,FATT-P-2025-0022
SCR-000401,2025-10-02,TRX-FATT-FATT-P-2025-0022,11.02,Erario c/IVA a credito,484.00,0.00,IVA a credito su doc. ALT-2025-010,fattura,FATT-P-2025-0022
SCR-000402,2025-10-02,TRX-FATT-FATT-P-2025-0022,61.03,Servizi cloud hosting e infrastruttura,2200.00,0.00,Servizi cloud hosting computing clusters e object storage - Mese 10/2025,fattura,FATT-P-2025-0022
SCR-000403,2025-11-02,TRX-FATT-FATT-P-2025-0023,20.01,Debiti verso fornitori,0.00,2732.80,Fattura ricevuta da Altocumulo Cloud Services S.r.l. doc. ALT-2025-011,fattura,FATT-P-2025-0023
SCR-000404,2025-11-02,TRX-FATT-FATT-P-2025-0023,11.02,Erario c/IVA a credito,492.80,0.00,IVA a credito su doc. ALT-2025-011,fattura,FATT-P-2025-0023
SCR-000405,2025-11-02,TRX-FATT-FATT-P-2025-0023,61.03,Servizi cloud hosting e infrastruttura,2240.00,0.00,Servizi cloud hosting computing clusters e object storage - Mese 11/2025,fattura,FATT-P-2025-0023
SCR-000406,2025-12-02,TRX-FATT-FATT-P-2025-0024,20.01,Debiti verso fornitori,0.00,2623.00,Fattura ricevuta da Altocumulo Cloud Services S.r.l. doc. ALT-2025-012,fattura,FATT-P-2025-0024
SCR-000407,2025-12-02,TRX-FATT-FATT-P-2025-0024,11.02,Erario c/IVA a credito,473.00,0.00,IVA a credito su doc. ALT-2025-012,fattura,FATT-P-2025-0024
SCR-000408,2025-12-02,TRX-FATT-FATT-P-2025-0024,61.03,Servizi cloud hosting e infrastruttura,2150.00,0.00,Servizi cloud hosting computing clusters e object storage - Mese 12/2025,fattura,FATT-P-2025-0024
SCR-000409,2025-01-01,TRX-FATT-FATT-P-2025-0025,20.01,Debiti verso fornitori,0.00,4636.00,Fattura ricevuta da Locazioni Navigli S.r.l. doc. LOC-2025-001,fattura,FATT-P-2025-0025
SCR-000410,2025-01-01,TRX-FATT-FATT-P-2025-0025,11.02,Erario c/IVA a credito,836.00,0.00,IVA a credito su doc. LOC-2025-001,fattura,FATT-P-2025-0025
SCR-000411,2025-01-01,TRX-FATT-FATT-P-2025-0025,62.01,Canoni di locazione immobili uffici,3800.00,0.00,"Canone di locazione immobile uso ufficio Via Tortona 32, Milano - Mese 01/2025",fattura,FATT-P-2025-0025
SCR-000412,2025-02-01,TRX-FATT-FATT-P-2025-0026,20.01,Debiti verso fornitori,0.00,4636.00,Fattura ricevuta da Locazioni Navigli S.r.l. doc. LOC-2025-002,fattura,FATT-P-2025-0026
SCR-000413,2025-02-01,TRX-FATT-FATT-P-2025-0026,11.02,Erario c/IVA a credito,836.00,0.00,IVA a credito su doc. LOC-2025-002,fattura,FATT-P-2025-0026
SCR-000414,2025-02-01,TRX-FATT-FATT-P-2025-0026,62.01,Canoni di locazione immobili uffici,3800.00,0.00,"Canone di locazione immobile uso ufficio Via Tortona 32, Milano - Mese 02/2025",fattura,FATT-P-2025-0026
SCR-000415,2025-03-01,TRX-FATT-FATT-P-2025-0027,20.01,Debiti verso fornitori,0.00,4636.00,Fattura ricevuta da Locazioni Navigli S.r.l. doc. LOC-2025-003,fattura,FATT-P-2025-0027
SCR-000416,2025-03-01,TRX-FATT-FATT-P-2025-0027,11.02,Erario c/IVA a credito,836.00,0.00,IVA a credito su doc. LOC-2025-003,fattura,FATT-P-2025-0027
SCR-000417,2025-03-01,TRX-FATT-FATT-P-2025-0027,62.01,Canoni di locazione immobili uffici,3800.00,0.00,"Canone di locazione immobile uso ufficio Via Tortona 32, Milano - Mese 03/2025",fattura,FATT-P-2025-0027
SCR-000418,2025-04-01,TRX-FATT-FATT-P-2025-0028,20.01,Debiti verso fornitori,0.00,4636.00,Fattura ricevuta da Locazioni Navigli S.r.l. doc. LOC-2025-004,fattura,FATT-P-2025-0028
SCR-000419,2025-04-01,TRX-FATT-FATT-P-2025-0028,11.02,Erario c/IVA a credito,836.00,0.00,IVA a credito su doc. LOC-2025-004,fattura,FATT-P-2025-0028
SCR-000420,2025-04-01,TRX-FATT-FATT-P-2025-0028,62.01,Canoni di locazione immobili uffici,3800.00,0.00,"Canone di locazione immobile uso ufficio Via Tortona 32, Milano - Mese 04/2025",fattura,FATT-P-2025-0028
SCR-000421,2025-05-01,TRX-FATT-FATT-P-2025-0029,20.01,Debiti verso fornitori,0.00,4636.00,Fattura ricevuta da Locazioni Navigli S.r.l. doc. LOC-2025-005,fattura,FATT-P-2025-0029
SCR-000422,2025-05-01,TRX-FATT-FATT-P-2025-0029,11.02,Erario c/IVA a credito,836.00,0.00,IVA a credito su doc. LOC-2025-005,fattura,FATT-P-2025-0029
SCR-000423,2025-05-01,TRX-FATT-FATT-P-2025-0029,62.01,Canoni di locazione immobili uffici,3800.00,0.00,"Canone di locazione immobile uso ufficio Via Tortona 32, Milano - Mese 05/2025",fattura,FATT-P-2025-0029
SCR-000424,2025-06-01,TRX-FATT-FATT-P-2025-0030,20.01,Debiti verso fornitori,0.00,4636.00,Fattura ricevuta da Locazioni Navigli S.r.l. doc. LOC-2025-006,fattura,FATT-P-2025-0030
SCR-000425,2025-06-01,TRX-FATT-FATT-P-2025-0030,11.02,Erario c/IVA a credito,836.00,0.00,IVA a credito su doc. LOC-2025-006,fattura,FATT-P-2025-0030
SCR-000426,2025-06-01,TRX-FATT-FATT-P-2025-0030,62.01,Canoni di locazione immobili uffici,3800.00,0.00,"Canone di locazione immobile uso ufficio Via Tortona 32, Milano - Mese 06/2025",fattura,FATT-P-2025-0030
SCR-000427,2025-07-01,TRX-FATT-FATT-P-2025-0031,20.01,Debiti verso fornitori,0.00,4636.00,Fattura ricevuta da Locazioni Navigli S.r.l. doc. LOC-2025-007,fattura,FATT-P-2025-0031
SCR-000428,2025-07-01,TRX-FATT-FATT-P-2025-0031,11.02,Erario c/IVA a credito,836.00,0.00,IVA a credito su doc. LOC-2025-007,fattura,FATT-P-2025-0031
SCR-000429,2025-07-01,TRX-FATT-FATT-P-2025-0031,62.01,Canoni di locazione immobili uffici,3800.00,0.00,"Canone di locazione immobile uso ufficio Via Tortona 32, Milano - Mese 07/2025",fattura,FATT-P-2025-0031
SCR-000430,2025-08-01,TRX-FATT-FATT-P-2025-0032,20.01,Debiti verso fornitori,0.00,4636.00,Fattura ricevuta da Locazioni Navigli S.r.l. doc. LOC-2025-008,fattura,FATT-P-2025-0032
SCR-000431,2025-08-01,TRX-FATT-FATT-P-2025-0032,11.02,Erario c/IVA a credito,836.00,0.00,IVA a credito su doc. LOC-2025-008,fattura,FATT-P-2025-0032
SCR-000432,2025-08-01,TRX-FATT-FATT-P-2025-0032,62.01,Canoni di locazione immobili uffici,3800.00,0.00,"Canone di locazione immobile uso ufficio Via Tortona 32, Milano - Mese 08/2025",fattura,FATT-P-2025-0032
SCR-000433,2025-09-01,TRX-FATT-FATT-P-2025-0033,20.01,Debiti verso fornitori,0.00,4636.00,Fattura ricevuta da Locazioni Navigli S.r.l. doc. LOC-2025-009,fattura,FATT-P-2025-0033
SCR-000434,2025-09-01,TRX-FATT-FATT-P-2025-0033,11.02,Erario c/IVA a credito,836.00,0.00,IVA a credito su doc. LOC-2025-009,fattura,FATT-P-2025-0033
SCR-000435,2025-09-01,TRX-FATT-FATT-P-2025-0033,62.01,Canoni di locazione immobili uffici,3800.00,0.00,"Canone di locazione immobile uso ufficio Via Tortona 32, Milano - Mese 09/2025",fattura,FATT-P-2025-0033
SCR-000436,2025-10-01,TRX-FATT-FATT-P-2025-0034,20.01,Debiti verso fornitori,0.00,4819.00,Fattura ricevuta da Locazioni Navigli S.r.l. doc. LOC-2025-010,fattura,FATT-P-2025-0034
SCR-000437,2025-10-01,TRX-FATT-FATT-P-2025-0034,11.02,Erario c/IVA a credito,869.00,0.00,IVA a credito su doc. LOC-2025-010,fattura,FATT-P-2025-0034
SCR-000438,2025-10-01,TRX-FATT-FATT-P-2025-0034,62.01,Canoni di locazione immobili uffici,3950.00,0.00,"Canone di locazione immobile uso ufficio Via Tortona 32, Milano - Mese 10/2025",fattura,FATT-P-2025-0034
SCR-000439,2025-11-01,TRX-FATT-FATT-P-2025-0035,20.01,Debiti verso fornitori,0.00,4819.00,Fattura ricevuta da Locazioni Navigli S.r.l. doc. LOC-2025-011,fattura,FATT-P-2025-0035
SCR-000440,2025-11-01,TRX-FATT-FATT-P-2025-0035,11.02,Erario c/IVA a credito,869.00,0.00,IVA a credito su doc. LOC-2025-011,fattura,FATT-P-2025-0035
SCR-000441,2025-11-01,TRX-FATT-FATT-P-2025-0035,62.01,Canoni di locazione immobili uffici,3950.00,0.00,"Canone di locazione immobile uso ufficio Via Tortona 32, Milano - Mese 11/2025",fattura,FATT-P-2025-0035
SCR-000442,2025-12-01,TRX-FATT-FATT-P-2025-0036,20.01,Debiti verso fornitori,0.00,4819.00,Fattura ricevuta da Locazioni Navigli S.r.l. doc. LOC-2025-012,fattura,FATT-P-2025-0036
SCR-000443,2025-12-01,TRX-FATT-FATT-P-2025-0036,11.02,Erario c/IVA a credito,869.00,0.00,IVA a credito su doc. LOC-2025-012,fattura,FATT-P-2025-0036
SCR-000444,2025-12-01,TRX-FATT-FATT-P-2025-0036,62.01,Canoni di locazione immobili uffici,3950.00,0.00,"Canone di locazione immobile uso ufficio Via Tortona 32, Milano - Mese 12/2025",fattura,FATT-P-2025-0036
SCR-000445,2025-03-25,TRX-FATT-FATT-P-2025-0037,20.01,Debiti verso fornitori,0.00,14640.00,Fattura ricevuta da Studio Legale Ferraris & Associati doc. FERR-2025-042,fattura,FATT-P-2025-0037
SCR-000446,2025-03-25,TRX-FATT-FATT-P-2025-0037,11.02,Erario c/IVA a credito,2640.00,0.00,IVA a credito su doc. FERR-2025-042,fattura,FATT-P-2025-0037
SCR-000447,2025-03-25,TRX-FATT-FATT-P-2025-0037,63.01,Consulenza legale e contrattuale straordinaria,12000.00,0.00,Attività di assistenza legale e due diligence straordinaria per operazione M&A (non perfezionata) come da preventivo n. 2025/14,fattura,FATT-P-2025-0037
SCR-000448,2025-01-15,TRX-FATT-FATT-P-2025-0038,20.01,Debiti verso fornitori,0.00,1098.00,Fattura ricevuta da Studio Dott. Commercialisti Brambilla & Co. doc. BRAMB-2025-001,fattura,FATT-P-2025-0038
SCR-000449,2025-01-15,TRX-FATT-FATT-P-2025-0038,11.02,Erario c/IVA a credito,198.00,0.00,IVA a credito su doc. BRAMB-2025-001,fattura,FATT-P-2025-0038
SCR-000450,2025-01-15,TRX-FATT-FATT-P-2025-0038,63.02,"Consulenza fiscale, contabile e del lavoro",900.00,0.00,"Assistenza contabile, adempimenti fiscali periodici ed elaborazione buste paga dipendenti - Mese 01/2025",fattura,FATT-P-2025-0038
SCR-000451,2025-02-15,TRX-FATT-FATT-P-2025-0039,20.01,Debiti verso fornitori,0.00,1098.00,Fattura ricevuta da Studio Dott. Commercialisti Brambilla & Co. doc. BRAMB-2025-002,fattura,FATT-P-2025-0039
SCR-000452,2025-02-15,TRX-FATT-FATT-P-2025-0039,11.02,Erario c/IVA a credito,198.00,0.00,IVA a credito su doc. BRAMB-2025-002,fattura,FATT-P-2025-0039
SCR-000453,2025-02-15,TRX-FATT-FATT-P-2025-0039,63.02,"Consulenza fiscale, contabile e del lavoro",900.00,0.00,"Assistenza contabile, adempimenti fiscali periodici ed elaborazione buste paga dipendenti - Mese 02/2025",fattura,FATT-P-2025-0039
SCR-000454,2025-03-15,TRX-FATT-FATT-P-2025-0040,20.01,Debiti verso fornitori,0.00,1098.00,Fattura ricevuta da Studio Dott. Commercialisti Brambilla & Co. doc. BRAMB-2025-003,fattura,FATT-P-2025-0040
SCR-000455,2025-03-15,TRX-FATT-FATT-P-2025-0040,11.02,Erario c/IVA a credito,198.00,0.00,IVA a credito su doc. BRAMB-2025-003,fattura,FATT-P-2025-0040
SCR-000456,2025-03-15,TRX-FATT-FATT-P-2025-0040,63.02,"Consulenza fiscale, contabile e del lavoro",900.00,0.00,"Assistenza contabile, adempimenti fiscali periodici ed elaborazione buste paga dipendenti - Mese 03/2025",fattura,FATT-P-2025-0040
SCR-000457,2025-04-15,TRX-FATT-FATT-P-2025-0041,20.01,Debiti verso fornitori,0.00,1098.00,Fattura ricevuta da Studio Dott. Commercialisti Brambilla & Co. doc. BRAMB-2025-004,fattura,FATT-P-2025-0041
SCR-000458,2025-04-15,TRX-FATT-FATT-P-2025-0041,11.02,Erario c/IVA a credito,198.00,0.00,IVA a credito su doc. BRAMB-2025-004,fattura,FATT-P-2025-0041
SCR-000459,2025-04-15,TRX-FATT-FATT-P-2025-0041,63.02,"Consulenza fiscale, contabile e del lavoro",900.00,0.00,"Assistenza contabile, adempimenti fiscali periodici ed elaborazione buste paga dipendenti - Mese 04/2025",fattura,FATT-P-2025-0041
SCR-000460,2025-05-15,TRX-FATT-FATT-P-2025-0042,20.01,Debiti verso fornitori,0.00,1098.00,Fattura ricevuta da Studio Dott. Commercialisti Brambilla & Co. doc. BRAMB-2025-005,fattura,FATT-P-2025-0042
SCR-000461,2025-05-15,TRX-FATT-FATT-P-2025-0042,11.02,Erario c/IVA a credito,198.00,0.00,IVA a credito su doc. BRAMB-2025-005,fattura,FATT-P-2025-0042
SCR-000462,2025-05-15,TRX-FATT-FATT-P-2025-0042,63.02,"Consulenza fiscale, contabile e del lavoro",900.00,0.00,"Assistenza contabile, adempimenti fiscali periodici ed elaborazione buste paga dipendenti - Mese 05/2025",fattura,FATT-P-2025-0042
SCR-000463,2025-06-15,TRX-FATT-FATT-P-2025-0043,20.01,Debiti verso fornitori,0.00,1098.00,Fattura ricevuta da Studio Dott. Commercialisti Brambilla & Co. doc. BRAMB-2025-006,fattura,FATT-P-2025-0043
SCR-000464,2025-06-15,TRX-FATT-FATT-P-2025-0043,11.02,Erario c/IVA a credito,198.00,0.00,IVA a credito su doc. BRAMB-2025-006,fattura,FATT-P-2025-0043
SCR-000465,2025-06-15,TRX-FATT-FATT-P-2025-0043,63.02,"Consulenza fiscale, contabile e del lavoro",900.00,0.00,"Assistenza contabile, adempimenti fiscali periodici ed elaborazione buste paga dipendenti - Mese 06/2025",fattura,FATT-P-2025-0043
SCR-000466,2025-07-15,TRX-FATT-FATT-P-2025-0044,20.01,Debiti verso fornitori,0.00,1098.00,Fattura ricevuta da Studio Dott. Commercialisti Brambilla & Co. doc. BRAMB-2025-007,fattura,FATT-P-2025-0044
SCR-000467,2025-07-15,TRX-FATT-FATT-P-2025-0044,11.02,Erario c/IVA a credito,198.00,0.00,IVA a credito su doc. BRAMB-2025-007,fattura,FATT-P-2025-0044
SCR-000468,2025-07-15,TRX-FATT-FATT-P-2025-0044,63.02,"Consulenza fiscale, contabile e del lavoro",900.00,0.00,"Assistenza contabile, adempimenti fiscali periodici ed elaborazione buste paga dipendenti - Mese 07/2025",fattura,FATT-P-2025-0044
SCR-000469,2025-08-15,TRX-FATT-FATT-P-2025-0045,20.01,Debiti verso fornitori,0.00,1098.00,Fattura ricevuta da Studio Dott. Commercialisti Brambilla & Co. doc. BRAMB-2025-008,fattura,FATT-P-2025-0045
SCR-000470,2025-08-15,TRX-FATT-FATT-P-2025-0045,11.02,Erario c/IVA a credito,198.00,0.00,IVA a credito su doc. BRAMB-2025-008,fattura,FATT-P-2025-0045
SCR-000471,2025-08-15,TRX-FATT-FATT-P-2025-0045,63.02,"Consulenza fiscale, contabile e del lavoro",900.00,0.00,"Assistenza contabile, adempimenti fiscali periodici ed elaborazione buste paga dipendenti - Mese 08/2025",fattura,FATT-P-2025-0045
SCR-000472,2025-09-15,TRX-FATT-FATT-P-2025-0046,20.01,Debiti verso fornitori,0.00,1098.00,Fattura ricevuta da Studio Dott. Commercialisti Brambilla & Co. doc. BRAMB-2025-009,fattura,FATT-P-2025-0046
SCR-000473,2025-09-15,TRX-FATT-FATT-P-2025-0046,11.02,Erario c/IVA a credito,198.00,0.00,IVA a credito su doc. BRAMB-2025-009,fattura,FATT-P-2025-0046
SCR-000474,2025-09-15,TRX-FATT-FATT-P-2025-0046,63.02,"Consulenza fiscale, contabile e del lavoro",900.00,0.00,"Assistenza contabile, adempimenti fiscali periodici ed elaborazione buste paga dipendenti - Mese 09/2025",fattura,FATT-P-2025-0046
SCR-000475,2025-10-15,TRX-FATT-FATT-P-2025-0047,20.01,Debiti verso fornitori,0.00,1098.00,Fattura ricevuta da Studio Dott. Commercialisti Brambilla & Co. doc. BRAMB-2025-010,fattura,FATT-P-2025-0047
SCR-000476,2025-10-15,TRX-FATT-FATT-P-2025-0047,11.02,Erario c/IVA a credito,198.00,0.00,IVA a credito su doc. BRAMB-2025-010,fattura,FATT-P-2025-0047
SCR-000477,2025-10-15,TRX-FATT-FATT-P-2025-0047,63.02,"Consulenza fiscale, contabile e del lavoro",900.00,0.00,"Assistenza contabile, adempimenti fiscali periodici ed elaborazione buste paga dipendenti - Mese 10/2025",fattura,FATT-P-2025-0047
SCR-000478,2025-11-15,TRX-FATT-FATT-P-2025-0048,20.01,Debiti verso fornitori,0.00,1098.00,Fattura ricevuta da Studio Dott. Commercialisti Brambilla & Co. doc. BRAMB-2025-011,fattura,FATT-P-2025-0048
SCR-000479,2025-11-15,TRX-FATT-FATT-P-2025-0048,11.02,Erario c/IVA a credito,198.00,0.00,IVA a credito su doc. BRAMB-2025-011,fattura,FATT-P-2025-0048
SCR-000480,2025-11-15,TRX-FATT-FATT-P-2025-0048,63.02,"Consulenza fiscale, contabile e del lavoro",900.00,0.00,"Assistenza contabile, adempimenti fiscali periodici ed elaborazione buste paga dipendenti - Mese 11/2025",fattura,FATT-P-2025-0048
SCR-000481,2025-12-15,TRX-FATT-FATT-P-2025-0049,20.01,Debiti verso fornitori,0.00,1098.00,Fattura ricevuta da Studio Dott. Commercialisti Brambilla & Co. doc. BRAMB-2025-012,fattura,FATT-P-2025-0049
SCR-000482,2025-12-15,TRX-FATT-FATT-P-2025-0049,11.02,Erario c/IVA a credito,198.00,0.00,IVA a credito su doc. BRAMB-2025-012,fattura,FATT-P-2025-0049
SCR-000483,2025-12-15,TRX-FATT-FATT-P-2025-0049,63.02,"Consulenza fiscale, contabile e del lavoro",900.00,0.00,"Assistenza contabile, adempimenti fiscali periodici ed elaborazione buste paga dipendenti - Mese 12/2025",fattura,FATT-P-2025-0049
SCR-000484,2025-01-08,TRX-FATT-FATT-P-2025-0050,20.01,Debiti verso fornitori,0.00,427.00,Fattura ricevuta da FastConnect Telecom S.p.A. doc. FAST-2025-001,fattura,FATT-P-2025-0050
SCR-000485,2025-01-08,TRX-FATT-FATT-P-2025-0050,11.02,Erario c/IVA a credito,77.00,0.00,IVA a credito su doc. FAST-2025-001,fattura,FATT-P-2025-0050
SCR-000486,2025-01-08,TRX-FATT-FATT-P-2025-0050,62.03,Utenze telefonia fissa e connettività internet,350.00,0.00,Canone connettività fibra ottica dedicata 1Gbps simmetrica e numerazioni voip - Periodo 01/2025,fattura,FATT-P-2025-0050
SCR-000487,2025-02-08,TRX-FATT-FATT-P-2025-0051,20.01,Debiti verso fornitori,0.00,427.00,Fattura ricevuta da FastConnect Telecom S.p.A. doc. FAST-2025-002,fattura,FATT-P-2025-0051
SCR-000488,2025-02-08,TRX-FATT-FATT-P-2025-0051,11.02,Erario c/IVA a credito,77.00,0.00,IVA a credito su doc. FAST-2025-002,fattura,FATT-P-2025-0051
SCR-000489,2025-02-08,TRX-FATT-FATT-P-2025-0051,62.03,Utenze telefonia fissa e connettività internet,350.00,0.00,Canone connettività fibra ottica dedicata 1Gbps simmetrica e numerazioni voip - Periodo 02/2025,fattura,FATT-P-2025-0051
SCR-000490,2025-03-08,TRX-FATT-FATT-P-2025-0052,20.01,Debiti verso fornitori,0.00,427.00,Fattura ricevuta da FastConnect Telecom S.p.A. doc. FAST-2025-003,fattura,FATT-P-2025-0052
SCR-000491,2025-03-08,TRX-FATT-FATT-P-2025-0052,11.02,Erario c/IVA a credito,77.00,0.00,IVA a credito su doc. FAST-2025-003,fattura,FATT-P-2025-0052
SCR-000492,2025-03-08,TRX-FATT-FATT-P-2025-0052,62.03,Utenze telefonia fissa e connettività internet,350.00,0.00,Canone connettività fibra ottica dedicata 1Gbps simmetrica e numerazioni voip - Periodo 03/2025,fattura,FATT-P-2025-0052
SCR-000493,2025-04-08,TRX-FATT-FATT-P-2025-0053,20.01,Debiti verso fornitori,0.00,427.00,Fattura ricevuta da FastConnect Telecom S.p.A. doc. FAST-2025-004,fattura,FATT-P-2025-0053
SCR-000494,2025-04-08,TRX-FATT-FATT-P-2025-0053,11.02,Erario c/IVA a credito,77.00,0.00,IVA a credito su doc. FAST-2025-004,fattura,FATT-P-2025-0053
SCR-000495,2025-04-08,TRX-FATT-FATT-P-2025-0053,62.03,Utenze telefonia fissa e connettività internet,350.00,0.00,Canone connettività fibra ottica dedicata 1Gbps simmetrica e numerazioni voip - Periodo 04/2025,fattura,FATT-P-2025-0053
SCR-000496,2025-05-08,TRX-FATT-FATT-P-2025-0054,20.01,Debiti verso fornitori,0.00,427.00,Fattura ricevuta da FastConnect Telecom S.p.A. doc. FAST-2025-005,fattura,FATT-P-2025-0054
SCR-000497,2025-05-08,TRX-FATT-FATT-P-2025-0054,11.02,Erario c/IVA a credito,77.00,0.00,IVA a credito su doc. FAST-2025-005,fattura,FATT-P-2025-0054
SCR-000498,2025-05-08,TRX-FATT-FATT-P-2025-0054,62.03,Utenze telefonia fissa e connettività internet,350.00,0.00,Canone connettività fibra ottica dedicata 1Gbps simmetrica e numerazioni voip - Periodo 05/2025,fattura,FATT-P-2025-0054
SCR-000499,2025-06-08,TRX-FATT-FATT-P-2025-0055,20.01,Debiti verso fornitori,0.00,427.00,Fattura ricevuta da FastConnect Telecom S.p.A. doc. FAST-2025-006,fattura,FATT-P-2025-0055
SCR-000500,2025-06-08,TRX-FATT-FATT-P-2025-0055,11.02,Erario c/IVA a credito,77.00,0.00,IVA a credito su doc. FAST-2025-006,fattura,FATT-P-2025-0055
SCR-000501,2025-06-08,TRX-FATT-FATT-P-2025-0055,62.03,Utenze telefonia fissa e connettività internet,350.00,0.00,Canone connettività fibra ottica dedicata 1Gbps simmetrica e numerazioni voip - Periodo 06/2025,fattura,FATT-P-2025-0055
SCR-000502,2025-07-08,TRX-FATT-FATT-P-2025-0056,20.01,Debiti verso fornitori,0.00,427.00,Fattura ricevuta da FastConnect Telecom S.p.A. doc. FAST-2025-007,fattura,FATT-P-2025-0056
SCR-000503,2025-07-08,TRX-FATT-FATT-P-2025-0056,11.02,Erario c/IVA a credito,77.00,0.00,IVA a credito su doc. FAST-2025-007,fattura,FATT-P-2025-0056
SCR-000504,2025-07-08,TRX-FATT-FATT-P-2025-0056,62.03,Utenze telefonia fissa e connettività internet,350.00,0.00,Canone connettività fibra ottica dedicata 1Gbps simmetrica e numerazioni voip - Periodo 07/2025,fattura,FATT-P-2025-0056
SCR-000505,2025-08-08,TRX-FATT-FATT-P-2025-0057,20.01,Debiti verso fornitori,0.00,427.00,Fattura ricevuta da FastConnect Telecom S.p.A. doc. FAST-2025-008,fattura,FATT-P-2025-0057
SCR-000506,2025-08-08,TRX-FATT-FATT-P-2025-0057,11.02,Erario c/IVA a credito,77.00,0.00,IVA a credito su doc. FAST-2025-008,fattura,FATT-P-2025-0057
SCR-000507,2025-08-08,TRX-FATT-FATT-P-2025-0057,62.03,Utenze telefonia fissa e connettività internet,350.00,0.00,Canone connettività fibra ottica dedicata 1Gbps simmetrica e numerazioni voip - Periodo 08/2025,fattura,FATT-P-2025-0057
SCR-000508,2025-09-08,TRX-FATT-FATT-P-2025-0058,20.01,Debiti verso fornitori,0.00,427.00,Fattura ricevuta da FastConnect Telecom S.p.A. doc. FAST-2025-009,fattura,FATT-P-2025-0058
SCR-000509,2025-09-08,TRX-FATT-FATT-P-2025-0058,11.02,Erario c/IVA a credito,77.00,0.00,IVA a credito su doc. FAST-2025-009,fattura,FATT-P-2025-0058
SCR-000510,2025-09-08,TRX-FATT-FATT-P-2025-0058,62.03,Utenze telefonia fissa e connettività internet,350.00,0.00,Canone connettività fibra ottica dedicata 1Gbps simmetrica e numerazioni voip - Periodo 09/2025,fattura,FATT-P-2025-0058
SCR-000511,2025-10-08,TRX-FATT-FATT-P-2025-0059,20.01,Debiti verso fornitori,0.00,427.00,Fattura ricevuta da FastConnect Telecom S.p.A. doc. FAST-2025-010,fattura,FATT-P-2025-0059
SCR-000512,2025-10-08,TRX-FATT-FATT-P-2025-0059,11.02,Erario c/IVA a credito,77.00,0.00,IVA a credito su doc. FAST-2025-010,fattura,FATT-P-2025-0059
SCR-000513,2025-10-08,TRX-FATT-FATT-P-2025-0059,62.03,Utenze telefonia fissa e connettività internet,350.00,0.00,Canone connettività fibra ottica dedicata 1Gbps simmetrica e numerazioni voip - Periodo 10/2025,fattura,FATT-P-2025-0059
SCR-000514,2025-11-08,TRX-FATT-FATT-P-2025-0060,20.01,Debiti verso fornitori,0.00,427.00,Fattura ricevuta da FastConnect Telecom S.p.A. doc. FAST-2025-011,fattura,FATT-P-2025-0060
SCR-000515,2025-11-08,TRX-FATT-FATT-P-2025-0060,11.02,Erario c/IVA a credito,77.00,0.00,IVA a credito su doc. FAST-2025-011,fattura,FATT-P-2025-0060
SCR-000516,2025-11-08,TRX-FATT-FATT-P-2025-0060,62.03,Utenze telefonia fissa e connettività internet,350.00,0.00,Canone connettività fibra ottica dedicata 1Gbps simmetrica e numerazioni voip - Periodo 11/2025,fattura,FATT-P-2025-0060
SCR-000517,2025-12-08,TRX-FATT-FATT-P-2025-0061,20.01,Debiti verso fornitori,0.00,427.00,Fattura ricevuta da FastConnect Telecom S.p.A. doc. FAST-2025-012,fattura,FATT-P-2025-0061
SCR-000518,2025-12-08,TRX-FATT-FATT-P-2025-0061,11.02,Erario c/IVA a credito,77.00,0.00,IVA a credito su doc. FAST-2025-012,fattura,FATT-P-2025-0061
SCR-000519,2025-12-08,TRX-FATT-FATT-P-2025-0061,62.03,Utenze telefonia fissa e connettività internet,350.00,0.00,Canone connettività fibra ottica dedicata 1Gbps simmetrica e numerazioni voip - Periodo 12/2025,fattura,FATT-P-2025-0061
SCR-000520,2025-01-12,TRX-FATT-FATT-P-2025-0062,20.01,Debiti verso fornitori,0.00,756.40,Fattura ricevuta da EcoLombarda Energia S.p.A. doc. ECOL-2025-001,fattura,FATT-P-2025-0062
SCR-000521,2025-01-12,TRX-FATT-FATT-P-2025-0062,11.02,Erario c/IVA a credito,136.40,0.00,IVA a credito su doc. ECOL-2025-001,fattura,FATT-P-2025-0062
SCR-000522,2025-01-12,TRX-FATT-FATT-P-2025-0062,62.02,Utenze elettriche e riscaldamento,620.00,0.00,Fornitura energia elettrica uffici operativi Via Tortona 32 - Consumi periodo 01/2025,fattura,FATT-P-2025-0062
SCR-000523,2025-02-12,TRX-FATT-FATT-P-2025-0063,20.01,Debiti verso fornitori,0.00,780.80,Fattura ricevuta da EcoLombarda Energia S.p.A. doc. ECOL-2025-002,fattura,FATT-P-2025-0063
SCR-000524,2025-02-12,TRX-FATT-FATT-P-2025-0063,11.02,Erario c/IVA a credito,140.80,0.00,IVA a credito su doc. ECOL-2025-002,fattura,FATT-P-2025-0063
SCR-000525,2025-02-12,TRX-FATT-FATT-P-2025-0063,62.02,Utenze elettriche e riscaldamento,640.00,0.00,Fornitura energia elettrica uffici operativi Via Tortona 32 - Consumi periodo 02/2025,fattura,FATT-P-2025-0063
SCR-000526,2025-03-12,TRX-FATT-FATT-P-2025-0064,20.01,Debiti verso fornitori,0.00,719.80,Fattura ricevuta da EcoLombarda Energia S.p.A. doc. ECOL-2025-003,fattura,FATT-P-2025-0064
SCR-000527,2025-03-12,TRX-FATT-FATT-P-2025-0064,11.02,Erario c/IVA a credito,129.80,0.00,IVA a credito su doc. ECOL-2025-003,fattura,FATT-P-2025-0064
SCR-000528,2025-03-12,TRX-FATT-FATT-P-2025-0064,62.02,Utenze elettriche e riscaldamento,590.00,0.00,Fornitura energia elettrica uffici operativi Via Tortona 32 - Consumi periodo 03/2025,fattura,FATT-P-2025-0064
SCR-000529,2025-04-12,TRX-FATT-FATT-P-2025-0065,20.01,Debiti verso fornitori,0.00,646.60,Fattura ricevuta da EcoLombarda Energia S.p.A. doc. ECOL-2025-004,fattura,FATT-P-2025-0065
SCR-000530,2025-04-12,TRX-FATT-FATT-P-2025-0065,11.02,Erario c/IVA a credito,116.60,0.00,IVA a credito su doc. ECOL-2025-004,fattura,FATT-P-2025-0065
SCR-000531,2025-04-12,TRX-FATT-FATT-P-2025-0065,62.02,Utenze elettriche e riscaldamento,530.00,0.00,Fornitura energia elettrica uffici operativi Via Tortona 32 - Consumi periodo 04/2025,fattura,FATT-P-2025-0065
SCR-000532,2025-05-12,TRX-FATT-FATT-P-2025-0066,20.01,Debiti verso fornitori,0.00,622.20,Fattura ricevuta da EcoLombarda Energia S.p.A. doc. ECOL-2025-005,fattura,FATT-P-2025-0066
SCR-000533,2025-05-12,TRX-FATT-FATT-P-2025-0066,11.02,Erario c/IVA a credito,112.20,0.00,IVA a credito su doc. ECOL-2025-005,fattura,FATT-P-2025-0066
SCR-000534,2025-05-12,TRX-FATT-FATT-P-2025-0066,62.02,Utenze elettriche e riscaldamento,510.00,0.00,Fornitura energia elettrica uffici operativi Via Tortona 32 - Consumi periodo 05/2025,fattura,FATT-P-2025-0066
SCR-000535,2025-06-12,TRX-FATT-FATT-P-2025-0067,20.01,Debiti verso fornitori,0.00,695.40,Fattura ricevuta da EcoLombarda Energia S.p.A. doc. ECOL-2025-006,fattura,FATT-P-2025-0067
SCR-000536,2025-06-12,TRX-FATT-FATT-P-2025-0067,11.02,Erario c/IVA a credito,125.40,0.00,IVA a credito su doc. ECOL-2025-006,fattura,FATT-P-2025-0067
SCR-000537,2025-06-12,TRX-FATT-FATT-P-2025-0067,62.02,Utenze elettriche e riscaldamento,570.00,0.00,Fornitura energia elettrica uffici operativi Via Tortona 32 - Consumi periodo 06/2025,fattura,FATT-P-2025-0067
SCR-000538,2025-07-12,TRX-FATT-FATT-P-2025-0068,20.01,Debiti verso fornitori,0.00,829.60,Fattura ricevuta da EcoLombarda Energia S.p.A. doc. ECOL-2025-007,fattura,FATT-P-2025-0068
SCR-000539,2025-07-12,TRX-FATT-FATT-P-2025-0068,11.02,Erario c/IVA a credito,149.60,0.00,IVA a credito su doc. ECOL-2025-007,fattura,FATT-P-2025-0068
SCR-000540,2025-07-12,TRX-FATT-FATT-P-2025-0068,62.02,Utenze elettriche e riscaldamento,680.00,0.00,Fornitura energia elettrica uffici operativi Via Tortona 32 - Consumi periodo 07/2025,fattura,FATT-P-2025-0068
SCR-000541,2025-08-12,TRX-FATT-FATT-P-2025-0069,20.01,Debiti verso fornitori,0.00,744.20,Fattura ricevuta da EcoLombarda Energia S.p.A. doc. ECOL-2025-008,fattura,FATT-P-2025-0069
SCR-000542,2025-08-12,TRX-FATT-FATT-P-2025-0069,11.02,Erario c/IVA a credito,134.20,0.00,IVA a credito su doc. ECOL-2025-008,fattura,FATT-P-2025-0069
SCR-000543,2025-08-12,TRX-FATT-FATT-P-2025-0069,62.02,Utenze elettriche e riscaldamento,610.00,0.00,Fornitura energia elettrica uffici operativi Via Tortona 32 - Consumi periodo 08/2025,fattura,FATT-P-2025-0069
SCR-000544,2025-09-12,TRX-FATT-FATT-P-2025-0070,20.01,Debiti verso fornitori,0.00,658.80,Fattura ricevuta da EcoLombarda Energia S.p.A. doc. ECOL-2025-009,fattura,FATT-P-2025-0070
SCR-000545,2025-09-12,TRX-FATT-FATT-P-2025-0070,11.02,Erario c/IVA a credito,118.80,0.00,IVA a credito su doc. ECOL-2025-009,fattura,FATT-P-2025-0070
SCR-000546,2025-09-12,TRX-FATT-FATT-P-2025-0070,62.02,Utenze elettriche e riscaldamento,540.00,0.00,Fornitura energia elettrica uffici operativi Via Tortona 32 - Consumi periodo 09/2025,fattura,FATT-P-2025-0070
SCR-000547,2025-10-12,TRX-FATT-FATT-P-2025-0071,20.01,Debiti verso fornitori,0.00,634.40,Fattura ricevuta da EcoLombarda Energia S.p.A. doc. ECOL-2025-010,fattura,FATT-P-2025-0071
SCR-000548,2025-10-12,TRX-FATT-FATT-P-2025-0071,11.02,Erario c/IVA a credito,114.40,0.00,IVA a credito su doc. ECOL-2025-010,fattura,FATT-P-2025-0071
SCR-000549,2025-10-12,TRX-FATT-FATT-P-2025-0071,62.02,Utenze elettriche e riscaldamento,520.00,0.00,Fornitura energia elettrica uffici operativi Via Tortona 32 - Consumi periodo 10/2025,fattura,FATT-P-2025-0071
SCR-000550,2025-11-12,TRX-FATT-FATT-P-2025-0072,20.01,Debiti verso fornitori,0.00,707.60,Fattura ricevuta da EcoLombarda Energia S.p.A. doc. ECOL-2025-011,fattura,FATT-P-2025-0072
SCR-000551,2025-11-12,TRX-FATT-FATT-P-2025-0072,11.02,Erario c/IVA a credito,127.60,0.00,IVA a credito su doc. ECOL-2025-011,fattura,FATT-P-2025-0072
SCR-000552,2025-11-12,TRX-FATT-FATT-P-2025-0072,62.02,Utenze elettriche e riscaldamento,580.00,0.00,Fornitura energia elettrica uffici operativi Via Tortona 32 - Consumi periodo 11/2025,fattura,FATT-P-2025-0072
SCR-000553,2025-12-12,TRX-FATT-FATT-P-2025-0073,20.01,Debiti verso fornitori,0.00,768.60,Fattura ricevuta da EcoLombarda Energia S.p.A. doc. ECOL-2025-012,fattura,FATT-P-2025-0073
SCR-000554,2025-12-12,TRX-FATT-FATT-P-2025-0073,11.02,Erario c/IVA a credito,138.60,0.00,IVA a credito su doc. ECOL-2025-012,fattura,FATT-P-2025-0073
SCR-000555,2025-12-12,TRX-FATT-FATT-P-2025-0073,62.02,Utenze elettriche e riscaldamento,630.00,0.00,Fornitura energia elettrica uffici operativi Via Tortona 32 - Consumi periodo 12/2025,fattura,FATT-P-2025-0073
SCR-000556,2025-01-01,TRX-FATT-FATT-P-2025-0074,20.01,Debiti verso fornitori,0.00,488.00,Fattura ricevuta da SicurAssicura S.p.A. doc. SIC-2025-001,fattura,FATT-P-2025-0074
SCR-000557,2025-01-01,TRX-FATT-FATT-P-2025-0074,11.02,Erario c/IVA a credito,88.00,0.00,IVA a credito su doc. SIC-2025-001,fattura,FATT-P-2025-0074
SCR-000558,2025-01-01,TRX-FATT-FATT-P-2025-0074,65.01,Premi assicurativi RC professionale e uffici,400.00,0.00,"Quota mensile polizza multirischi ufficio, RC professionale e Cyber risk CTR-005 - Mese 01/2025",fattura,FATT-P-2025-0074
SCR-000559,2025-02-01,TRX-FATT-FATT-P-2025-0075,20.01,Debiti verso fornitori,0.00,488.00,Fattura ricevuta da SicurAssicura S.p.A. doc. SIC-2025-002,fattura,FATT-P-2025-0075
SCR-000560,2025-02-01,TRX-FATT-FATT-P-2025-0075,11.02,Erario c/IVA a credito,88.00,0.00,IVA a credito su doc. SIC-2025-002,fattura,FATT-P-2025-0075
SCR-000561,2025-02-01,TRX-FATT-FATT-P-2025-0075,65.01,Premi assicurativi RC professionale e uffici,400.00,0.00,"Quota mensile polizza multirischi ufficio, RC professionale e Cyber risk CTR-005 - Mese 02/2025",fattura,FATT-P-2025-0075
SCR-000562,2025-03-01,TRX-FATT-FATT-P-2025-0076,20.01,Debiti verso fornitori,0.00,488.00,Fattura ricevuta da SicurAssicura S.p.A. doc. SIC-2025-003,fattura,FATT-P-2025-0076
SCR-000563,2025-03-01,TRX-FATT-FATT-P-2025-0076,11.02,Erario c/IVA a credito,88.00,0.00,IVA a credito su doc. SIC-2025-003,fattura,FATT-P-2025-0076
SCR-000564,2025-03-01,TRX-FATT-FATT-P-2025-0076,65.01,Premi assicurativi RC professionale e uffici,400.00,0.00,"Quota mensile polizza multirischi ufficio, RC professionale e Cyber risk CTR-005 - Mese 03/2025",fattura,FATT-P-2025-0076
SCR-000565,2025-04-01,TRX-FATT-FATT-P-2025-0077,20.01,Debiti verso fornitori,0.00,488.00,Fattura ricevuta da SicurAssicura S.p.A. doc. SIC-2025-004,fattura,FATT-P-2025-0077
SCR-000566,2025-04-01,TRX-FATT-FATT-P-2025-0077,11.02,Erario c/IVA a credito,88.00,0.00,IVA a credito su doc. SIC-2025-004,fattura,FATT-P-2025-0077
SCR-000567,2025-04-01,TRX-FATT-FATT-P-2025-0077,65.01,Premi assicurativi RC professionale e uffici,400.00,0.00,"Quota mensile polizza multirischi ufficio, RC professionale e Cyber risk CTR-005 - Mese 04/2025",fattura,FATT-P-2025-0077
SCR-000568,2025-05-01,TRX-FATT-FATT-P-2025-0078,20.01,Debiti verso fornitori,0.00,488.00,Fattura ricevuta da SicurAssicura S.p.A. doc. SIC-2025-005,fattura,FATT-P-2025-0078
SCR-000569,2025-05-01,TRX-FATT-FATT-P-2025-0078,11.02,Erario c/IVA a credito,88.00,0.00,IVA a credito su doc. SIC-2025-005,fattura,FATT-P-2025-0078
SCR-000570,2025-05-01,TRX-FATT-FATT-P-2025-0078,65.01,Premi assicurativi RC professionale e uffici,400.00,0.00,"Quota mensile polizza multirischi ufficio, RC professionale e Cyber risk CTR-005 - Mese 05/2025",fattura,FATT-P-2025-0078
SCR-000571,2025-06-01,TRX-FATT-FATT-P-2025-0079,20.01,Debiti verso fornitori,0.00,488.00,Fattura ricevuta da SicurAssicura S.p.A. doc. SIC-2025-006,fattura,FATT-P-2025-0079
SCR-000572,2025-06-01,TRX-FATT-FATT-P-2025-0079,11.02,Erario c/IVA a credito,88.00,0.00,IVA a credito su doc. SIC-2025-006,fattura,FATT-P-2025-0079
SCR-000573,2025-06-01,TRX-FATT-FATT-P-2025-0079,65.01,Premi assicurativi RC professionale e uffici,400.00,0.00,"Quota mensile polizza multirischi ufficio, RC professionale e Cyber risk CTR-005 - Mese 06/2025",fattura,FATT-P-2025-0079
SCR-000574,2025-07-01,TRX-FATT-FATT-P-2025-0080,20.01,Debiti verso fornitori,0.00,488.00,Fattura ricevuta da SicurAssicura S.p.A. doc. SIC-2025-007,fattura,FATT-P-2025-0080
SCR-000575,2025-07-01,TRX-FATT-FATT-P-2025-0080,11.02,Erario c/IVA a credito,88.00,0.00,IVA a credito su doc. SIC-2025-007,fattura,FATT-P-2025-0080
SCR-000576,2025-07-01,TRX-FATT-FATT-P-2025-0080,65.01,Premi assicurativi RC professionale e uffici,400.00,0.00,"Quota mensile polizza multirischi ufficio, RC professionale e Cyber risk CTR-005 - Mese 07/2025",fattura,FATT-P-2025-0080
SCR-000577,2025-08-01,TRX-FATT-FATT-P-2025-0081,20.01,Debiti verso fornitori,0.00,488.00,Fattura ricevuta da SicurAssicura S.p.A. doc. SIC-2025-008,fattura,FATT-P-2025-0081
SCR-000578,2025-08-01,TRX-FATT-FATT-P-2025-0081,11.02,Erario c/IVA a credito,88.00,0.00,IVA a credito su doc. SIC-2025-008,fattura,FATT-P-2025-0081
SCR-000579,2025-08-01,TRX-FATT-FATT-P-2025-0081,65.01,Premi assicurativi RC professionale e uffici,400.00,0.00,"Quota mensile polizza multirischi ufficio, RC professionale e Cyber risk CTR-005 - Mese 08/2025",fattura,FATT-P-2025-0081
SCR-000580,2025-09-01,TRX-FATT-FATT-P-2025-0082,20.01,Debiti verso fornitori,0.00,488.00,Fattura ricevuta da SicurAssicura S.p.A. doc. SIC-2025-009,fattura,FATT-P-2025-0082
SCR-000581,2025-09-01,TRX-FATT-FATT-P-2025-0082,11.02,Erario c/IVA a credito,88.00,0.00,IVA a credito su doc. SIC-2025-009,fattura,FATT-P-2025-0082
SCR-000582,2025-09-01,TRX-FATT-FATT-P-2025-0082,65.01,Premi assicurativi RC professionale e uffici,400.00,0.00,"Quota mensile polizza multirischi ufficio, RC professionale e Cyber risk CTR-005 - Mese 09/2025",fattura,FATT-P-2025-0082
SCR-000583,2025-10-01,TRX-FATT-FATT-P-2025-0083,20.01,Debiti verso fornitori,0.00,488.00,Fattura ricevuta da SicurAssicura S.p.A. doc. SIC-2025-010,fattura,FATT-P-2025-0083
SCR-000584,2025-10-01,TRX-FATT-FATT-P-2025-0083,11.02,Erario c/IVA a credito,88.00,0.00,IVA a credito su doc. SIC-2025-010,fattura,FATT-P-2025-0083
SCR-000585,2025-10-01,TRX-FATT-FATT-P-2025-0083,65.01,Premi assicurativi RC professionale e uffici,400.00,0.00,"Quota mensile polizza multirischi ufficio, RC professionale e Cyber risk CTR-005 - Mese 10/2025",fattura,FATT-P-2025-0083
SCR-000586,2025-11-01,TRX-FATT-FATT-P-2025-0084,20.01,Debiti verso fornitori,0.00,488.00,Fattura ricevuta da SicurAssicura S.p.A. doc. SIC-2025-011,fattura,FATT-P-2025-0084
SCR-000587,2025-11-01,TRX-FATT-FATT-P-2025-0084,11.02,Erario c/IVA a credito,88.00,0.00,IVA a credito su doc. SIC-2025-011,fattura,FATT-P-2025-0084
SCR-000588,2025-11-01,TRX-FATT-FATT-P-2025-0084,65.01,Premi assicurativi RC professionale e uffici,400.00,0.00,"Quota mensile polizza multirischi ufficio, RC professionale e Cyber risk CTR-005 - Mese 11/2025",fattura,FATT-P-2025-0084
SCR-000589,2025-12-01,TRX-FATT-FATT-P-2025-0085,20.01,Debiti verso fornitori,0.00,488.00,Fattura ricevuta da SicurAssicura S.p.A. doc. SIC-2025-012,fattura,FATT-P-2025-0085
SCR-000590,2025-12-01,TRX-FATT-FATT-P-2025-0085,11.02,Erario c/IVA a credito,88.00,0.00,IVA a credito su doc. SIC-2025-012,fattura,FATT-P-2025-0085
SCR-000591,2025-12-01,TRX-FATT-FATT-P-2025-0085,65.01,Premi assicurativi RC professionale e uffici,400.00,0.00,"Quota mensile polizza multirischi ufficio, RC professionale e Cyber risk CTR-005 - Mese 12/2025",fattura,FATT-P-2025-0085
SCR-000592,2025-01-05,TRX-FATT-FATT-P-2025-0086,20.01,Debiti verso fornitori,0.00,915.00,Fattura ricevuta da FleetLeasing Italia S.p.A. doc. FLT-2025-001,fattura,FATT-P-2025-0086
SCR-000593,2025-01-05,TRX-FATT-FATT-P-2025-0086,11.02,Erario c/IVA a credito,165.00,0.00,IVA a credito su doc. FLT-2025-001,fattura,FATT-P-2025-0086
SCR-000594,2025-01-05,TRX-FATT-FATT-P-2025-0086,65.02,Canoni di leasing e noleggio automezzi,750.00,0.00,"Canone di locazione a lungo termine veicoli aziendali (targa FX912LK, GY441MN) - Mese 01/2025",fattura,FATT-P-2025-0086
SCR-000595,2025-02-05,TRX-FATT-FATT-P-2025-0087,20.01,Debiti verso fornitori,0.00,915.00,Fattura ricevuta da FleetLeasing Italia S.p.A. doc. FLT-2025-002,fattura,FATT-P-2025-0087
SCR-000596,2025-02-05,TRX-FATT-FATT-P-2025-0087,11.02,Erario c/IVA a credito,165.00,0.00,IVA a credito su doc. FLT-2025-002,fattura,FATT-P-2025-0087
SCR-000597,2025-02-05,TRX-FATT-FATT-P-2025-0087,65.02,Canoni di leasing e noleggio automezzi,750.00,0.00,"Canone di locazione a lungo termine veicoli aziendali (targa FX912LK, GY441MN) - Mese 02/2025",fattura,FATT-P-2025-0087
SCR-000598,2025-03-05,TRX-FATT-FATT-P-2025-0088,20.01,Debiti verso fornitori,0.00,915.00,Fattura ricevuta da FleetLeasing Italia S.p.A. doc. FLT-2025-003,fattura,FATT-P-2025-0088
SCR-000599,2025-03-05,TRX-FATT-FATT-P-2025-0088,11.02,Erario c/IVA a credito,165.00,0.00,IVA a credito su doc. FLT-2025-003,fattura,FATT-P-2025-0088
SCR-000600,2025-03-05,TRX-FATT-FATT-P-2025-0088,65.02,Canoni di leasing e noleggio automezzi,750.00,0.00,"Canone di locazione a lungo termine veicoli aziendali (targa FX912LK, GY441MN) - Mese 03/2025",fattura,FATT-P-2025-0088
SCR-000601,2025-04-05,TRX-FATT-FATT-P-2025-0089,20.01,Debiti verso fornitori,0.00,915.00,Fattura ricevuta da FleetLeasing Italia S.p.A. doc. FLT-2025-004,fattura,FATT-P-2025-0089
SCR-000602,2025-04-05,TRX-FATT-FATT-P-2025-0089,11.02,Erario c/IVA a credito,165.00,0.00,IVA a credito su doc. FLT-2025-004,fattura,FATT-P-2025-0089
SCR-000603,2025-04-05,TRX-FATT-FATT-P-2025-0089,65.02,Canoni di leasing e noleggio automezzi,750.00,0.00,"Canone di locazione a lungo termine veicoli aziendali (targa FX912LK, GY441MN) - Mese 04/2025",fattura,FATT-P-2025-0089
SCR-000604,2025-05-05,TRX-FATT-FATT-P-2025-0090,20.01,Debiti verso fornitori,0.00,915.00,Fattura ricevuta da FleetLeasing Italia S.p.A. doc. FLT-2025-005,fattura,FATT-P-2025-0090
SCR-000605,2025-05-05,TRX-FATT-FATT-P-2025-0090,11.02,Erario c/IVA a credito,165.00,0.00,IVA a credito su doc. FLT-2025-005,fattura,FATT-P-2025-0090
SCR-000606,2025-05-05,TRX-FATT-FATT-P-2025-0090,65.02,Canoni di leasing e noleggio automezzi,750.00,0.00,"Canone di locazione a lungo termine veicoli aziendali (targa FX912LK, GY441MN) - Mese 05/2025",fattura,FATT-P-2025-0090
SCR-000607,2025-06-05,TRX-FATT-FATT-P-2025-0091,20.01,Debiti verso fornitori,0.00,915.00,Fattura ricevuta da FleetLeasing Italia S.p.A. doc. FLT-2025-006,fattura,FATT-P-2025-0091
SCR-000608,2025-06-05,TRX-FATT-FATT-P-2025-0091,11.02,Erario c/IVA a credito,165.00,0.00,IVA a credito su doc. FLT-2025-006,fattura,FATT-P-2025-0091
SCR-000609,2025-06-05,TRX-FATT-FATT-P-2025-0091,65.02,Canoni di leasing e noleggio automezzi,750.00,0.00,"Canone di locazione a lungo termine veicoli aziendali (targa FX912LK, GY441MN) - Mese 06/2025",fattura,FATT-P-2025-0091
SCR-000610,2025-07-05,TRX-FATT-FATT-P-2025-0092,20.01,Debiti verso fornitori,0.00,915.00,Fattura ricevuta da FleetLeasing Italia S.p.A. doc. FLT-2025-007,fattura,FATT-P-2025-0092
SCR-000611,2025-07-05,TRX-FATT-FATT-P-2025-0092,11.02,Erario c/IVA a credito,165.00,0.00,IVA a credito su doc. FLT-2025-007,fattura,FATT-P-2025-0092
SCR-000612,2025-07-05,TRX-FATT-FATT-P-2025-0092,65.02,Canoni di leasing e noleggio automezzi,750.00,0.00,"Canone di locazione a lungo termine veicoli aziendali (targa FX912LK, GY441MN) - Mese 07/2025",fattura,FATT-P-2025-0092
SCR-000613,2025-08-05,TRX-FATT-FATT-P-2025-0093,20.01,Debiti verso fornitori,0.00,915.00,Fattura ricevuta da FleetLeasing Italia S.p.A. doc. FLT-2025-008,fattura,FATT-P-2025-0093
SCR-000614,2025-08-05,TRX-FATT-FATT-P-2025-0093,11.02,Erario c/IVA a credito,165.00,0.00,IVA a credito su doc. FLT-2025-008,fattura,FATT-P-2025-0093
SCR-000615,2025-08-05,TRX-FATT-FATT-P-2025-0093,65.02,Canoni di leasing e noleggio automezzi,750.00,0.00,"Canone di locazione a lungo termine veicoli aziendali (targa FX912LK, GY441MN) - Mese 08/2025",fattura,FATT-P-2025-0093
SCR-000616,2025-09-05,TRX-FATT-FATT-P-2025-0094,20.01,Debiti verso fornitori,0.00,915.00,Fattura ricevuta da FleetLeasing Italia S.p.A. doc. FLT-2025-009,fattura,FATT-P-2025-0094
SCR-000617,2025-09-05,TRX-FATT-FATT-P-2025-0094,11.02,Erario c/IVA a credito,165.00,0.00,IVA a credito su doc. FLT-2025-009,fattura,FATT-P-2025-0094
SCR-000618,2025-09-05,TRX-FATT-FATT-P-2025-0094,65.02,Canoni di leasing e noleggio automezzi,750.00,0.00,"Canone di locazione a lungo termine veicoli aziendali (targa FX912LK, GY441MN) - Mese 09/2025",fattura,FATT-P-2025-0094
SCR-000619,2025-10-05,TRX-FATT-FATT-P-2025-0095,20.01,Debiti verso fornitori,0.00,915.00,Fattura ricevuta da FleetLeasing Italia S.p.A. doc. FLT-2025-010,fattura,FATT-P-2025-0095
SCR-000620,2025-10-05,TRX-FATT-FATT-P-2025-0095,11.02,Erario c/IVA a credito,165.00,0.00,IVA a credito su doc. FLT-2025-010,fattura,FATT-P-2025-0095
SCR-000621,2025-10-05,TRX-FATT-FATT-P-2025-0095,65.02,Canoni di leasing e noleggio automezzi,750.00,0.00,"Canone di locazione a lungo termine veicoli aziendali (targa FX912LK, GY441MN) - Mese 10/2025",fattura,FATT-P-2025-0095
SCR-000622,2025-11-05,TRX-FATT-FATT-P-2025-0096,20.01,Debiti verso fornitori,0.00,915.00,Fattura ricevuta da FleetLeasing Italia S.p.A. doc. FLT-2025-011,fattura,FATT-P-2025-0096
SCR-000623,2025-11-05,TRX-FATT-FATT-P-2025-0096,11.02,Erario c/IVA a credito,165.00,0.00,IVA a credito su doc. FLT-2025-011,fattura,FATT-P-2025-0096
SCR-000624,2025-11-05,TRX-FATT-FATT-P-2025-0096,65.02,Canoni di leasing e noleggio automezzi,750.00,0.00,"Canone di locazione a lungo termine veicoli aziendali (targa FX912LK, GY441MN) - Mese 11/2025",fattura,FATT-P-2025-0096
SCR-000625,2025-12-05,TRX-FATT-FATT-P-2025-0097,20.01,Debiti verso fornitori,0.00,915.00,Fattura ricevuta da FleetLeasing Italia S.p.A. doc. FLT-2025-012,fattura,FATT-P-2025-0097
SCR-000626,2025-12-05,TRX-FATT-FATT-P-2025-0097,11.02,Erario c/IVA a credito,165.00,0.00,IVA a credito su doc. FLT-2025-012,fattura,FATT-P-2025-0097
SCR-000627,2025-12-05,TRX-FATT-FATT-P-2025-0097,65.02,Canoni di leasing e noleggio automezzi,750.00,0.00,"Canone di locazione a lungo termine veicoli aziendali (targa FX912LK, GY441MN) - Mese 12/2025",fattura,FATT-P-2025-0097
SCR-000628,2025-01-28,TRX-FATT-FATT-P-2025-0098,20.01,Debiti verso fornitori,0.00,610.00,Fattura ricevuta da Punto Pulito S.r.l. doc. PUNT-2025-001,fattura,FATT-P-2025-0098
SCR-000629,2025-01-28,TRX-FATT-FATT-P-2025-0098,11.02,Erario c/IVA a credito,110.00,0.00,IVA a credito su doc. PUNT-2025-001,fattura,FATT-P-2025-0098
SCR-000630,2025-01-28,TRX-FATT-FATT-P-2025-0098,66.01,Spese di pulizia e manutenzione locali,500.00,0.00,Servizio pulizia e igienizzazione ambienti ufficio e fornitura materiale consumo - Mese 01/2025,fattura,FATT-P-2025-0098
SCR-000631,2025-02-28,TRX-FATT-FATT-P-2025-0099,20.01,Debiti verso fornitori,0.00,610.00,Fattura ricevuta da Punto Pulito S.r.l. doc. PUNT-2025-002,fattura,FATT-P-2025-0099
SCR-000632,2025-02-28,TRX-FATT-FATT-P-2025-0099,11.02,Erario c/IVA a credito,110.00,0.00,IVA a credito su doc. PUNT-2025-002,fattura,FATT-P-2025-0099
SCR-000633,2025-02-28,TRX-FATT-FATT-P-2025-0099,66.01,Spese di pulizia e manutenzione locali,500.00,0.00,Servizio pulizia e igienizzazione ambienti ufficio e fornitura materiale consumo - Mese 02/2025,fattura,FATT-P-2025-0099
SCR-000634,2025-03-28,TRX-FATT-FATT-P-2025-0100,20.01,Debiti verso fornitori,0.00,610.00,Fattura ricevuta da Punto Pulito S.r.l. doc. PUNT-2025-003,fattura,FATT-P-2025-0100
SCR-000635,2025-03-28,TRX-FATT-FATT-P-2025-0100,11.02,Erario c/IVA a credito,110.00,0.00,IVA a credito su doc. PUNT-2025-003,fattura,FATT-P-2025-0100
SCR-000636,2025-03-28,TRX-FATT-FATT-P-2025-0100,66.01,Spese di pulizia e manutenzione locali,500.00,0.00,Servizio pulizia e igienizzazione ambienti ufficio e fornitura materiale consumo - Mese 03/2025,fattura,FATT-P-2025-0100
SCR-000637,2025-04-28,TRX-FATT-FATT-P-2025-0101,20.01,Debiti verso fornitori,0.00,610.00,Fattura ricevuta da Punto Pulito S.r.l. doc. PUNT-2025-004,fattura,FATT-P-2025-0101
SCR-000638,2025-04-28,TRX-FATT-FATT-P-2025-0101,11.02,Erario c/IVA a credito,110.00,0.00,IVA a credito su doc. PUNT-2025-004,fattura,FATT-P-2025-0101
SCR-000639,2025-04-28,TRX-FATT-FATT-P-2025-0101,66.01,Spese di pulizia e manutenzione locali,500.00,0.00,Servizio pulizia e igienizzazione ambienti ufficio e fornitura materiale consumo - Mese 04/2025,fattura,FATT-P-2025-0101
SCR-000640,2025-05-28,TRX-FATT-FATT-P-2025-0102,20.01,Debiti verso fornitori,0.00,610.00,Fattura ricevuta da Punto Pulito S.r.l. doc. PUNT-2025-005,fattura,FATT-P-2025-0102
SCR-000641,2025-05-28,TRX-FATT-FATT-P-2025-0102,11.02,Erario c/IVA a credito,110.00,0.00,IVA a credito su doc. PUNT-2025-005,fattura,FATT-P-2025-0102
SCR-000642,2025-05-28,TRX-FATT-FATT-P-2025-0102,66.01,Spese di pulizia e manutenzione locali,500.00,0.00,Servizio pulizia e igienizzazione ambienti ufficio e fornitura materiale consumo - Mese 05/2025,fattura,FATT-P-2025-0102
SCR-000643,2025-06-28,TRX-FATT-FATT-P-2025-0103,20.01,Debiti verso fornitori,0.00,610.00,Fattura ricevuta da Punto Pulito S.r.l. doc. PUNT-2025-006,fattura,FATT-P-2025-0103
SCR-000644,2025-06-28,TRX-FATT-FATT-P-2025-0103,11.02,Erario c/IVA a credito,110.00,0.00,IVA a credito su doc. PUNT-2025-006,fattura,FATT-P-2025-0103
SCR-000645,2025-06-28,TRX-FATT-FATT-P-2025-0103,66.01,Spese di pulizia e manutenzione locali,500.00,0.00,Servizio pulizia e igienizzazione ambienti ufficio e fornitura materiale consumo - Mese 06/2025,fattura,FATT-P-2025-0103
SCR-000646,2025-07-28,TRX-FATT-FATT-P-2025-0104,20.01,Debiti verso fornitori,0.00,610.00,Fattura ricevuta da Punto Pulito S.r.l. doc. PUNT-2025-007,fattura,FATT-P-2025-0104
SCR-000647,2025-07-28,TRX-FATT-FATT-P-2025-0104,11.02,Erario c/IVA a credito,110.00,0.00,IVA a credito su doc. PUNT-2025-007,fattura,FATT-P-2025-0104
SCR-000648,2025-07-28,TRX-FATT-FATT-P-2025-0104,66.01,Spese di pulizia e manutenzione locali,500.00,0.00,Servizio pulizia e igienizzazione ambienti ufficio e fornitura materiale consumo - Mese 07/2025,fattura,FATT-P-2025-0104
SCR-000649,2025-08-28,TRX-FATT-FATT-P-2025-0105,20.01,Debiti verso fornitori,0.00,610.00,Fattura ricevuta da Punto Pulito S.r.l. doc. PUNT-2025-008,fattura,FATT-P-2025-0105
SCR-000650,2025-08-28,TRX-FATT-FATT-P-2025-0105,11.02,Erario c/IVA a credito,110.00,0.00,IVA a credito su doc. PUNT-2025-008,fattura,FATT-P-2025-0105
SCR-000651,2025-08-28,TRX-FATT-FATT-P-2025-0105,66.01,Spese di pulizia e manutenzione locali,500.00,0.00,Servizio pulizia e igienizzazione ambienti ufficio e fornitura materiale consumo - Mese 08/2025,fattura,FATT-P-2025-0105
SCR-000652,2025-09-28,TRX-FATT-FATT-P-2025-0106,20.01,Debiti verso fornitori,0.00,610.00,Fattura ricevuta da Punto Pulito S.r.l. doc. PUNT-2025-009,fattura,FATT-P-2025-0106
SCR-000653,2025-09-28,TRX-FATT-FATT-P-2025-0106,11.02,Erario c/IVA a credito,110.00,0.00,IVA a credito su doc. PUNT-2025-009,fattura,FATT-P-2025-0106
SCR-000654,2025-09-28,TRX-FATT-FATT-P-2025-0106,66.01,Spese di pulizia e manutenzione locali,500.00,0.00,Servizio pulizia e igienizzazione ambienti ufficio e fornitura materiale consumo - Mese 09/2025,fattura,FATT-P-2025-0106
SCR-000655,2025-10-28,TRX-FATT-FATT-P-2025-0107,20.01,Debiti verso fornitori,0.00,610.00,Fattura ricevuta da Punto Pulito S.r.l. doc. PUNT-2025-010,fattura,FATT-P-2025-0107
SCR-000656,2025-10-28,TRX-FATT-FATT-P-2025-0107,11.02,Erario c/IVA a credito,110.00,0.00,IVA a credito su doc. PUNT-2025-010,fattura,FATT-P-2025-0107
SCR-000657,2025-10-28,TRX-FATT-FATT-P-2025-0107,66.01,Spese di pulizia e manutenzione locali,500.00,0.00,Servizio pulizia e igienizzazione ambienti ufficio e fornitura materiale consumo - Mese 10/2025,fattura,FATT-P-2025-0107
SCR-000658,2025-11-28,TRX-FATT-FATT-P-2025-0108,20.01,Debiti verso fornitori,0.00,610.00,Fattura ricevuta da Punto Pulito S.r.l. doc. PUNT-2025-011,fattura,FATT-P-2025-0108
SCR-000659,2025-11-28,TRX-FATT-FATT-P-2025-0108,11.02,Erario c/IVA a credito,110.00,0.00,IVA a credito su doc. PUNT-2025-011,fattura,FATT-P-2025-0108
SCR-000660,2025-11-28,TRX-FATT-FATT-P-2025-0108,66.01,Spese di pulizia e manutenzione locali,500.00,0.00,Servizio pulizia e igienizzazione ambienti ufficio e fornitura materiale consumo - Mese 11/2025,fattura,FATT-P-2025-0108
SCR-000661,2025-12-28,TRX-FATT-FATT-P-2025-0109,20.01,Debiti verso fornitori,0.00,610.00,Fattura ricevuta da Punto Pulito S.r.l. doc. PUNT-2025-012,fattura,FATT-P-2025-0109
SCR-000662,2025-12-28,TRX-FATT-FATT-P-2025-0109,11.02,Erario c/IVA a credito,110.00,0.00,IVA a credito su doc. PUNT-2025-012,fattura,FATT-P-2025-0109
SCR-000663,2025-12-28,TRX-FATT-FATT-P-2025-0109,66.01,Spese di pulizia e manutenzione locali,500.00,0.00,Servizio pulizia e igienizzazione ambienti ufficio e fornitura materiale consumo - Mese 12/2025,fattura,FATT-P-2025-0109
SCR-000664,2025-01-18,TRX-FATT-FATT-P-2025-0110,20.01,Debiti verso fornitori,0.00,1220.00,Fattura ricevuta da MediaBrand Studio S.r.l. doc. MDB-2025-001,fattura,FATT-P-2025-0110
SCR-000665,2025-01-18,TRX-FATT-FATT-P-2025-0110,11.02,Erario c/IVA a credito,220.00,0.00,IVA a credito su doc. MDB-2025-001,fattura,FATT-P-2025-0110
SCR-000666,2025-01-18,TRX-FATT-FATT-P-2025-0110,66.02,"Spese marketing, grafica e comunicazione",1000.00,0.00,"Attività di digital marketing, posizionamento SEO, gestione canali social e lead generation - Mese 01/2025",fattura,FATT-P-2025-0110
SCR-000667,2025-02-18,TRX-FATT-FATT-P-2025-0111,20.01,Debiti verso fornitori,0.00,1220.00,Fattura ricevuta da MediaBrand Studio S.r.l. doc. MDB-2025-002,fattura,FATT-P-2025-0111
SCR-000668,2025-02-18,TRX-FATT-FATT-P-2025-0111,11.02,Erario c/IVA a credito,220.00,0.00,IVA a credito su doc. MDB-2025-002,fattura,FATT-P-2025-0111
SCR-000669,2025-02-18,TRX-FATT-FATT-P-2025-0111,66.02,"Spese marketing, grafica e comunicazione",1000.00,0.00,"Attività di digital marketing, posizionamento SEO, gestione canali social e lead generation - Mese 02/2025",fattura,FATT-P-2025-0111
SCR-000670,2025-03-18,TRX-FATT-FATT-P-2025-0112,20.01,Debiti verso fornitori,0.00,1220.00,Fattura ricevuta da MediaBrand Studio S.r.l. doc. MDB-2025-003,fattura,FATT-P-2025-0112
SCR-000671,2025-03-18,TRX-FATT-FATT-P-2025-0112,11.02,Erario c/IVA a credito,220.00,0.00,IVA a credito su doc. MDB-2025-003,fattura,FATT-P-2025-0112
SCR-000672,2025-03-18,TRX-FATT-FATT-P-2025-0112,66.02,"Spese marketing, grafica e comunicazione",1000.00,0.00,"Attività di digital marketing, posizionamento SEO, gestione canali social e lead generation - Mese 03/2025",fattura,FATT-P-2025-0112
SCR-000673,2025-04-18,TRX-FATT-FATT-P-2025-0113,20.01,Debiti verso fornitori,0.00,1220.00,Fattura ricevuta da MediaBrand Studio S.r.l. doc. MDB-2025-004,fattura,FATT-P-2025-0113
SCR-000674,2025-04-18,TRX-FATT-FATT-P-2025-0113,11.02,Erario c/IVA a credito,220.00,0.00,IVA a credito su doc. MDB-2025-004,fattura,FATT-P-2025-0113
SCR-000675,2025-04-18,TRX-FATT-FATT-P-2025-0113,66.02,"Spese marketing, grafica e comunicazione",1000.00,0.00,"Attività di digital marketing, posizionamento SEO, gestione canali social e lead generation - Mese 04/2025",fattura,FATT-P-2025-0113
SCR-000676,2025-05-18,TRX-FATT-FATT-P-2025-0114,20.01,Debiti verso fornitori,0.00,1220.00,Fattura ricevuta da MediaBrand Studio S.r.l. doc. MDB-2025-005,fattura,FATT-P-2025-0114
SCR-000677,2025-05-18,TRX-FATT-FATT-P-2025-0114,11.02,Erario c/IVA a credito,220.00,0.00,IVA a credito su doc. MDB-2025-005,fattura,FATT-P-2025-0114
SCR-000678,2025-05-18,TRX-FATT-FATT-P-2025-0114,66.02,"Spese marketing, grafica e comunicazione",1000.00,0.00,"Attività di digital marketing, posizionamento SEO, gestione canali social e lead generation - Mese 05/2025",fattura,FATT-P-2025-0114
SCR-000679,2025-06-18,TRX-FATT-FATT-P-2025-0115,20.01,Debiti verso fornitori,0.00,1220.00,Fattura ricevuta da MediaBrand Studio S.r.l. doc. MDB-2025-006,fattura,FATT-P-2025-0115
SCR-000680,2025-06-18,TRX-FATT-FATT-P-2025-0115,11.02,Erario c/IVA a credito,220.00,0.00,IVA a credito su doc. MDB-2025-006,fattura,FATT-P-2025-0115
SCR-000681,2025-06-18,TRX-FATT-FATT-P-2025-0115,66.02,"Spese marketing, grafica e comunicazione",1000.00,0.00,"Attività di digital marketing, posizionamento SEO, gestione canali social e lead generation - Mese 06/2025",fattura,FATT-P-2025-0115
SCR-000682,2025-07-18,TRX-FATT-FATT-P-2025-0116,20.01,Debiti verso fornitori,0.00,1220.00,Fattura ricevuta da MediaBrand Studio S.r.l. doc. MDB-2025-007,fattura,FATT-P-2025-0116
SCR-000683,2025-07-18,TRX-FATT-FATT-P-2025-0116,11.02,Erario c/IVA a credito,220.00,0.00,IVA a credito su doc. MDB-2025-007,fattura,FATT-P-2025-0116
SCR-000684,2025-07-18,TRX-FATT-FATT-P-2025-0116,66.02,"Spese marketing, grafica e comunicazione",1000.00,0.00,"Attività di digital marketing, posizionamento SEO, gestione canali social e lead generation - Mese 07/2025",fattura,FATT-P-2025-0116
SCR-000685,2025-08-18,TRX-FATT-FATT-P-2025-0117,20.01,Debiti verso fornitori,0.00,1220.00,Fattura ricevuta da MediaBrand Studio S.r.l. doc. MDB-2025-008,fattura,FATT-P-2025-0117
SCR-000686,2025-08-18,TRX-FATT-FATT-P-2025-0117,11.02,Erario c/IVA a credito,220.00,0.00,IVA a credito su doc. MDB-2025-008,fattura,FATT-P-2025-0117
SCR-000687,2025-08-18,TRX-FATT-FATT-P-2025-0117,66.02,"Spese marketing, grafica e comunicazione",1000.00,0.00,"Attività di digital marketing, posizionamento SEO, gestione canali social e lead generation - Mese 08/2025",fattura,FATT-P-2025-0117
SCR-000688,2025-09-18,TRX-FATT-FATT-P-2025-0118,20.01,Debiti verso fornitori,0.00,1220.00,Fattura ricevuta da MediaBrand Studio S.r.l. doc. MDB-2025-009,fattura,FATT-P-2025-0118
SCR-000689,2025-09-18,TRX-FATT-FATT-P-2025-0118,11.02,Erario c/IVA a credito,220.00,0.00,IVA a credito su doc. MDB-2025-009,fattura,FATT-P-2025-0118
SCR-000690,2025-09-18,TRX-FATT-FATT-P-2025-0118,66.02,"Spese marketing, grafica e comunicazione",1000.00,0.00,"Attività di digital marketing, posizionamento SEO, gestione canali social e lead generation - Mese 09/2025",fattura,FATT-P-2025-0118
SCR-000691,2025-10-18,TRX-FATT-FATT-P-2025-0119,20.01,Debiti verso fornitori,0.00,1220.00,Fattura ricevuta da MediaBrand Studio S.r.l. doc. MDB-2025-010,fattura,FATT-P-2025-0119
SCR-000692,2025-10-18,TRX-FATT-FATT-P-2025-0119,11.02,Erario c/IVA a credito,220.00,0.00,IVA a credito su doc. MDB-2025-010,fattura,FATT-P-2025-0119
SCR-000693,2025-10-18,TRX-FATT-FATT-P-2025-0119,66.02,"Spese marketing, grafica e comunicazione",1000.00,0.00,"Attività di digital marketing, posizionamento SEO, gestione canali social e lead generation - Mese 10/2025",fattura,FATT-P-2025-0119
SCR-000694,2025-11-18,TRX-FATT-FATT-P-2025-0120,20.01,Debiti verso fornitori,0.00,1220.00,Fattura ricevuta da MediaBrand Studio S.r.l. doc. MDB-2025-011,fattura,FATT-P-2025-0120
SCR-000695,2025-11-18,TRX-FATT-FATT-P-2025-0120,11.02,Erario c/IVA a credito,220.00,0.00,IVA a credito su doc. MDB-2025-011,fattura,FATT-P-2025-0120
SCR-000696,2025-11-18,TRX-FATT-FATT-P-2025-0120,66.02,"Spese marketing, grafica e comunicazione",1000.00,0.00,"Attività di digital marketing, posizionamento SEO, gestione canali social e lead generation - Mese 11/2025",fattura,FATT-P-2025-0120
SCR-000697,2025-12-18,TRX-FATT-FATT-P-2025-0121,20.01,Debiti verso fornitori,0.00,1220.00,Fattura ricevuta da MediaBrand Studio S.r.l. doc. MDB-2025-012,fattura,FATT-P-2025-0121
SCR-000698,2025-12-18,TRX-FATT-FATT-P-2025-0121,11.02,Erario c/IVA a credito,220.00,0.00,IVA a credito su doc. MDB-2025-012,fattura,FATT-P-2025-0121
SCR-000699,2025-12-18,TRX-FATT-FATT-P-2025-0121,66.02,"Spese marketing, grafica e comunicazione",1000.00,0.00,"Attività di digital marketing, posizionamento SEO, gestione canali social e lead generation - Mese 12/2025",fattura,FATT-P-2025-0121
SCR-000700,2025-01-31,TRX-FATT-FATT-P-2025-0122,20.01,Debiti verso fornitori,0.00,4270.00,Fattura ricevuta da Dott. Marco Rinaldi doc. PAR-RNL-2025-01,fattura,FATT-P-2025-0122
SCR-000701,2025-01-31,TRX-FATT-FATT-P-2025-0122,11.02,Erario c/IVA a credito,770.00,0.00,IVA a credito su doc. PAR-RNL-2025-01,fattura,FATT-P-2025-0122
SCR-000702,2025-01-31,TRX-FATT-FATT-P-2025-0122,61.01,Consulenze professionali freelance,3500.00,0.00,Consulenza architettura software backend e microservizi cloud-native - Consuntivo mese 01/2025,fattura,FATT-P-2025-0122
SCR-000703,2025-01-31,TRX-FATT-FATT-P-2025-0123,20.01,Debiti verso fornitori,0.00,4270.00,Fattura ricevuta da Ing. Sara De Luca doc. PAR-DLC-2025-01,fattura,FATT-P-2025-0123
SCR-000704,2025-01-31,TRX-FATT-FATT-P-2025-0123,11.02,Erario c/IVA a credito,770.00,0.00,IVA a credito su doc. PAR-DLC-2025-01,fattura,FATT-P-2025-0123
SCR-000705,2025-01-31,TRX-FATT-FATT-P-2025-0123,61.01,Consulenze professionali freelance,3500.00,0.00,"Consulenza specialistica intelligenza artificiale, modelli predittivi e pipeline dati - Consuntivo mese 01/2025",fattura,FATT-P-2025-0123
SCR-000706,2025-01-31,TRX-FATT-FATT-P-2025-0124,20.01,Debiti verso fornitori,0.00,3660.00,Fattura ricevuta da Dott. Matteo Riva doc. PAR-RIV-2025-01,fattura,FATT-P-2025-0124
SCR-000707,2025-01-31,TRX-FATT-FATT-P-2025-0124,11.02,Erario c/IVA a credito,660.00,0.00,IVA a credito su doc. PAR-RIV-2025-01,fattura,FATT-P-2025-0124
SCR-000708,2025-01-31,TRX-FATT-FATT-P-2025-0124,61.01,Consulenze professionali freelance,3000.00,0.00,"Consulenza progettazione UX/UI, wireframing e design system applicativo - Consuntivo mese 01/2025",fattura,FATT-P-2025-0124
SCR-000709,2025-02-28,TRX-FATT-FATT-P-2025-0125,20.01,Debiti verso fornitori,0.00,4270.00,Fattura ricevuta da Dott. Marco Rinaldi doc. PAR-RNL-2025-02,fattura,FATT-P-2025-0125
SCR-000710,2025-02-28,TRX-FATT-FATT-P-2025-0125,11.02,Erario c/IVA a credito,770.00,0.00,IVA a credito su doc. PAR-RNL-2025-02,fattura,FATT-P-2025-0125
SCR-000711,2025-02-28,TRX-FATT-FATT-P-2025-0125,61.01,Consulenze professionali freelance,3500.00,0.00,Consulenza architettura software backend e microservizi cloud-native - Consuntivo mese 02/2025,fattura,FATT-P-2025-0125
SCR-000712,2025-02-28,TRX-FATT-FATT-P-2025-0126,20.01,Debiti verso fornitori,0.00,4270.00,Fattura ricevuta da Ing. Sara De Luca doc. PAR-DLC-2025-02,fattura,FATT-P-2025-0126
SCR-000713,2025-02-28,TRX-FATT-FATT-P-2025-0126,11.02,Erario c/IVA a credito,770.00,0.00,IVA a credito su doc. PAR-DLC-2025-02,fattura,FATT-P-2025-0126
SCR-000714,2025-02-28,TRX-FATT-FATT-P-2025-0126,61.01,Consulenze professionali freelance,3500.00,0.00,"Consulenza specialistica intelligenza artificiale, modelli predittivi e pipeline dati - Consuntivo mese 02/2025",fattura,FATT-P-2025-0126
SCR-000715,2025-02-28,TRX-FATT-FATT-P-2025-0127,20.01,Debiti verso fornitori,0.00,3660.00,Fattura ricevuta da Dott. Matteo Riva doc. PAR-RIV-2025-02,fattura,FATT-P-2025-0127
SCR-000716,2025-02-28,TRX-FATT-FATT-P-2025-0127,11.02,Erario c/IVA a credito,660.00,0.00,IVA a credito su doc. PAR-RIV-2025-02,fattura,FATT-P-2025-0127
SCR-000717,2025-02-28,TRX-FATT-FATT-P-2025-0127,61.01,Consulenze professionali freelance,3000.00,0.00,"Consulenza progettazione UX/UI, wireframing e design system applicativo - Consuntivo mese 02/2025",fattura,FATT-P-2025-0127
SCR-000718,2025-03-31,TRX-FATT-FATT-P-2025-0128,20.01,Debiti verso fornitori,0.00,4270.00,Fattura ricevuta da Dott. Marco Rinaldi doc. PAR-RNL-2025-03,fattura,FATT-P-2025-0128
SCR-000719,2025-03-31,TRX-FATT-FATT-P-2025-0128,11.02,Erario c/IVA a credito,770.00,0.00,IVA a credito su doc. PAR-RNL-2025-03,fattura,FATT-P-2025-0128
SCR-000720,2025-03-31,TRX-FATT-FATT-P-2025-0128,61.01,Consulenze professionali freelance,3500.00,0.00,Consulenza architettura software backend e microservizi cloud-native - Consuntivo mese 03/2025,fattura,FATT-P-2025-0128
SCR-000721,2025-03-31,TRX-FATT-FATT-P-2025-0129,20.01,Debiti verso fornitori,0.00,4270.00,Fattura ricevuta da Ing. Sara De Luca doc. PAR-DLC-2025-03,fattura,FATT-P-2025-0129
SCR-000722,2025-03-31,TRX-FATT-FATT-P-2025-0129,11.02,Erario c/IVA a credito,770.00,0.00,IVA a credito su doc. PAR-DLC-2025-03,fattura,FATT-P-2025-0129
SCR-000723,2025-03-31,TRX-FATT-FATT-P-2025-0129,61.01,Consulenze professionali freelance,3500.00,0.00,"Consulenza specialistica intelligenza artificiale, modelli predittivi e pipeline dati - Consuntivo mese 03/2025",fattura,FATT-P-2025-0129
SCR-000724,2025-03-31,TRX-FATT-FATT-P-2025-0130,20.01,Debiti verso fornitori,0.00,3660.00,Fattura ricevuta da Dott. Matteo Riva doc. PAR-RIV-2025-03,fattura,FATT-P-2025-0130
SCR-000725,2025-03-31,TRX-FATT-FATT-P-2025-0130,11.02,Erario c/IVA a credito,660.00,0.00,IVA a credito su doc. PAR-RIV-2025-03,fattura,FATT-P-2025-0130
SCR-000726,2025-03-31,TRX-FATT-FATT-P-2025-0130,61.01,Consulenze professionali freelance,3000.00,0.00,"Consulenza progettazione UX/UI, wireframing e design system applicativo - Consuntivo mese 03/2025",fattura,FATT-P-2025-0130
SCR-000727,2025-04-30,TRX-FATT-FATT-P-2025-0131,20.01,Debiti verso fornitori,0.00,4270.00,Fattura ricevuta da Dott. Marco Rinaldi doc. PAR-RNL-2025-04,fattura,FATT-P-2025-0131
SCR-000728,2025-04-30,TRX-FATT-FATT-P-2025-0131,11.02,Erario c/IVA a credito,770.00,0.00,IVA a credito su doc. PAR-RNL-2025-04,fattura,FATT-P-2025-0131
SCR-000729,2025-04-30,TRX-FATT-FATT-P-2025-0131,61.01,Consulenze professionali freelance,3500.00,0.00,Consulenza architettura software backend e microservizi cloud-native - Consuntivo mese 04/2025,fattura,FATT-P-2025-0131
SCR-000730,2025-04-30,TRX-FATT-FATT-P-2025-0132,20.01,Debiti verso fornitori,0.00,4270.00,Fattura ricevuta da Ing. Sara De Luca doc. PAR-DLC-2025-04,fattura,FATT-P-2025-0132
SCR-000731,2025-04-30,TRX-FATT-FATT-P-2025-0132,11.02,Erario c/IVA a credito,770.00,0.00,IVA a credito su doc. PAR-DLC-2025-04,fattura,FATT-P-2025-0132
SCR-000732,2025-04-30,TRX-FATT-FATT-P-2025-0132,61.01,Consulenze professionali freelance,3500.00,0.00,"Consulenza specialistica intelligenza artificiale, modelli predittivi e pipeline dati - Consuntivo mese 04/2025",fattura,FATT-P-2025-0132
SCR-000733,2025-04-30,TRX-FATT-FATT-P-2025-0133,20.01,Debiti verso fornitori,0.00,3660.00,Fattura ricevuta da Dott. Matteo Riva doc. PAR-RIV-2025-04,fattura,FATT-P-2025-0133
SCR-000734,2025-04-30,TRX-FATT-FATT-P-2025-0133,11.02,Erario c/IVA a credito,660.00,0.00,IVA a credito su doc. PAR-RIV-2025-04,fattura,FATT-P-2025-0133
SCR-000735,2025-04-30,TRX-FATT-FATT-P-2025-0133,61.01,Consulenze professionali freelance,3000.00,0.00,"Consulenza progettazione UX/UI, wireframing e design system applicativo - Consuntivo mese 04/2025",fattura,FATT-P-2025-0133
SCR-000736,2025-05-31,TRX-FATT-FATT-P-2025-0134,20.01,Debiti verso fornitori,0.00,4270.00,Fattura ricevuta da Dott. Marco Rinaldi doc. PAR-RNL-2025-05,fattura,FATT-P-2025-0134
SCR-000737,2025-05-31,TRX-FATT-FATT-P-2025-0134,11.02,Erario c/IVA a credito,770.00,0.00,IVA a credito su doc. PAR-RNL-2025-05,fattura,FATT-P-2025-0134
SCR-000738,2025-05-31,TRX-FATT-FATT-P-2025-0134,61.01,Consulenze professionali freelance,3500.00,0.00,Consulenza architettura software backend e microservizi cloud-native - Consuntivo mese 05/2025,fattura,FATT-P-2025-0134
SCR-000739,2025-05-31,TRX-FATT-FATT-P-2025-0135,20.01,Debiti verso fornitori,0.00,4270.00,Fattura ricevuta da Ing. Sara De Luca doc. PAR-DLC-2025-05,fattura,FATT-P-2025-0135
SCR-000740,2025-05-31,TRX-FATT-FATT-P-2025-0135,11.02,Erario c/IVA a credito,770.00,0.00,IVA a credito su doc. PAR-DLC-2025-05,fattura,FATT-P-2025-0135
SCR-000741,2025-05-31,TRX-FATT-FATT-P-2025-0135,61.01,Consulenze professionali freelance,3500.00,0.00,"Consulenza specialistica intelligenza artificiale, modelli predittivi e pipeline dati - Consuntivo mese 05/2025",fattura,FATT-P-2025-0135
SCR-000742,2025-05-31,TRX-FATT-FATT-P-2025-0136,20.01,Debiti verso fornitori,0.00,3660.00,Fattura ricevuta da Dott. Matteo Riva doc. PAR-RIV-2025-05,fattura,FATT-P-2025-0136
SCR-000743,2025-05-31,TRX-FATT-FATT-P-2025-0136,11.02,Erario c/IVA a credito,660.00,0.00,IVA a credito su doc. PAR-RIV-2025-05,fattura,FATT-P-2025-0136
SCR-000744,2025-05-31,TRX-FATT-FATT-P-2025-0136,61.01,Consulenze professionali freelance,3000.00,0.00,"Consulenza progettazione UX/UI, wireframing e design system applicativo - Consuntivo mese 05/2025",fattura,FATT-P-2025-0136
SCR-000745,2025-06-30,TRX-FATT-FATT-P-2025-0137,20.01,Debiti verso fornitori,0.00,4270.00,Fattura ricevuta da Dott. Marco Rinaldi doc. PAR-RNL-2025-06,fattura,FATT-P-2025-0137
SCR-000746,2025-06-30,TRX-FATT-FATT-P-2025-0137,11.02,Erario c/IVA a credito,770.00,0.00,IVA a credito su doc. PAR-RNL-2025-06,fattura,FATT-P-2025-0137
SCR-000747,2025-06-30,TRX-FATT-FATT-P-2025-0137,61.01,Consulenze professionali freelance,3500.00,0.00,Consulenza architettura software backend e microservizi cloud-native - Consuntivo mese 06/2025,fattura,FATT-P-2025-0137
SCR-000748,2025-06-30,TRX-FATT-FATT-P-2025-0138,20.01,Debiti verso fornitori,0.00,4270.00,Fattura ricevuta da Ing. Sara De Luca doc. PAR-DLC-2025-06,fattura,FATT-P-2025-0138
SCR-000749,2025-06-30,TRX-FATT-FATT-P-2025-0138,11.02,Erario c/IVA a credito,770.00,0.00,IVA a credito su doc. PAR-DLC-2025-06,fattura,FATT-P-2025-0138
SCR-000750,2025-06-30,TRX-FATT-FATT-P-2025-0138,61.01,Consulenze professionali freelance,3500.00,0.00,"Consulenza specialistica intelligenza artificiale, modelli predittivi e pipeline dati - Consuntivo mese 06/2025",fattura,FATT-P-2025-0138
SCR-000751,2025-06-30,TRX-FATT-FATT-P-2025-0139,20.01,Debiti verso fornitori,0.00,3660.00,Fattura ricevuta da Dott. Matteo Riva doc. PAR-RIV-2025-06,fattura,FATT-P-2025-0139
SCR-000752,2025-06-30,TRX-FATT-FATT-P-2025-0139,11.02,Erario c/IVA a credito,660.00,0.00,IVA a credito su doc. PAR-RIV-2025-06,fattura,FATT-P-2025-0139
SCR-000753,2025-06-30,TRX-FATT-FATT-P-2025-0139,61.01,Consulenze professionali freelance,3000.00,0.00,"Consulenza progettazione UX/UI, wireframing e design system applicativo - Consuntivo mese 06/2025",fattura,FATT-P-2025-0139
SCR-000754,2025-07-31,TRX-FATT-FATT-P-2025-0140,20.01,Debiti verso fornitori,0.00,4270.00,Fattura ricevuta da Dott. Marco Rinaldi doc. PAR-RNL-2025-07,fattura,FATT-P-2025-0140
SCR-000755,2025-07-31,TRX-FATT-FATT-P-2025-0140,11.02,Erario c/IVA a credito,770.00,0.00,IVA a credito su doc. PAR-RNL-2025-07,fattura,FATT-P-2025-0140
SCR-000756,2025-07-31,TRX-FATT-FATT-P-2025-0140,61.01,Consulenze professionali freelance,3500.00,0.00,Consulenza architettura software backend e microservizi cloud-native - Consuntivo mese 07/2025,fattura,FATT-P-2025-0140
SCR-000757,2025-07-31,TRX-FATT-FATT-P-2025-0141,20.01,Debiti verso fornitori,0.00,4270.00,Fattura ricevuta da Ing. Sara De Luca doc. PAR-DLC-2025-07,fattura,FATT-P-2025-0141
SCR-000758,2025-07-31,TRX-FATT-FATT-P-2025-0141,11.02,Erario c/IVA a credito,770.00,0.00,IVA a credito su doc. PAR-DLC-2025-07,fattura,FATT-P-2025-0141
SCR-000759,2025-07-31,TRX-FATT-FATT-P-2025-0141,61.01,Consulenze professionali freelance,3500.00,0.00,"Consulenza specialistica intelligenza artificiale, modelli predittivi e pipeline dati - Consuntivo mese 07/2025",fattura,FATT-P-2025-0141
SCR-000760,2025-07-31,TRX-FATT-FATT-P-2025-0142,20.01,Debiti verso fornitori,0.00,3660.00,Fattura ricevuta da Dott. Matteo Riva doc. PAR-RIV-2025-07,fattura,FATT-P-2025-0142
SCR-000761,2025-07-31,TRX-FATT-FATT-P-2025-0142,11.02,Erario c/IVA a credito,660.00,0.00,IVA a credito su doc. PAR-RIV-2025-07,fattura,FATT-P-2025-0142
SCR-000762,2025-07-31,TRX-FATT-FATT-P-2025-0142,61.01,Consulenze professionali freelance,3000.00,0.00,"Consulenza progettazione UX/UI, wireframing e design system applicativo - Consuntivo mese 07/2025",fattura,FATT-P-2025-0142
SCR-000763,2025-08-31,TRX-FATT-FATT-P-2025-0143,20.01,Debiti verso fornitori,0.00,4270.00,Fattura ricevuta da Dott. Marco Rinaldi doc. PAR-RNL-2025-08,fattura,FATT-P-2025-0143
SCR-000764,2025-08-31,TRX-FATT-FATT-P-2025-0143,11.02,Erario c/IVA a credito,770.00,0.00,IVA a credito su doc. PAR-RNL-2025-08,fattura,FATT-P-2025-0143
SCR-000765,2025-08-31,TRX-FATT-FATT-P-2025-0143,61.01,Consulenze professionali freelance,3500.00,0.00,Consulenza architettura software backend e microservizi cloud-native - Consuntivo mese 08/2025,fattura,FATT-P-2025-0143
SCR-000766,2025-08-31,TRX-FATT-FATT-P-2025-0144,20.01,Debiti verso fornitori,0.00,4270.00,Fattura ricevuta da Ing. Sara De Luca doc. PAR-DLC-2025-08,fattura,FATT-P-2025-0144
SCR-000767,2025-08-31,TRX-FATT-FATT-P-2025-0144,11.02,Erario c/IVA a credito,770.00,0.00,IVA a credito su doc. PAR-DLC-2025-08,fattura,FATT-P-2025-0144
SCR-000768,2025-08-31,TRX-FATT-FATT-P-2025-0144,61.01,Consulenze professionali freelance,3500.00,0.00,"Consulenza specialistica intelligenza artificiale, modelli predittivi e pipeline dati - Consuntivo mese 08/2025",fattura,FATT-P-2025-0144
SCR-000769,2025-08-31,TRX-FATT-FATT-P-2025-0145,20.01,Debiti verso fornitori,0.00,3660.00,Fattura ricevuta da Dott. Matteo Riva doc. PAR-RIV-2025-08,fattura,FATT-P-2025-0145
SCR-000770,2025-08-31,TRX-FATT-FATT-P-2025-0145,11.02,Erario c/IVA a credito,660.00,0.00,IVA a credito su doc. PAR-RIV-2025-08,fattura,FATT-P-2025-0145
SCR-000771,2025-08-31,TRX-FATT-FATT-P-2025-0145,61.01,Consulenze professionali freelance,3000.00,0.00,"Consulenza progettazione UX/UI, wireframing e design system applicativo - Consuntivo mese 08/2025",fattura,FATT-P-2025-0145
SCR-000772,2025-09-30,TRX-FATT-FATT-P-2025-0146,20.01,Debiti verso fornitori,0.00,4270.00,Fattura ricevuta da Dott. Marco Rinaldi doc. PAR-RNL-2025-09,fattura,FATT-P-2025-0146
SCR-000773,2025-09-30,TRX-FATT-FATT-P-2025-0146,11.02,Erario c/IVA a credito,770.00,0.00,IVA a credito su doc. PAR-RNL-2025-09,fattura,FATT-P-2025-0146
SCR-000774,2025-09-30,TRX-FATT-FATT-P-2025-0146,61.01,Consulenze professionali freelance,3500.00,0.00,Consulenza architettura software backend e microservizi cloud-native - Consuntivo mese 09/2025,fattura,FATT-P-2025-0146
SCR-000775,2025-09-30,TRX-FATT-FATT-P-2025-0147,20.01,Debiti verso fornitori,0.00,4270.00,Fattura ricevuta da Ing. Sara De Luca doc. PAR-DLC-2025-09,fattura,FATT-P-2025-0147
SCR-000776,2025-09-30,TRX-FATT-FATT-P-2025-0147,11.02,Erario c/IVA a credito,770.00,0.00,IVA a credito su doc. PAR-DLC-2025-09,fattura,FATT-P-2025-0147
SCR-000777,2025-09-30,TRX-FATT-FATT-P-2025-0147,61.01,Consulenze professionali freelance,3500.00,0.00,"Consulenza specialistica intelligenza artificiale, modelli predittivi e pipeline dati - Consuntivo mese 09/2025",fattura,FATT-P-2025-0147
SCR-000778,2025-09-30,TRX-FATT-FATT-P-2025-0148,20.01,Debiti verso fornitori,0.00,3660.00,Fattura ricevuta da Dott. Matteo Riva doc. PAR-RIV-2025-09,fattura,FATT-P-2025-0148
SCR-000779,2025-09-30,TRX-FATT-FATT-P-2025-0148,11.02,Erario c/IVA a credito,660.00,0.00,IVA a credito su doc. PAR-RIV-2025-09,fattura,FATT-P-2025-0148
SCR-000780,2025-09-30,TRX-FATT-FATT-P-2025-0148,61.01,Consulenze professionali freelance,3000.00,0.00,"Consulenza progettazione UX/UI, wireframing e design system applicativo - Consuntivo mese 09/2025",fattura,FATT-P-2025-0148
SCR-000781,2025-10-31,TRX-FATT-FATT-P-2025-0149,20.01,Debiti verso fornitori,0.00,4270.00,Fattura ricevuta da Dott. Marco Rinaldi doc. PAR-RNL-2025-10,fattura,FATT-P-2025-0149
SCR-000782,2025-10-31,TRX-FATT-FATT-P-2025-0149,11.02,Erario c/IVA a credito,770.00,0.00,IVA a credito su doc. PAR-RNL-2025-10,fattura,FATT-P-2025-0149
SCR-000783,2025-10-31,TRX-FATT-FATT-P-2025-0149,61.01,Consulenze professionali freelance,3500.00,0.00,Consulenza architettura software backend e microservizi cloud-native - Consuntivo mese 10/2025,fattura,FATT-P-2025-0149
SCR-000784,2025-10-31,TRX-FATT-FATT-P-2025-0150,20.01,Debiti verso fornitori,0.00,4270.00,Fattura ricevuta da Ing. Sara De Luca doc. PAR-DLC-2025-10,fattura,FATT-P-2025-0150
SCR-000785,2025-10-31,TRX-FATT-FATT-P-2025-0150,11.02,Erario c/IVA a credito,770.00,0.00,IVA a credito su doc. PAR-DLC-2025-10,fattura,FATT-P-2025-0150
SCR-000786,2025-10-31,TRX-FATT-FATT-P-2025-0150,61.01,Consulenze professionali freelance,3500.00,0.00,"Consulenza specialistica intelligenza artificiale, modelli predittivi e pipeline dati - Consuntivo mese 10/2025",fattura,FATT-P-2025-0150
SCR-000787,2025-10-31,TRX-FATT-FATT-P-2025-0151,20.01,Debiti verso fornitori,0.00,3660.00,Fattura ricevuta da Dott. Matteo Riva doc. PAR-RIV-2025-10,fattura,FATT-P-2025-0151
SCR-000788,2025-10-31,TRX-FATT-FATT-P-2025-0151,11.02,Erario c/IVA a credito,660.00,0.00,IVA a credito su doc. PAR-RIV-2025-10,fattura,FATT-P-2025-0151
SCR-000789,2025-10-31,TRX-FATT-FATT-P-2025-0151,61.01,Consulenze professionali freelance,3000.00,0.00,"Consulenza progettazione UX/UI, wireframing e design system applicativo - Consuntivo mese 10/2025",fattura,FATT-P-2025-0151
SCR-000790,2025-11-30,TRX-FATT-FATT-P-2025-0152,20.01,Debiti verso fornitori,0.00,4270.00,Fattura ricevuta da Dott. Marco Rinaldi doc. PAR-RNL-2025-11,fattura,FATT-P-2025-0152
SCR-000791,2025-11-30,TRX-FATT-FATT-P-2025-0152,11.02,Erario c/IVA a credito,770.00,0.00,IVA a credito su doc. PAR-RNL-2025-11,fattura,FATT-P-2025-0152
SCR-000792,2025-11-30,TRX-FATT-FATT-P-2025-0152,61.01,Consulenze professionali freelance,3500.00,0.00,Consulenza architettura software backend e microservizi cloud-native - Consuntivo mese 11/2025,fattura,FATT-P-2025-0152
SCR-000793,2025-11-30,TRX-FATT-FATT-P-2025-0153,20.01,Debiti verso fornitori,0.00,4270.00,Fattura ricevuta da Ing. Sara De Luca doc. PAR-DLC-2025-11,fattura,FATT-P-2025-0153
SCR-000794,2025-11-30,TRX-FATT-FATT-P-2025-0153,11.02,Erario c/IVA a credito,770.00,0.00,IVA a credito su doc. PAR-DLC-2025-11,fattura,FATT-P-2025-0153
SCR-000795,2025-11-30,TRX-FATT-FATT-P-2025-0153,61.01,Consulenze professionali freelance,3500.00,0.00,"Consulenza specialistica intelligenza artificiale, modelli predittivi e pipeline dati - Consuntivo mese 11/2025",fattura,FATT-P-2025-0153
SCR-000796,2025-11-30,TRX-FATT-FATT-P-2025-0154,20.01,Debiti verso fornitori,0.00,3660.00,Fattura ricevuta da Dott. Matteo Riva doc. PAR-RIV-2025-11,fattura,FATT-P-2025-0154
SCR-000797,2025-11-30,TRX-FATT-FATT-P-2025-0154,11.02,Erario c/IVA a credito,660.00,0.00,IVA a credito su doc. PAR-RIV-2025-11,fattura,FATT-P-2025-0154
SCR-000798,2025-11-30,TRX-FATT-FATT-P-2025-0154,61.01,Consulenze professionali freelance,3000.00,0.00,"Consulenza progettazione UX/UI, wireframing e design system applicativo - Consuntivo mese 11/2025",fattura,FATT-P-2025-0154
SCR-000799,2025-12-31,TRX-FATT-FATT-P-2025-0155,20.01,Debiti verso fornitori,0.00,4270.00,Fattura ricevuta da Dott. Marco Rinaldi doc. PAR-RNL-2025-12,fattura,FATT-P-2025-0155
SCR-000800,2025-12-31,TRX-FATT-FATT-P-2025-0155,11.02,Erario c/IVA a credito,770.00,0.00,IVA a credito su doc. PAR-RNL-2025-12,fattura,FATT-P-2025-0155
SCR-000801,2025-12-31,TRX-FATT-FATT-P-2025-0155,61.01,Consulenze professionali freelance,3500.00,0.00,Consulenza architettura software backend e microservizi cloud-native - Consuntivo mese 12/2025,fattura,FATT-P-2025-0155
SCR-000802,2025-12-31,TRX-FATT-FATT-P-2025-0156,20.01,Debiti verso fornitori,0.00,4270.00,Fattura ricevuta da Ing. Sara De Luca doc. PAR-DLC-2025-12,fattura,FATT-P-2025-0156
SCR-000803,2025-12-31,TRX-FATT-FATT-P-2025-0156,11.02,Erario c/IVA a credito,770.00,0.00,IVA a credito su doc. PAR-DLC-2025-12,fattura,FATT-P-2025-0156
SCR-000804,2025-12-31,TRX-FATT-FATT-P-2025-0156,61.01,Consulenze professionali freelance,3500.00,0.00,"Consulenza specialistica intelligenza artificiale, modelli predittivi e pipeline dati - Consuntivo mese 12/2025",fattura,FATT-P-2025-0156
SCR-000805,2025-12-31,TRX-FATT-FATT-P-2025-0157,20.01,Debiti verso fornitori,0.00,3660.00,Fattura ricevuta da Dott. Matteo Riva doc. PAR-RIV-2025-12,fattura,FATT-P-2025-0157
SCR-000806,2025-12-31,TRX-FATT-FATT-P-2025-0157,11.02,Erario c/IVA a credito,660.00,0.00,IVA a credito su doc. PAR-RIV-2025-12,fattura,FATT-P-2025-0157
SCR-000807,2025-12-31,TRX-FATT-FATT-P-2025-0157,61.01,Consulenze professionali freelance,3000.00,0.00,"Consulenza progettazione UX/UI, wireframing e design system applicativo - Consuntivo mese 12/2025",fattura,FATT-P-2025-0157
SCR-000808,2025-01-18,TRX-FATT-FATT-P-2025-0158,20.01,Debiti verso fornitori,0.00,793.00,Fattura ricevuta da TechHardware Solutions S.r.l. doc. FT-2025-0122,fattura,FATT-P-2025-0158
SCR-000809,2025-01-18,TRX-FATT-FATT-P-2025-0158,11.02,Erario c/IVA a credito,143.00,0.00,IVA a credito su doc. FT-2025-0122,fattura,FATT-P-2025-0158
SCR-000810,2025-01-18,TRX-FATT-FATT-P-2025-0158,67.01,Materiale di consumo informatico e cancelleria,650.00,0.00,"Cavi, adattatori, accessori docking e multiprese rack",fattura,FATT-P-2025-0158
SCR-000811,2025-02-14,TRX-FATT-FATT-P-2025-0159,20.01,Debiti verso fornitori,0.00,1000.40,Fattura ricevuta da TechHardware Solutions S.r.l. doc. FT-2025-0245,fattura,FATT-P-2025-0159
SCR-000812,2025-02-14,TRX-FATT-FATT-P-2025-0159,11.02,Erario c/IVA a credito,180.40,0.00,IVA a credito su doc. FT-2025-0245,fattura,FATT-P-2025-0159
SCR-000813,2025-02-14,TRX-FATT-FATT-P-2025-0159,67.01,Materiale di consumo informatico e cancelleria,820.00,0.00,N. 2 Monitor Dell UltraSharp 27 4K per postazioni dev,fattura,FATT-P-2025-0159
SCR-000814,2025-04-16,TRX-FATT-FATT-P-2025-0160,20.01,Debiti verso fornitori,0.00,1342.00,Fattura ricevuta da TechHardware Solutions S.r.l. doc. FT-2025-0498,fattura,FATT-P-2025-0160
SCR-000815,2025-04-16,TRX-FATT-FATT-P-2025-0160,11.02,Erario c/IVA a credito,242.00,0.00,IVA a credito su doc. FT-2025-0498,fattura,FATT-P-2025-0160
SCR-000816,2025-04-16,TRX-FATT-FATT-P-2025-0160,67.01,Materiale di consumo informatico e cancelleria,1100.00,0.00,"Tastiere meccaniche, cuffie ANC e hub USB-C per sviluppatori",fattura,FATT-P-2025-0160
SCR-000817,2025-05-22,TRX-FATT-FATT-P-2025-0161,20.01,Debiti verso fornitori,0.00,549.00,Fattura ricevuta da TechHardware Solutions S.r.l. doc. FT-2025-0610,fattura,FATT-P-2025-0161
SCR-000818,2025-05-22,TRX-FATT-FATT-P-2025-0161,11.02,Erario c/IVA a credito,99.00,0.00,IVA a credito su doc. FT-2025-0610,fattura,FATT-P-2025-0161
SCR-000819,2025-05-22,TRX-FATT-FATT-P-2025-0161,67.01,Materiale di consumo informatico e cancelleria,450.00,0.00,Switch di rete Gigabit 24 porte e patch panel,fattura,FATT-P-2025-0161
SCR-000820,2025-07-15,TRX-FATT-FATT-P-2025-0162,20.01,Debiti verso fornitori,0.00,951.60,Fattura ricevuta da TechHardware Solutions S.r.l. doc. FT-2025-0812,fattura,FATT-P-2025-0162
SCR-000821,2025-07-15,TRX-FATT-FATT-P-2025-0162,11.02,Erario c/IVA a credito,171.60,0.00,IVA a credito su doc. FT-2025-0812,fattura,FATT-P-2025-0162
SCR-000822,2025-07-15,TRX-FATT-FATT-P-2025-0162,67.01,Materiale di consumo informatico e cancelleria,780.00,0.00,"Hard disk esterni di backup, SSD NVMe per test interni",fattura,FATT-P-2025-0162
SCR-000823,2025-09-19,TRX-FATT-FATT-P-2025-0163,20.01,Debiti verso fornitori,0.00,1159.00,Fattura ricevuta da TechHardware Solutions S.r.l. doc. FT-2025-0988,fattura,FATT-P-2025-0163
SCR-000824,2025-09-19,TRX-FATT-FATT-P-2025-0163,11.02,Erario c/IVA a credito,209.00,0.00,IVA a credito su doc. FT-2025-0988,fattura,FATT-P-2025-0163
SCR-000825,2025-09-19,TRX-FATT-FATT-P-2025-0163,67.01,Materiale di consumo informatico e cancelleria,950.00,0.00,Stampante laser multifunzione uffici e toner ad alta capacità,fattura,FATT-P-2025-0163
SCR-000826,2025-12-10,TRX-FATT-FATT-P-2025-0164,20.01,Debiti verso fornitori,0.00,634.40,Fattura ricevuta da TechHardware Solutions S.r.l. doc. FT-2025-1280,fattura,FATT-P-2025-0164
SCR-000827,2025-12-10,TRX-FATT-FATT-P-2025-0164,11.02,Erario c/IVA a credito,114.40,0.00,IVA a credito su doc. FT-2025-1280,fattura,FATT-P-2025-0164
SCR-000828,2025-12-10,TRX-FATT-FATT-P-2025-0164,67.01,Materiale di consumo informatico e cancelleria,520.00,0.00,"Materiale consumo, cavetteria e gruppi di continuità UPS",fattura,FATT-P-2025-0164
SCR-000829,2025-10-14,TRX-FATT-FATT-P-2025-0165,20.01,Debiti verso fornitori,0.00,2257.00,Fattura ricevuta da TechHardware Solutions S.r.l. doc. FT-2025-1089,fattura,FATT-P-2025-0165
SCR-000830,2025-10-14,TRX-FATT-FATT-P-2025-0165,11.02,Erario c/IVA a credito,407.00,0.00,IVA a credito su doc. FT-2025-1089,fattura,FATT-P-2025-0165
SCR-000831,2025-10-14,TRX-FATT-FATT-P-2025-0165,67.01,Materiale di consumo informatico e cancelleria,1850.00,0.00,Workstation portatile Dell XPS 15 per reparto sviluppo backend,fattura,FATT-P-2025-0165
SCR-000832,2025-10-18,TRX-FATT-FATT-P-2025-0166,20.01,Debiti verso fornitori,0.00,2257.00,Fattura ricevuta da TechHardware Solutions S.r.l. doc. FT-2025-1089,fattura,FATT-P-2025-0166
SCR-000833,2025-10-18,TRX-FATT-FATT-P-2025-0166,11.02,Erario c/IVA a credito,407.00,0.00,IVA a credito su doc. FT-2025-1089,fattura,FATT-P-2025-0166
SCR-000834,2025-10-18,TRX-FATT-FATT-P-2025-0166,67.01,Materiale di consumo informatico e cancelleria,1850.00,0.00,Workstation portatile Dell XPS 15 per reparto sviluppo backend (duplicato contabile),fattura,FATT-P-2025-0166
SCR-000835,2025-01-14,TRX-FATT-FATT-P-2025-0167,20.01,Debiti verso fornitori,0.00,671.00,Fattura ricevuta da Ferrovie Nazionali S.p.A. doc. TRN-2025-0101,fattura,FATT-P-2025-0167
SCR-000836,2025-01-14,TRX-FATT-FATT-P-2025-0167,11.02,Erario c/IVA a credito,121.00,0.00,IVA a credito su doc. TRN-2025-0101,fattura,FATT-P-2025-0167
SCR-000837,2025-01-14,TRX-FATT-FATT-P-2025-0167,64.02,"Spese trasporti, biglietti ferroviari e aerei",550.00,0.00,Biglietti ferroviari trasferte tecniche per incontri clienti - Mese 01/2025,fattura,FATT-P-2025-0167
SCR-000838,2025-01-15,TRX-FATT-FATT-P-2025-0168,20.01,Debiti verso fornitori,0.00,1037.00,Fattura ricevuta da Milano & Roma Business Hotels S.r.l. doc. HTL-2025-0101,fattura,FATT-P-2025-0168
SCR-000839,2025-01-15,TRX-FATT-FATT-P-2025-0168,11.02,Erario c/IVA a credito,187.00,0.00,IVA a credito su doc. HTL-2025-0101,fattura,FATT-P-2025-0168
SCR-000840,2025-01-15,TRX-FATT-FATT-P-2025-0168,64.01,Spese alberghiere e alloggi trasferte,850.00,0.00,Pernottamenti hotel trasferte clienti e workshop - Mese 01/2025,fattura,FATT-P-2025-0168
SCR-000841,2025-01-16,TRX-FATT-FATT-P-2025-0169,20.01,Debiti verso fornitori,0.00,549.00,Fattura ricevuta da Ristoranti & Catering Milano S.r.l. doc. RST-2025-0101,fattura,FATT-P-2025-0169
SCR-000842,2025-01-16,TRX-FATT-FATT-P-2025-0169,11.02,Erario c/IVA a credito,99.00,0.00,IVA a credito su doc. RST-2025-0101,fattura,FATT-P-2025-0169
SCR-000843,2025-01-16,TRX-FATT-FATT-P-2025-0169,64.03,Spese ristorazione e pasti dipendenti/trasferte,450.00,0.00,Spese pasti e rimborsi trasferte dipendenti - Mese 01/2025,fattura,FATT-P-2025-0169
SCR-000844,2025-02-14,TRX-FATT-FATT-P-2025-0170,20.01,Debiti verso fornitori,0.00,671.00,Fattura ricevuta da Ferrovie Nazionali S.p.A. doc. TRN-2025-0201,fattura,FATT-P-2025-0170
SCR-000845,2025-02-14,TRX-FATT-FATT-P-2025-0170,11.02,Erario c/IVA a credito,121.00,0.00,IVA a credito su doc. TRN-2025-0201,fattura,FATT-P-2025-0170
SCR-000846,2025-02-14,TRX-FATT-FATT-P-2025-0170,64.02,"Spese trasporti, biglietti ferroviari e aerei",550.00,0.00,Biglietti ferroviari trasferte tecniche per incontri clienti - Mese 02/2025,fattura,FATT-P-2025-0170
SCR-000847,2025-02-15,TRX-FATT-FATT-P-2025-0171,20.01,Debiti verso fornitori,0.00,1037.00,Fattura ricevuta da Milano & Roma Business Hotels S.r.l. doc. HTL-2025-0201,fattura,FATT-P-2025-0171
SCR-000848,2025-02-15,TRX-FATT-FATT-P-2025-0171,11.02,Erario c/IVA a credito,187.00,0.00,IVA a credito su doc. HTL-2025-0201,fattura,FATT-P-2025-0171
SCR-000849,2025-02-15,TRX-FATT-FATT-P-2025-0171,64.01,Spese alberghiere e alloggi trasferte,850.00,0.00,Pernottamenti hotel trasferte clienti e workshop - Mese 02/2025,fattura,FATT-P-2025-0171
SCR-000850,2025-02-16,TRX-FATT-FATT-P-2025-0172,20.01,Debiti verso fornitori,0.00,549.00,Fattura ricevuta da Ristoranti & Catering Milano S.r.l. doc. RST-2025-0201,fattura,FATT-P-2025-0172
SCR-000851,2025-02-16,TRX-FATT-FATT-P-2025-0172,11.02,Erario c/IVA a credito,99.00,0.00,IVA a credito su doc. RST-2025-0201,fattura,FATT-P-2025-0172
SCR-000852,2025-02-16,TRX-FATT-FATT-P-2025-0172,64.03,Spese ristorazione e pasti dipendenti/trasferte,450.00,0.00,Spese pasti e rimborsi trasferte dipendenti - Mese 02/2025,fattura,FATT-P-2025-0172
SCR-000853,2025-03-14,TRX-FATT-FATT-P-2025-0173,20.01,Debiti verso fornitori,0.00,671.00,Fattura ricevuta da Ferrovie Nazionali S.p.A. doc. TRN-2025-0301,fattura,FATT-P-2025-0173
SCR-000854,2025-03-14,TRX-FATT-FATT-P-2025-0173,11.02,Erario c/IVA a credito,121.00,0.00,IVA a credito su doc. TRN-2025-0301,fattura,FATT-P-2025-0173
SCR-000855,2025-03-14,TRX-FATT-FATT-P-2025-0173,64.02,"Spese trasporti, biglietti ferroviari e aerei",550.00,0.00,Biglietti ferroviari trasferte tecniche per incontri clienti - Mese 03/2025,fattura,FATT-P-2025-0173
SCR-000856,2025-03-15,TRX-FATT-FATT-P-2025-0174,20.01,Debiti verso fornitori,0.00,1037.00,Fattura ricevuta da Milano & Roma Business Hotels S.r.l. doc. HTL-2025-0301,fattura,FATT-P-2025-0174
SCR-000857,2025-03-15,TRX-FATT-FATT-P-2025-0174,11.02,Erario c/IVA a credito,187.00,0.00,IVA a credito su doc. HTL-2025-0301,fattura,FATT-P-2025-0174
SCR-000858,2025-03-15,TRX-FATT-FATT-P-2025-0174,64.01,Spese alberghiere e alloggi trasferte,850.00,0.00,Pernottamenti hotel trasferte clienti e workshop - Mese 03/2025,fattura,FATT-P-2025-0174
SCR-000859,2025-03-16,TRX-FATT-FATT-P-2025-0175,20.01,Debiti verso fornitori,0.00,549.00,Fattura ricevuta da Ristoranti & Catering Milano S.r.l. doc. RST-2025-0301,fattura,FATT-P-2025-0175
SCR-000860,2025-03-16,TRX-FATT-FATT-P-2025-0175,11.02,Erario c/IVA a credito,99.00,0.00,IVA a credito su doc. RST-2025-0301,fattura,FATT-P-2025-0175
SCR-000861,2025-03-16,TRX-FATT-FATT-P-2025-0175,64.03,Spese ristorazione e pasti dipendenti/trasferte,450.00,0.00,Spese pasti e rimborsi trasferte dipendenti - Mese 03/2025,fattura,FATT-P-2025-0175
SCR-000862,2025-04-14,TRX-FATT-FATT-P-2025-0176,20.01,Debiti verso fornitori,0.00,671.00,Fattura ricevuta da Ferrovie Nazionali S.p.A. doc. TRN-2025-0401,fattura,FATT-P-2025-0176
SCR-000863,2025-04-14,TRX-FATT-FATT-P-2025-0176,11.02,Erario c/IVA a credito,121.00,0.00,IVA a credito su doc. TRN-2025-0401,fattura,FATT-P-2025-0176
SCR-000864,2025-04-14,TRX-FATT-FATT-P-2025-0176,64.02,"Spese trasporti, biglietti ferroviari e aerei",550.00,0.00,Biglietti ferroviari trasferte tecniche per incontri clienti - Mese 04/2025,fattura,FATT-P-2025-0176
SCR-000865,2025-04-15,TRX-FATT-FATT-P-2025-0177,20.01,Debiti verso fornitori,0.00,1037.00,Fattura ricevuta da Milano & Roma Business Hotels S.r.l. doc. HTL-2025-0401,fattura,FATT-P-2025-0177
SCR-000866,2025-04-15,TRX-FATT-FATT-P-2025-0177,11.02,Erario c/IVA a credito,187.00,0.00,IVA a credito su doc. HTL-2025-0401,fattura,FATT-P-2025-0177
SCR-000867,2025-04-15,TRX-FATT-FATT-P-2025-0177,64.01,Spese alberghiere e alloggi trasferte,850.00,0.00,Pernottamenti hotel trasferte clienti e workshop - Mese 04/2025,fattura,FATT-P-2025-0177
SCR-000868,2025-04-16,TRX-FATT-FATT-P-2025-0178,20.01,Debiti verso fornitori,0.00,549.00,Fattura ricevuta da Ristoranti & Catering Milano S.r.l. doc. RST-2025-0401,fattura,FATT-P-2025-0178
SCR-000869,2025-04-16,TRX-FATT-FATT-P-2025-0178,11.02,Erario c/IVA a credito,99.00,0.00,IVA a credito su doc. RST-2025-0401,fattura,FATT-P-2025-0178
SCR-000870,2025-04-16,TRX-FATT-FATT-P-2025-0178,64.03,Spese ristorazione e pasti dipendenti/trasferte,450.00,0.00,Spese pasti e rimborsi trasferte dipendenti - Mese 04/2025,fattura,FATT-P-2025-0178
SCR-000871,2025-05-14,TRX-FATT-FATT-P-2025-0179,20.01,Debiti verso fornitori,0.00,671.00,Fattura ricevuta da Ferrovie Nazionali S.p.A. doc. TRN-2025-0501,fattura,FATT-P-2025-0179
SCR-000872,2025-05-14,TRX-FATT-FATT-P-2025-0179,11.02,Erario c/IVA a credito,121.00,0.00,IVA a credito su doc. TRN-2025-0501,fattura,FATT-P-2025-0179
SCR-000873,2025-05-14,TRX-FATT-FATT-P-2025-0179,64.02,"Spese trasporti, biglietti ferroviari e aerei",550.00,0.00,Biglietti ferroviari trasferte tecniche per incontri clienti - Mese 05/2025,fattura,FATT-P-2025-0179
SCR-000874,2025-05-15,TRX-FATT-FATT-P-2025-0180,20.01,Debiti verso fornitori,0.00,1037.00,Fattura ricevuta da Milano & Roma Business Hotels S.r.l. doc. HTL-2025-0501,fattura,FATT-P-2025-0180
SCR-000875,2025-05-15,TRX-FATT-FATT-P-2025-0180,11.02,Erario c/IVA a credito,187.00,0.00,IVA a credito su doc. HTL-2025-0501,fattura,FATT-P-2025-0180
SCR-000876,2025-05-15,TRX-FATT-FATT-P-2025-0180,64.01,Spese alberghiere e alloggi trasferte,850.00,0.00,Pernottamenti hotel trasferte clienti e workshop - Mese 05/2025,fattura,FATT-P-2025-0180
SCR-000877,2025-05-16,TRX-FATT-FATT-P-2025-0181,20.01,Debiti verso fornitori,0.00,549.00,Fattura ricevuta da Ristoranti & Catering Milano S.r.l. doc. RST-2025-0501,fattura,FATT-P-2025-0181
SCR-000878,2025-05-16,TRX-FATT-FATT-P-2025-0181,11.02,Erario c/IVA a credito,99.00,0.00,IVA a credito su doc. RST-2025-0501,fattura,FATT-P-2025-0181
SCR-000879,2025-05-16,TRX-FATT-FATT-P-2025-0181,64.03,Spese ristorazione e pasti dipendenti/trasferte,450.00,0.00,Spese pasti e rimborsi trasferte dipendenti - Mese 05/2025,fattura,FATT-P-2025-0181
SCR-000880,2025-06-14,TRX-FATT-FATT-P-2025-0182,20.01,Debiti verso fornitori,0.00,671.00,Fattura ricevuta da Ferrovie Nazionali S.p.A. doc. TRN-2025-0601,fattura,FATT-P-2025-0182
SCR-000881,2025-06-14,TRX-FATT-FATT-P-2025-0182,11.02,Erario c/IVA a credito,121.00,0.00,IVA a credito su doc. TRN-2025-0601,fattura,FATT-P-2025-0182
SCR-000882,2025-06-14,TRX-FATT-FATT-P-2025-0182,64.02,"Spese trasporti, biglietti ferroviari e aerei",550.00,0.00,Biglietti ferroviari trasferte tecniche per incontri clienti - Mese 06/2025,fattura,FATT-P-2025-0182
SCR-000883,2025-06-15,TRX-FATT-FATT-P-2025-0183,20.01,Debiti verso fornitori,0.00,1037.00,Fattura ricevuta da Milano & Roma Business Hotels S.r.l. doc. HTL-2025-0601,fattura,FATT-P-2025-0183
SCR-000884,2025-06-15,TRX-FATT-FATT-P-2025-0183,11.02,Erario c/IVA a credito,187.00,0.00,IVA a credito su doc. HTL-2025-0601,fattura,FATT-P-2025-0183
SCR-000885,2025-06-15,TRX-FATT-FATT-P-2025-0183,64.01,Spese alberghiere e alloggi trasferte,850.00,0.00,Pernottamenti hotel trasferte clienti e workshop - Mese 06/2025,fattura,FATT-P-2025-0183
SCR-000886,2025-06-16,TRX-FATT-FATT-P-2025-0184,20.01,Debiti verso fornitori,0.00,549.00,Fattura ricevuta da Ristoranti & Catering Milano S.r.l. doc. RST-2025-0601,fattura,FATT-P-2025-0184
SCR-000887,2025-06-16,TRX-FATT-FATT-P-2025-0184,11.02,Erario c/IVA a credito,99.00,0.00,IVA a credito su doc. RST-2025-0601,fattura,FATT-P-2025-0184
SCR-000888,2025-06-16,TRX-FATT-FATT-P-2025-0184,64.03,Spese ristorazione e pasti dipendenti/trasferte,450.00,0.00,Spese pasti e rimborsi trasferte dipendenti - Mese 06/2025,fattura,FATT-P-2025-0184
SCR-000889,2025-07-14,TRX-FATT-FATT-P-2025-0185,20.01,Debiti verso fornitori,0.00,671.00,Fattura ricevuta da Ferrovie Nazionali S.p.A. doc. TRN-2025-0701,fattura,FATT-P-2025-0185
SCR-000890,2025-07-14,TRX-FATT-FATT-P-2025-0185,11.02,Erario c/IVA a credito,121.00,0.00,IVA a credito su doc. TRN-2025-0701,fattura,FATT-P-2025-0185
SCR-000891,2025-07-14,TRX-FATT-FATT-P-2025-0185,64.02,"Spese trasporti, biglietti ferroviari e aerei",550.00,0.00,Biglietti ferroviari trasferte tecniche per incontri clienti - Mese 07/2025,fattura,FATT-P-2025-0185
SCR-000892,2025-07-15,TRX-FATT-FATT-P-2025-0186,20.01,Debiti verso fornitori,0.00,1037.00,Fattura ricevuta da Milano & Roma Business Hotels S.r.l. doc. HTL-2025-0701,fattura,FATT-P-2025-0186
SCR-000893,2025-07-15,TRX-FATT-FATT-P-2025-0186,11.02,Erario c/IVA a credito,187.00,0.00,IVA a credito su doc. HTL-2025-0701,fattura,FATT-P-2025-0186
SCR-000894,2025-07-15,TRX-FATT-FATT-P-2025-0186,64.01,Spese alberghiere e alloggi trasferte,850.00,0.00,Pernottamenti hotel trasferte clienti e workshop - Mese 07/2025,fattura,FATT-P-2025-0186
SCR-000895,2025-07-16,TRX-FATT-FATT-P-2025-0187,20.01,Debiti verso fornitori,0.00,549.00,Fattura ricevuta da Ristoranti & Catering Milano S.r.l. doc. RST-2025-0701,fattura,FATT-P-2025-0187
SCR-000896,2025-07-16,TRX-FATT-FATT-P-2025-0187,11.02,Erario c/IVA a credito,99.00,0.00,IVA a credito su doc. RST-2025-0701,fattura,FATT-P-2025-0187
SCR-000897,2025-07-16,TRX-FATT-FATT-P-2025-0187,64.03,Spese ristorazione e pasti dipendenti/trasferte,450.00,0.00,Spese pasti e rimborsi trasferte dipendenti - Mese 07/2025,fattura,FATT-P-2025-0187
SCR-000898,2025-08-14,TRX-FATT-FATT-P-2025-0188,20.01,Debiti verso fornitori,0.00,671.00,Fattura ricevuta da Ferrovie Nazionali S.p.A. doc. TRN-2025-0801,fattura,FATT-P-2025-0188
SCR-000899,2025-08-14,TRX-FATT-FATT-P-2025-0188,11.02,Erario c/IVA a credito,121.00,0.00,IVA a credito su doc. TRN-2025-0801,fattura,FATT-P-2025-0188
SCR-000900,2025-08-14,TRX-FATT-FATT-P-2025-0188,64.02,"Spese trasporti, biglietti ferroviari e aerei",550.00,0.00,Biglietti ferroviari trasferte tecniche per incontri clienti - Mese 08/2025,fattura,FATT-P-2025-0188
SCR-000901,2025-08-15,TRX-FATT-FATT-P-2025-0189,20.01,Debiti verso fornitori,0.00,1037.00,Fattura ricevuta da Milano & Roma Business Hotels S.r.l. doc. HTL-2025-0801,fattura,FATT-P-2025-0189
SCR-000902,2025-08-15,TRX-FATT-FATT-P-2025-0189,11.02,Erario c/IVA a credito,187.00,0.00,IVA a credito su doc. HTL-2025-0801,fattura,FATT-P-2025-0189
SCR-000903,2025-08-15,TRX-FATT-FATT-P-2025-0189,64.01,Spese alberghiere e alloggi trasferte,850.00,0.00,Pernottamenti hotel trasferte clienti e workshop - Mese 08/2025,fattura,FATT-P-2025-0189
SCR-000904,2025-08-16,TRX-FATT-FATT-P-2025-0190,20.01,Debiti verso fornitori,0.00,549.00,Fattura ricevuta da Ristoranti & Catering Milano S.r.l. doc. RST-2025-0801,fattura,FATT-P-2025-0190
SCR-000905,2025-08-16,TRX-FATT-FATT-P-2025-0190,11.02,Erario c/IVA a credito,99.00,0.00,IVA a credito su doc. RST-2025-0801,fattura,FATT-P-2025-0190
SCR-000906,2025-08-16,TRX-FATT-FATT-P-2025-0190,64.03,Spese ristorazione e pasti dipendenti/trasferte,450.00,0.00,Spese pasti e rimborsi trasferte dipendenti - Mese 08/2025,fattura,FATT-P-2025-0190
SCR-000907,2025-09-14,TRX-FATT-FATT-P-2025-0191,20.01,Debiti verso fornitori,0.00,671.00,Fattura ricevuta da Ferrovie Nazionali S.p.A. doc. TRN-2025-0901,fattura,FATT-P-2025-0191
SCR-000908,2025-09-14,TRX-FATT-FATT-P-2025-0191,11.02,Erario c/IVA a credito,121.00,0.00,IVA a credito su doc. TRN-2025-0901,fattura,FATT-P-2025-0191
SCR-000909,2025-09-14,TRX-FATT-FATT-P-2025-0191,64.02,"Spese trasporti, biglietti ferroviari e aerei",550.00,0.00,Biglietti ferroviari trasferte tecniche per incontri clienti - Mese 09/2025,fattura,FATT-P-2025-0191
SCR-000910,2025-09-15,TRX-FATT-FATT-P-2025-0192,20.01,Debiti verso fornitori,0.00,1037.00,Fattura ricevuta da Milano & Roma Business Hotels S.r.l. doc. HTL-2025-0901,fattura,FATT-P-2025-0192
SCR-000911,2025-09-15,TRX-FATT-FATT-P-2025-0192,11.02,Erario c/IVA a credito,187.00,0.00,IVA a credito su doc. HTL-2025-0901,fattura,FATT-P-2025-0192
SCR-000912,2025-09-15,TRX-FATT-FATT-P-2025-0192,64.01,Spese alberghiere e alloggi trasferte,850.00,0.00,Pernottamenti hotel trasferte clienti e workshop - Mese 09/2025,fattura,FATT-P-2025-0192
SCR-000913,2025-09-16,TRX-FATT-FATT-P-2025-0193,20.01,Debiti verso fornitori,0.00,549.00,Fattura ricevuta da Ristoranti & Catering Milano S.r.l. doc. RST-2025-0901,fattura,FATT-P-2025-0193
SCR-000914,2025-09-16,TRX-FATT-FATT-P-2025-0193,11.02,Erario c/IVA a credito,99.00,0.00,IVA a credito su doc. RST-2025-0901,fattura,FATT-P-2025-0193
SCR-000915,2025-09-16,TRX-FATT-FATT-P-2025-0193,64.03,Spese ristorazione e pasti dipendenti/trasferte,450.00,0.00,Spese pasti e rimborsi trasferte dipendenti - Mese 09/2025,fattura,FATT-P-2025-0193
SCR-000916,2025-10-14,TRX-FATT-FATT-P-2025-0194,20.01,Debiti verso fornitori,0.00,671.00,Fattura ricevuta da Ferrovie Nazionali S.p.A. doc. TRN-2025-1001,fattura,FATT-P-2025-0194
SCR-000917,2025-10-14,TRX-FATT-FATT-P-2025-0194,11.02,Erario c/IVA a credito,121.00,0.00,IVA a credito su doc. TRN-2025-1001,fattura,FATT-P-2025-0194
SCR-000918,2025-10-14,TRX-FATT-FATT-P-2025-0194,64.02,"Spese trasporti, biglietti ferroviari e aerei",550.00,0.00,Biglietti ferroviari trasferte tecniche per incontri clienti - Mese 10/2025,fattura,FATT-P-2025-0194
SCR-000919,2025-10-15,TRX-FATT-FATT-P-2025-0195,20.01,Debiti verso fornitori,0.00,1037.00,Fattura ricevuta da Milano & Roma Business Hotels S.r.l. doc. HTL-2025-1001,fattura,FATT-P-2025-0195
SCR-000920,2025-10-15,TRX-FATT-FATT-P-2025-0195,11.02,Erario c/IVA a credito,187.00,0.00,IVA a credito su doc. HTL-2025-1001,fattura,FATT-P-2025-0195
SCR-000921,2025-10-15,TRX-FATT-FATT-P-2025-0195,64.01,Spese alberghiere e alloggi trasferte,850.00,0.00,Pernottamenti hotel trasferte clienti e workshop - Mese 10/2025,fattura,FATT-P-2025-0195
SCR-000922,2025-10-16,TRX-FATT-FATT-P-2025-0196,20.01,Debiti verso fornitori,0.00,549.00,Fattura ricevuta da Ristoranti & Catering Milano S.r.l. doc. RST-2025-1001,fattura,FATT-P-2025-0196
SCR-000923,2025-10-16,TRX-FATT-FATT-P-2025-0196,11.02,Erario c/IVA a credito,99.00,0.00,IVA a credito su doc. RST-2025-1001,fattura,FATT-P-2025-0196
SCR-000924,2025-10-16,TRX-FATT-FATT-P-2025-0196,64.03,Spese ristorazione e pasti dipendenti/trasferte,450.00,0.00,Spese pasti e rimborsi trasferte dipendenti - Mese 10/2025,fattura,FATT-P-2025-0196
SCR-000925,2025-11-04,TRX-FATT-FATT-P-2025-0197,20.01,Debiti verso fornitori,0.00,512.40,Fattura ricevuta da Ferrovie Nazionali S.p.A. doc. TRN-2025-1101,fattura,FATT-P-2025-0197
SCR-000926,2025-11-04,TRX-FATT-FATT-P-2025-0197,11.02,Erario c/IVA a credito,92.40,0.00,IVA a credito su doc. TRN-2025-1101,fattura,FATT-P-2025-0197
SCR-000927,2025-11-04,TRX-FATT-FATT-P-2025-0197,64.02,"Spese trasporti, biglietti ferroviari e aerei",420.00,0.00,Biglietti ferroviari alta velocità tratta Milano Centrale - Roma Termini A/R team tecnico,fattura,FATT-P-2025-0197
SCR-000928,2025-11-11,TRX-FATT-FATT-P-2025-0198,20.01,Debiti verso fornitori,0.00,561.20,Fattura ricevuta da Ferrovie Nazionali S.p.A. doc. TRN-2025-1102,fattura,FATT-P-2025-0198
SCR-000929,2025-11-11,TRX-FATT-FATT-P-2025-0198,11.02,Erario c/IVA a credito,101.20,0.00,IVA a credito su doc. TRN-2025-1102,fattura,FATT-P-2025-0198
SCR-000930,2025-11-11,TRX-FATT-FATT-P-2025-0198,64.02,"Spese trasporti, biglietti ferroviari e aerei",460.00,0.00,Biglietti ferroviari alta velocità tratta Milano Centrale - Roma Termini A/R team tecnico,fattura,FATT-P-2025-0198
SCR-000931,2025-11-18,TRX-FATT-FATT-P-2025-0199,20.01,Debiti verso fornitori,0.00,524.60,Fattura ricevuta da Ferrovie Nazionali S.p.A. doc. TRN-2025-1103,fattura,FATT-P-2025-0199
SCR-000932,2025-11-18,TRX-FATT-FATT-P-2025-0199,11.02,Erario c/IVA a credito,94.60,0.00,IVA a credito su doc. TRN-2025-1103,fattura,FATT-P-2025-0199
SCR-000933,2025-11-18,TRX-FATT-FATT-P-2025-0199,64.02,"Spese trasporti, biglietti ferroviari e aerei",430.00,0.00,Biglietti ferroviari alta velocità tratta Milano Centrale - Roma Termini A/R team tecnico,fattura,FATT-P-2025-0199
SCR-000934,2025-11-25,TRX-FATT-FATT-P-2025-0200,20.01,Debiti verso fornitori,0.00,536.80,Fattura ricevuta da Ferrovie Nazionali S.p.A. doc. TRN-2025-1104,fattura,FATT-P-2025-0200
SCR-000935,2025-11-25,TRX-FATT-FATT-P-2025-0200,11.02,Erario c/IVA a credito,96.80,0.00,IVA a credito su doc. TRN-2025-1104,fattura,FATT-P-2025-0200
SCR-000936,2025-11-25,TRX-FATT-FATT-P-2025-0200,64.02,"Spese trasporti, biglietti ferroviari e aerei",440.00,0.00,Biglietti ferroviari alta velocità tratta Milano Centrale - Roma Termini A/R team tecnico,fattura,FATT-P-2025-0200
SCR-000937,2025-11-05,TRX-FATT-FATT-P-2025-0201,20.01,Debiti verso fornitori,0.00,793.00,Fattura ricevuta da Milano & Roma Business Hotels S.r.l. doc. HTL-2025-1101,fattura,FATT-P-2025-0201
SCR-000938,2025-11-05,TRX-FATT-FATT-P-2025-0201,11.02,Erario c/IVA a credito,143.00,0.00,IVA a credito su doc. HTL-2025-1101,fattura,FATT-P-2025-0201
SCR-000939,2025-11-05,TRX-FATT-FATT-P-2025-0201,64.01,Spese alberghiere e alloggi trasferte,650.00,0.00,Soggiorno e pernottamento camere doppie uso singola per trasferta personale tecnico,fattura,FATT-P-2025-0201
SCR-000940,2025-11-12,TRX-FATT-FATT-P-2025-0202,20.01,Debiti verso fornitori,0.00,756.40,Fattura ricevuta da Milano & Roma Business Hotels S.r.l. doc. HTL-2025-1102,fattura,FATT-P-2025-0202
SCR-000941,2025-11-12,TRX-FATT-FATT-P-2025-0202,11.02,Erario c/IVA a credito,136.40,0.00,IVA a credito su doc. HTL-2025-1102,fattura,FATT-P-2025-0202
SCR-000942,2025-11-12,TRX-FATT-FATT-P-2025-0202,64.01,Spese alberghiere e alloggi trasferte,620.00,0.00,Soggiorno e pernottamento camere doppie uso singola per trasferta personale tecnico,fattura,FATT-P-2025-0202
SCR-000943,2025-11-19,TRX-FATT-FATT-P-2025-0203,20.01,Debiti verso fornitori,0.00,829.60,Fattura ricevuta da Milano & Roma Business Hotels S.r.l. doc. HTL-2025-1103,fattura,FATT-P-2025-0203
SCR-000944,2025-11-19,TRX-FATT-FATT-P-2025-0203,11.02,Erario c/IVA a credito,149.60,0.00,IVA a credito su doc. HTL-2025-1103,fattura,FATT-P-2025-0203
SCR-000945,2025-11-19,TRX-FATT-FATT-P-2025-0203,64.01,Spese alberghiere e alloggi trasferte,680.00,0.00,Soggiorno e pernottamento camere doppie uso singola per trasferta personale tecnico,fattura,FATT-P-2025-0203
SCR-000946,2025-11-24,TRX-FATT-FATT-P-2025-0204,20.01,Debiti verso fornitori,0.00,707.60,Fattura ricevuta da Milano & Roma Business Hotels S.r.l. doc. HTL-2025-1104,fattura,FATT-P-2025-0204
SCR-000947,2025-11-24,TRX-FATT-FATT-P-2025-0204,11.02,Erario c/IVA a credito,127.60,0.00,IVA a credito su doc. HTL-2025-1104,fattura,FATT-P-2025-0204
SCR-000948,2025-11-24,TRX-FATT-FATT-P-2025-0204,64.01,Spese alberghiere e alloggi trasferte,580.00,0.00,Soggiorno e pernottamento camere doppie uso singola per trasferta personale tecnico,fattura,FATT-P-2025-0204
SCR-000949,2025-11-26,TRX-FATT-FATT-P-2025-0205,20.01,Debiti verso fornitori,0.00,695.40,Fattura ricevuta da Milano & Roma Business Hotels S.r.l. doc. HTL-2025-1105,fattura,FATT-P-2025-0205
SCR-000950,2025-11-26,TRX-FATT-FATT-P-2025-0205,11.02,Erario c/IVA a credito,125.40,0.00,IVA a credito su doc. HTL-2025-1105,fattura,FATT-P-2025-0205
SCR-000951,2025-11-26,TRX-FATT-FATT-P-2025-0205,64.01,Spese alberghiere e alloggi trasferte,570.00,0.00,Soggiorno e pernottamento camere doppie uso singola per trasferta personale tecnico,fattura,FATT-P-2025-0205
SCR-000952,2025-11-06,TRX-FATT-FATT-P-2025-0206,20.01,Debiti verso fornitori,0.00,658.80,Fattura ricevuta da Ristoranti & Catering Milano S.r.l. doc. RST-2025-1101,fattura,FATT-P-2025-0206
SCR-000953,2025-11-06,TRX-FATT-FATT-P-2025-0206,11.02,Erario c/IVA a credito,118.80,0.00,IVA a credito su doc. RST-2025-1101,fattura,FATT-P-2025-0206
SCR-000954,2025-11-06,TRX-FATT-FATT-P-2025-0206,64.03,Spese ristorazione e pasti dipendenti/trasferte,540.00,0.00,Ristorazione e pasti aziendali per trasferte di servizio dipendenti,fattura,FATT-P-2025-0206
SCR-000955,2025-11-13,TRX-FATT-FATT-P-2025-0207,20.01,Debiti verso fornitori,0.00,683.20,Fattura ricevuta da Ristoranti & Catering Milano S.r.l. doc. RST-2025-1102,fattura,FATT-P-2025-0207
SCR-000956,2025-11-13,TRX-FATT-FATT-P-2025-0207,11.02,Erario c/IVA a credito,123.20,0.00,IVA a credito su doc. RST-2025-1102,fattura,FATT-P-2025-0207
SCR-000957,2025-11-13,TRX-FATT-FATT-P-2025-0207,64.03,Spese ristorazione e pasti dipendenti/trasferte,560.00,0.00,Ristorazione e pasti aziendali per trasferte di servizio dipendenti,fattura,FATT-P-2025-0207
SCR-000958,2025-11-20,TRX-FATT-FATT-P-2025-0208,20.01,Debiti verso fornitori,0.00,671.00,Fattura ricevuta da Ristoranti & Catering Milano S.r.l. doc. RST-2025-1103,fattura,FATT-P-2025-0208
SCR-000959,2025-11-20,TRX-FATT-FATT-P-2025-0208,11.02,Erario c/IVA a credito,121.00,0.00,IVA a credito su doc. RST-2025-1103,fattura,FATT-P-2025-0208
SCR-000960,2025-11-20,TRX-FATT-FATT-P-2025-0208,64.03,Spese ristorazione e pasti dipendenti/trasferte,550.00,0.00,Ristorazione e pasti aziendali per trasferte di servizio dipendenti,fattura,FATT-P-2025-0208
SCR-000961,2025-12-14,TRX-FATT-FATT-P-2025-0209,20.01,Debiti verso fornitori,0.00,671.00,Fattura ricevuta da Ferrovie Nazionali S.p.A. doc. TRN-2025-1201,fattura,FATT-P-2025-0209
SCR-000962,2025-12-14,TRX-FATT-FATT-P-2025-0209,11.02,Erario c/IVA a credito,121.00,0.00,IVA a credito su doc. TRN-2025-1201,fattura,FATT-P-2025-0209
SCR-000963,2025-12-14,TRX-FATT-FATT-P-2025-0209,64.02,"Spese trasporti, biglietti ferroviari e aerei",550.00,0.00,Biglietti ferroviari trasferte tecniche per incontri clienti - Mese 12/2025,fattura,FATT-P-2025-0209
SCR-000964,2025-12-15,TRX-FATT-FATT-P-2025-0210,20.01,Debiti verso fornitori,0.00,1037.00,Fattura ricevuta da Milano & Roma Business Hotels S.r.l. doc. HTL-2025-1201,fattura,FATT-P-2025-0210
SCR-000965,2025-12-15,TRX-FATT-FATT-P-2025-0210,11.02,Erario c/IVA a credito,187.00,0.00,IVA a credito su doc. HTL-2025-1201,fattura,FATT-P-2025-0210
SCR-000966,2025-12-15,TRX-FATT-FATT-P-2025-0210,64.01,Spese alberghiere e alloggi trasferte,850.00,0.00,Pernottamenti hotel trasferte clienti e workshop - Mese 12/2025,fattura,FATT-P-2025-0210
SCR-000967,2025-12-16,TRX-FATT-FATT-P-2025-0211,20.01,Debiti verso fornitori,0.00,549.00,Fattura ricevuta da Ristoranti & Catering Milano S.r.l. doc. RST-2025-1201,fattura,FATT-P-2025-0211
SCR-000968,2025-12-16,TRX-FATT-FATT-P-2025-0211,11.02,Erario c/IVA a credito,99.00,0.00,IVA a credito su doc. RST-2025-1201,fattura,FATT-P-2025-0211
SCR-000969,2025-12-16,TRX-FATT-FATT-P-2025-0211,64.03,Spese ristorazione e pasti dipendenti/trasferte,450.00,0.00,Spese pasti e rimborsi trasferte dipendenti - Mese 12/2025,fattura,FATT-P-2025-0211
SCR-000970,2025-01-31,TRX-PAGA-2025-01,60.01,Retribuzioni lorde personale dipendente,37500.00,0.00,Retribuzioni lorde dipendenti mese 01/2025,movimento,PAGA-2025-01
SCR-000971,2025-01-31,TRX-PAGA-2025-01,60.02,Oneri sociali a carico ditta (INPS),14500.00,0.00,Oneri sociali c/ditta INPS mese 01/2025,movimento,PAGA-2025-01
SCR-000972,2025-01-31,TRX-PAGA-2025-01,20.05,Personale dipendente c/retribuzioni,0.00,27500.00,Debito retribuzioni nette in busta mese 01/2025,movimento,PAGA-2025-01
SCR-000973,2025-01-31,TRX-PAGA-2025-01,20.03,Erario c/ritenute alla fonte,0.00,6000.00,Erario c/ritenute IRPEF su retribuzioni 01/2025,movimento,PAGA-2025-01
SCR-000974,2025-01-31,TRX-PAGA-2025-01,20.04,Istituti previdenziali e assistenziali c/INPS,0.00,18500.00,Debito previdenziale complessivo INPS mese 01/2025,movimento,PAGA-2025-01
SCR-000975,2025-02-28,TRX-PAGA-2025-02,60.01,Retribuzioni lorde personale dipendente,37500.00,0.00,Retribuzioni lorde dipendenti mese 02/2025,movimento,PAGA-2025-02
SCR-000976,2025-02-28,TRX-PAGA-2025-02,60.02,Oneri sociali a carico ditta (INPS),14500.00,0.00,Oneri sociali c/ditta INPS mese 02/2025,movimento,PAGA-2025-02
SCR-000977,2025-02-28,TRX-PAGA-2025-02,20.05,Personale dipendente c/retribuzioni,0.00,27500.00,Debito retribuzioni nette in busta mese 02/2025,movimento,PAGA-2025-02
SCR-000978,2025-02-28,TRX-PAGA-2025-02,20.03,Erario c/ritenute alla fonte,0.00,6000.00,Erario c/ritenute IRPEF su retribuzioni 02/2025,movimento,PAGA-2025-02
SCR-000979,2025-02-28,TRX-PAGA-2025-02,20.04,Istituti previdenziali e assistenziali c/INPS,0.00,18500.00,Debito previdenziale complessivo INPS mese 02/2025,movimento,PAGA-2025-02
SCR-000980,2025-03-31,TRX-PAGA-2025-03,60.01,Retribuzioni lorde personale dipendente,37500.00,0.00,Retribuzioni lorde dipendenti mese 03/2025,movimento,PAGA-2025-03
SCR-000981,2025-03-31,TRX-PAGA-2025-03,60.02,Oneri sociali a carico ditta (INPS),14500.00,0.00,Oneri sociali c/ditta INPS mese 03/2025,movimento,PAGA-2025-03
SCR-000982,2025-03-31,TRX-PAGA-2025-03,20.05,Personale dipendente c/retribuzioni,0.00,27500.00,Debito retribuzioni nette in busta mese 03/2025,movimento,PAGA-2025-03
SCR-000983,2025-03-31,TRX-PAGA-2025-03,20.03,Erario c/ritenute alla fonte,0.00,6000.00,Erario c/ritenute IRPEF su retribuzioni 03/2025,movimento,PAGA-2025-03
SCR-000984,2025-03-31,TRX-PAGA-2025-03,20.04,Istituti previdenziali e assistenziali c/INPS,0.00,18500.00,Debito previdenziale complessivo INPS mese 03/2025,movimento,PAGA-2025-03
SCR-000985,2025-04-30,TRX-PAGA-2025-04,60.01,Retribuzioni lorde personale dipendente,37500.00,0.00,Retribuzioni lorde dipendenti mese 04/2025,movimento,PAGA-2025-04
SCR-000986,2025-04-30,TRX-PAGA-2025-04,60.02,Oneri sociali a carico ditta (INPS),14500.00,0.00,Oneri sociali c/ditta INPS mese 04/2025,movimento,PAGA-2025-04
SCR-000987,2025-04-30,TRX-PAGA-2025-04,20.05,Personale dipendente c/retribuzioni,0.00,27500.00,Debito retribuzioni nette in busta mese 04/2025,movimento,PAGA-2025-04
SCR-000988,2025-04-30,TRX-PAGA-2025-04,20.03,Erario c/ritenute alla fonte,0.00,6000.00,Erario c/ritenute IRPEF su retribuzioni 04/2025,movimento,PAGA-2025-04
SCR-000989,2025-04-30,TRX-PAGA-2025-04,20.04,Istituti previdenziali e assistenziali c/INPS,0.00,18500.00,Debito previdenziale complessivo INPS mese 04/2025,movimento,PAGA-2025-04
SCR-000990,2025-05-31,TRX-PAGA-2025-05,60.01,Retribuzioni lorde personale dipendente,37500.00,0.00,Retribuzioni lorde dipendenti mese 05/2025,movimento,PAGA-2025-05
SCR-000991,2025-05-31,TRX-PAGA-2025-05,60.02,Oneri sociali a carico ditta (INPS),14500.00,0.00,Oneri sociali c/ditta INPS mese 05/2025,movimento,PAGA-2025-05
SCR-000992,2025-05-31,TRX-PAGA-2025-05,20.05,Personale dipendente c/retribuzioni,0.00,27500.00,Debito retribuzioni nette in busta mese 05/2025,movimento,PAGA-2025-05
SCR-000993,2025-05-31,TRX-PAGA-2025-05,20.03,Erario c/ritenute alla fonte,0.00,6000.00,Erario c/ritenute IRPEF su retribuzioni 05/2025,movimento,PAGA-2025-05
SCR-000994,2025-05-31,TRX-PAGA-2025-05,20.04,Istituti previdenziali e assistenziali c/INPS,0.00,18500.00,Debito previdenziale complessivo INPS mese 05/2025,movimento,PAGA-2025-05
SCR-000995,2025-06-30,TRX-PAGA-2025-06,60.01,Retribuzioni lorde personale dipendente,37500.00,0.00,Retribuzioni lorde dipendenti mese 06/2025,movimento,PAGA-2025-06
SCR-000996,2025-06-30,TRX-PAGA-2025-06,60.02,Oneri sociali a carico ditta (INPS),14500.00,0.00,Oneri sociali c/ditta INPS mese 06/2025,movimento,PAGA-2025-06
SCR-000997,2025-06-30,TRX-PAGA-2025-06,20.05,Personale dipendente c/retribuzioni,0.00,27500.00,Debito retribuzioni nette in busta mese 06/2025,movimento,PAGA-2025-06
SCR-000998,2025-06-30,TRX-PAGA-2025-06,20.03,Erario c/ritenute alla fonte,0.00,6000.00,Erario c/ritenute IRPEF su retribuzioni 06/2025,movimento,PAGA-2025-06
SCR-000999,2025-06-30,TRX-PAGA-2025-06,20.04,Istituti previdenziali e assistenziali c/INPS,0.00,18500.00,Debito previdenziale complessivo INPS mese 06/2025,movimento,PAGA-2025-06
SCR-001000,2025-07-31,TRX-PAGA-2025-07,60.01,Retribuzioni lorde personale dipendente,37500.00,0.00,Retribuzioni lorde dipendenti mese 07/2025,movimento,PAGA-2025-07
SCR-001001,2025-07-31,TRX-PAGA-2025-07,60.02,Oneri sociali a carico ditta (INPS),14500.00,0.00,Oneri sociali c/ditta INPS mese 07/2025,movimento,PAGA-2025-07
SCR-001002,2025-07-31,TRX-PAGA-2025-07,20.05,Personale dipendente c/retribuzioni,0.00,27500.00,Debito retribuzioni nette in busta mese 07/2025,movimento,PAGA-2025-07
SCR-001003,2025-07-31,TRX-PAGA-2025-07,20.03,Erario c/ritenute alla fonte,0.00,6000.00,Erario c/ritenute IRPEF su retribuzioni 07/2025,movimento,PAGA-2025-07
SCR-001004,2025-07-31,TRX-PAGA-2025-07,20.04,Istituti previdenziali e assistenziali c/INPS,0.00,18500.00,Debito previdenziale complessivo INPS mese 07/2025,movimento,PAGA-2025-07
SCR-001005,2025-08-31,TRX-PAGA-2025-08,60.01,Retribuzioni lorde personale dipendente,37500.00,0.00,Retribuzioni lorde dipendenti mese 08/2025,movimento,PAGA-2025-08
SCR-001006,2025-08-31,TRX-PAGA-2025-08,60.02,Oneri sociali a carico ditta (INPS),14500.00,0.00,Oneri sociali c/ditta INPS mese 08/2025,movimento,PAGA-2025-08
SCR-001007,2025-08-31,TRX-PAGA-2025-08,20.05,Personale dipendente c/retribuzioni,0.00,27500.00,Debito retribuzioni nette in busta mese 08/2025,movimento,PAGA-2025-08
SCR-001008,2025-08-31,TRX-PAGA-2025-08,20.03,Erario c/ritenute alla fonte,0.00,6000.00,Erario c/ritenute IRPEF su retribuzioni 08/2025,movimento,PAGA-2025-08
SCR-001009,2025-08-31,TRX-PAGA-2025-08,20.04,Istituti previdenziali e assistenziali c/INPS,0.00,18500.00,Debito previdenziale complessivo INPS mese 08/2025,movimento,PAGA-2025-08
SCR-001010,2025-09-30,TRX-PAGA-2025-09,60.01,Retribuzioni lorde personale dipendente,37500.00,0.00,Retribuzioni lorde dipendenti mese 09/2025,movimento,PAGA-2025-09
SCR-001011,2025-09-30,TRX-PAGA-2025-09,60.02,Oneri sociali a carico ditta (INPS),14500.00,0.00,Oneri sociali c/ditta INPS mese 09/2025,movimento,PAGA-2025-09
SCR-001012,2025-09-30,TRX-PAGA-2025-09,20.05,Personale dipendente c/retribuzioni,0.00,27500.00,Debito retribuzioni nette in busta mese 09/2025,movimento,PAGA-2025-09
SCR-001013,2025-09-30,TRX-PAGA-2025-09,20.03,Erario c/ritenute alla fonte,0.00,6000.00,Erario c/ritenute IRPEF su retribuzioni 09/2025,movimento,PAGA-2025-09
SCR-001014,2025-09-30,TRX-PAGA-2025-09,20.04,Istituti previdenziali e assistenziali c/INPS,0.00,18500.00,Debito previdenziale complessivo INPS mese 09/2025,movimento,PAGA-2025-09
SCR-001015,2025-10-31,TRX-PAGA-2025-10,60.01,Retribuzioni lorde personale dipendente,37500.00,0.00,Retribuzioni lorde dipendenti mese 10/2025,movimento,PAGA-2025-10
SCR-001016,2025-10-31,TRX-PAGA-2025-10,60.02,Oneri sociali a carico ditta (INPS),14500.00,0.00,Oneri sociali c/ditta INPS mese 10/2025,movimento,PAGA-2025-10
SCR-001017,2025-10-31,TRX-PAGA-2025-10,20.05,Personale dipendente c/retribuzioni,0.00,27500.00,Debito retribuzioni nette in busta mese 10/2025,movimento,PAGA-2025-10
SCR-001018,2025-10-31,TRX-PAGA-2025-10,20.03,Erario c/ritenute alla fonte,0.00,6000.00,Erario c/ritenute IRPEF su retribuzioni 10/2025,movimento,PAGA-2025-10
SCR-001019,2025-10-31,TRX-PAGA-2025-10,20.04,Istituti previdenziali e assistenziali c/INPS,0.00,18500.00,Debito previdenziale complessivo INPS mese 10/2025,movimento,PAGA-2025-10
SCR-001020,2025-11-30,TRX-PAGA-2025-11,60.01,Retribuzioni lorde personale dipendente,37500.00,0.00,Retribuzioni lorde dipendenti mese 11/2025,movimento,PAGA-2025-11
SCR-001021,2025-11-30,TRX-PAGA-2025-11,60.02,Oneri sociali a carico ditta (INPS),14500.00,0.00,Oneri sociali c/ditta INPS mese 11/2025,movimento,PAGA-2025-11
SCR-001022,2025-11-30,TRX-PAGA-2025-11,20.05,Personale dipendente c/retribuzioni,0.00,27500.00,Debito retribuzioni nette in busta mese 11/2025,movimento,PAGA-2025-11
SCR-001023,2025-11-30,TRX-PAGA-2025-11,20.03,Erario c/ritenute alla fonte,0.00,6000.00,Erario c/ritenute IRPEF su retribuzioni 11/2025,movimento,PAGA-2025-11
SCR-001024,2025-11-30,TRX-PAGA-2025-11,20.04,Istituti previdenziali e assistenziali c/INPS,0.00,18500.00,Debito previdenziale complessivo INPS mese 11/2025,movimento,PAGA-2025-11
SCR-001025,2025-12-31,TRX-PAGA-2025-12,60.01,Retribuzioni lorde personale dipendente,37500.00,0.00,Retribuzioni lorde dipendenti mese 12/2025,movimento,PAGA-2025-12
SCR-001026,2025-12-31,TRX-PAGA-2025-12,60.02,Oneri sociali a carico ditta (INPS),14500.00,0.00,Oneri sociali c/ditta INPS mese 12/2025,movimento,PAGA-2025-12
SCR-001027,2025-12-31,TRX-PAGA-2025-12,20.05,Personale dipendente c/retribuzioni,0.00,27500.00,Debito retribuzioni nette in busta mese 12/2025,movimento,PAGA-2025-12
SCR-001028,2025-12-31,TRX-PAGA-2025-12,20.03,Erario c/ritenute alla fonte,0.00,6000.00,Erario c/ritenute IRPEF su retribuzioni 12/2025,movimento,PAGA-2025-12
SCR-001029,2025-12-31,TRX-PAGA-2025-12,20.04,Istituti previdenziali e assistenziali c/INPS,0.00,18500.00,Debito previdenziale complessivo INPS mese 12/2025,movimento,PAGA-2025-12
SCR-001030,2025-01-11,TRX-MOV-000001,20.01,Debiti verso fornitori,488.00,0.00,Pagamento fattura passiva FATT-P-2025-0074,movimento,MOV-000001
SCR-001031,2025-01-11,TRX-MOV-000001,10.02,Banca c/c ordinario,0.00,488.00,BONIFICO A VOSTRO FAVORE: SICURASSICURA S.P.A. - PAGAMENTO DOC. N. SIC-2025-001 DEL 2025-01-01,movimento,MOV-000001
SCR-001032,2025-01-16,TRX-MOV-000002,20.01,Debiti verso fornitori,2586.40,0.00,Pagamento fattura passiva FATT-P-2025-0013,movimento,MOV-000002
SCR-001033,2025-01-16,TRX-MOV-000002,10.02,Banca c/c ordinario,0.00,2586.40,BONIFICO A VOSTRO FAVORE: ALTOCUMULO CLOUD SERVICES S.R.L. - PAGAMENTO DOC. N. ALT-2025-001 DEL 2025-01-02,movimento,MOV-000002
SCR-001034,2025-01-16,TRX-MOV-000003,20.03,Erario c/ritenute alla fonte,6000.00,0.00,Versamento ritenute IRPEF con F24,movimento,MOV-000003
SCR-001035,2025-01-16,TRX-MOV-000003,20.04,Istituti previdenziali e assistenziali c/INPS,18500.00,0.00,Versamento contributi INPS con F24,movimento,MOV-000003
SCR-001036,2025-01-16,TRX-MOV-000003,20.02,Erario c/IVA a debito,3850.00,0.00,Versamento saldo debito IVA con F24,movimento,MOV-000003
SCR-001037,2025-01-16,TRX-MOV-000003,10.02,Banca c/c ordinario,0.00,28350.00,"DELEGA F24 TELEMATICA N. 0918231 - RITENUTE IRPEF, CONTRIBUTI INPS E SALDO IVA PERIODO 12/2024",movimento,MOV-000003
SCR-001038,2025-01-18,TRX-MOV-000004,20.01,Debiti verso fornitori,4880.00,0.00,Pagamento fattura passiva FATT-P-2025-0001,movimento,MOV-000004
SCR-001039,2025-01-18,TRX-MOV-000004,10.02,Banca c/c ordinario,0.00,4880.00,BONIFICO A VOSTRO FAVORE: NIMBUS SOFTWARE S.R.L. - PAGAMENTO DOC. N. NMB-2025-001 DEL 2025-01-05,movimento,MOV-000004
SCR-001040,2025-01-18,TRX-MOV-000005,20.01,Debiti verso fornitori,4636.00,0.00,Pagamento fattura passiva FATT-P-2025-0025,movimento,MOV-000005
SCR-001041,2025-01-18,TRX-MOV-000005,10.02,Banca c/c ordinario,0.00,4636.00,BONIFICO A VOSTRO FAVORE: LOCAZIONI NAVIGLI S.R.L. - PAGAMENTO DOC. N. LOC-2025-001 DEL 2025-01-01,movimento,MOV-000005
SCR-001042,2025-01-24,TRX-MOV-000006,20.01,Debiti verso fornitori,915.00,0.00,Pagamento fattura passiva FATT-P-2025-0086,movimento,MOV-000006
SCR-001043,2025-01-24,TRX-MOV-000006,10.02,Banca c/c ordinario,0.00,915.00,BONIFICO A VOSTRO FAVORE: FLEETLEASING ITALIA S.P.A. - PAGAMENTO DOC. N. FLT-2025-001 DEL 2025-01-05,movimento,MOV-000006
SCR-001044,2025-01-25,TRX-MOV-000007,20.01,Debiti verso fornitori,1098.00,0.00,Pagamento fattura passiva FATT-P-2025-0038,movimento,MOV-000007
SCR-001045,2025-01-25,TRX-MOV-000007,10.02,Banca c/c ordinario,0.00,1098.00,BONIFICO A VOSTRO FAVORE: STUDIO DOTT. COMMERCIALISTI BRAMBILLA & CO. - PAGAMENTO DOC. N. BRAMB-2025-001 DEL 2025-01-15,movimento,MOV-000007
SCR-001046,2025-01-25,TRX-MOV-000008,20.01,Debiti verso fornitori,427.00,0.00,Pagamento fattura passiva FATT-P-2025-0050,movimento,MOV-000008
SCR-001047,2025-01-25,TRX-MOV-000008,10.02,Banca c/c ordinario,0.00,427.00,BONIFICO A VOSTRO FAVORE: FASTCONNECT TELECOM S.P.A. - PAGAMENTO DOC. N. FAST-2025-001 DEL 2025-01-08,movimento,MOV-000008
SCR-001048,2025-01-27,TRX-MOV-000009,20.05,Personale dipendente c/retribuzioni,27500.00,0.00,Chiusura debito retribuzioni nette verso dipendenti,movimento,MOV-000009
SCR-001049,2025-01-27,TRX-MOV-000009,10.02,Banca c/c ordinario,0.00,27500.00,DISPOSIZIONE BONIFICO SEPA CUMULATIVO: RETRIBUZIONI DIPENDENTI MESE 01/2025,movimento,MOV-000009
SCR-001050,2025-01-28,TRX-MOV-000010,20.01,Debiti verso fornitori,671.00,0.00,Pagamento fattura passiva FATT-P-2025-0167,movimento,MOV-000010
SCR-001051,2025-01-28,TRX-MOV-000010,10.02,Banca c/c ordinario,0.00,671.00,BONIFICO A VOSTRO FAVORE: FERROVIE NAZIONALI S.P.A. - PAGAMENTO DOC. N. TRN-2025-0101 DEL 2025-01-14,movimento,MOV-000010
SCR-001052,2025-01-31,TRX-MOV-000011,20.01,Debiti verso fornitori,1037.00,0.00,Pagamento fattura passiva FATT-P-2025-0168,movimento,MOV-000011
SCR-001053,2025-01-31,TRX-MOV-000011,10.02,Banca c/c ordinario,0.00,1037.00,BONIFICO A VOSTRO FAVORE: MILANO & ROMA BUSINESS HOTELS S.R.L. - PAGAMENTO DOC. N. HTL-2025-0101 DEL 2025-01-15,movimento,MOV-000011
SCR-001054,2025-01-31,TRX-MOV-000012,68.01,"Oneri bancari, commissioni e tenuta conto",75.00,0.00,Addebito spese e oneri bancari di conto corrente,movimento,MOV-000012
SCR-001055,2025-01-31,TRX-MOV-000012,10.02,Banca c/c ordinario,0.00,75.00,COMPETENZE E SPESE TENUTA CONTO CORRENTE E HOME BANKING PERIODO 01/2025,movimento,MOV-000012
SCR-001056,2025-02-01,TRX-MOV-000013,20.01,Debiti verso fornitori,1220.00,0.00,Pagamento fattura passiva FATT-P-2025-0110,movimento,MOV-000013
SCR-001057,2025-02-01,TRX-MOV-000013,10.02,Banca c/c ordinario,0.00,1220.00,BONIFICO A VOSTRO FAVORE: MEDIABRAND STUDIO S.R.L. - PAGAMENTO DOC. N. MDB-2025-001 DEL 2025-01-18,movimento,MOV-000013
SCR-001058,2025-02-02,TRX-MOV-000014,20.01,Debiti verso fornitori,756.40,0.00,Pagamento fattura passiva FATT-P-2025-0062,movimento,MOV-000014
SCR-001059,2025-02-02,TRX-MOV-000014,10.02,Banca c/c ordinario,0.00,756.40,BONIFICO A VOSTRO FAVORE: ECOLOMBARDA ENERGIA S.P.A. - PAGAMENTO DOC. N. ECOL-2025-001 DEL 2025-01-12,movimento,MOV-000014
SCR-001060,2025-02-05,TRX-MOV-000015,20.01,Debiti verso fornitori,549.00,0.00,Pagamento fattura passiva FATT-P-2025-0169,movimento,MOV-000015
SCR-001061,2025-02-05,TRX-MOV-000015,10.02,Banca c/c ordinario,0.00,549.00,BONIFICO A VOSTRO FAVORE: RISTORANTI & CATERING MILANO S.R.L. - PAGAMENTO DOC. N. RST-2025-0101 DEL 2025-01-16,movimento,MOV-000015
SCR-001062,2025-02-06,TRX-MOV-000016,20.01,Debiti verso fornitori,793.00,0.00,Pagamento fattura passiva FATT-P-2025-0158,movimento,MOV-000016
SCR-001063,2025-02-06,TRX-MOV-000016,10.02,Banca c/c ordinario,0.00,793.00,BONIFICO A VOSTRO FAVORE: TECHHARDWARE SOLUTIONS S.R.L. - PAGAMENTO DOC. N. FT-2025-0122 DEL 2025-01-18,movimento,MOV-000016
SCR-001064,2025-02-11,TRX-MOV-000017,20.01,Debiti verso fornitori,610.00,0.00,Pagamento fattura passiva FATT-P-2025-0098,movimento,MOV-000017
SCR-001065,2025-02-11,TRX-MOV-000017,10.02,Banca c/c ordinario,0.00,610.00,BONIFICO A VOSTRO FAVORE: PUNTO PULITO S.R.L. - PAGAMENTO DOC. N. PUNT-2025-001 DEL 2025-01-28,movimento,MOV-000017
SCR-001066,2025-02-12,TRX-MOV-000018,20.01,Debiti verso fornitori,488.00,0.00,Pagamento fattura passiva FATT-P-2025-0075,movimento,MOV-000018
SCR-001067,2025-02-12,TRX-MOV-000018,10.02,Banca c/c ordinario,0.00,488.00,BONIFICO A VOSTRO FAVORE: SICURASSICURA S.P.A. - PAGAMENTO DOC. N. SIC-2025-002 DEL 2025-02-01,movimento,MOV-000018
SCR-001068,2025-02-12,TRX-MOV-000019,20.01,Debiti verso fornitori,4270.00,0.00,Pagamento fattura passiva FATT-P-2025-0122,movimento,MOV-000019
SCR-001069,2025-02-12,TRX-MOV-000019,10.02,Banca c/c ordinario,0.00,4270.00,BONIFICO A VOSTRO FAVORE: DOTT. MARCO RINALDI - PAGAMENTO DOC. N. PAR-RNL-2025-01 DEL 2025-01-31,movimento,MOV-000019
SCR-001070,2025-02-15,TRX-MOV-000020,20.01,Debiti verso fornitori,4270.00,0.00,Pagamento fattura passiva FATT-P-2025-0123,movimento,MOV-000020
SCR-001071,2025-02-15,TRX-MOV-000020,10.02,Banca c/c ordinario,0.00,4270.00,BONIFICO A VOSTRO FAVORE: ING. SARA DE LUCA - PAGAMENTO DOC. N. PAR-DLC-2025-01 DEL 2025-01-31,movimento,MOV-000020
SCR-001072,2025-02-16,TRX-MOV-000021,20.01,Debiti verso fornitori,4880.00,0.00,Pagamento fattura passiva FATT-P-2025-0002,movimento,MOV-000021
SCR-001073,2025-02-16,TRX-MOV-000021,10.02,Banca c/c ordinario,0.00,4880.00,BONIFICO A VOSTRO FAVORE: NIMBUS SOFTWARE S.R.L. - PAGAMENTO DOC. N. NMB-2025-002 DEL 2025-02-05,movimento,MOV-000021
SCR-001074,2025-02-16,TRX-MOV-000022,20.03,Erario c/ritenute alla fonte,6000.00,0.00,Versamento ritenute IRPEF con F24,movimento,MOV-000022
SCR-001075,2025-02-16,TRX-MOV-000022,20.04,Istituti previdenziali e assistenziali c/INPS,18500.00,0.00,Versamento contributi INPS con F24,movimento,MOV-000022
SCR-001076,2025-02-16,TRX-MOV-000022,20.02,Erario c/IVA a debito,13763.20,0.00,Versamento saldo debito IVA con F24,movimento,MOV-000022
SCR-001077,2025-02-16,TRX-MOV-000022,10.02,Banca c/c ordinario,0.00,38263.20,"DELEGA F24 TELEMATICA N. 0918232 - RITENUTE IRPEF, CONTRIBUTI INPS E SALDO IVA PERIODO 01/2025",movimento,MOV-000022
SCR-001078,2025-02-17,TRX-MOV-000023,20.01,Debiti verso fornitori,4636.00,0.00,Pagamento fattura passiva FATT-P-2025-0026,movimento,MOV-000023
SCR-001079,2025-02-17,TRX-MOV-000023,10.02,Banca c/c ordinario,0.00,4636.00,BONIFICO A VOSTRO FAVORE: LOCAZIONI NAVIGLI S.R.L. - PAGAMENTO DOC. N. LOC-2025-002 DEL 2025-02-01,movimento,MOV-000023
SCR-001080,2025-02-22,TRX-MOV-000024,20.01,Debiti verso fornitori,915.00,0.00,Pagamento fattura passiva FATT-P-2025-0087,movimento,MOV-000024
SCR-001081,2025-02-22,TRX-MOV-000024,10.02,Banca c/c ordinario,0.00,915.00,BONIFICO A VOSTRO FAVORE: FLEETLEASING ITALIA S.P.A. - PAGAMENTO DOC. N. FLT-2025-002 DEL 2025-02-05,movimento,MOV-000024
SCR-001082,2025-02-22,TRX-MOV-000025,20.01,Debiti verso fornitori,3660.00,0.00,Pagamento fattura passiva FATT-P-2025-0124,movimento,MOV-000025
SCR-001083,2025-02-22,TRX-MOV-000025,10.02,Banca c/c ordinario,0.00,3660.00,BONIFICO A VOSTRO FAVORE: DOTT. MATTEO RIVA - PAGAMENTO DOC. N. PAR-RIV-2025-01 DEL 2025-01-31,movimento,MOV-000025
SCR-001084,2025-02-23,TRX-MOV-000026,20.01,Debiti verso fornitori,2537.60,0.00,Pagamento fattura passiva FATT-P-2025-0014,movimento,MOV-000026
SCR-001085,2025-02-23,TRX-MOV-000026,10.02,Banca c/c ordinario,0.00,2537.60,BONIFICO A VOSTRO FAVORE: ALTOCUMULO CLOUD SERVICES S.R.L. - PAGAMENTO DOC. N. ALT-2025-002 DEL 2025-02-02,movimento,MOV-000026
SCR-001086,2025-02-24,TRX-MOV-000027,20.01,Debiti verso fornitori,427.00,0.00,Pagamento fattura passiva FATT-P-2025-0051,movimento,MOV-000027
SCR-001087,2025-02-24,TRX-MOV-000027,10.02,Banca c/c ordinario,0.00,427.00,BONIFICO A VOSTRO FAVORE: FASTCONNECT TELECOM S.P.A. - PAGAMENTO DOC. N. FAST-2025-002 DEL 2025-02-08,movimento,MOV-000027
SCR-001088,2025-02-25,TRX-MOV-000028,10.02,Banca c/c ordinario,16104.00,0.00,BONIFICO DA: RETAILNEXT S.P.A. - SALDO FATTURA N. 2025/003 DEL 2025-01-31,movimento,MOV-000028
SCR-001089,2025-02-25,TRX-MOV-000028,11.01,Crediti verso clienti,0.00,16104.00,Incasso fattura FATT-A-2025-0003,movimento,MOV-000028
SCR-001090,2025-02-26,TRX-MOV-000029,10.02,Banca c/c ordinario,17324.00,0.00,BONIFICO DA: FINTECH SOLUTIONS ITALIA S.R.L. - SALDO FATTURA N. 2025/002 DEL 2025-01-31,movimento,MOV-000029
SCR-001091,2025-02-26,TRX-MOV-000029,11.01,Crediti verso clienti,0.00,17324.00,Incasso fattura FATT-A-2025-0002,movimento,MOV-000029
SCR-001092,2025-02-27,TRX-MOV-000030,20.05,Personale dipendente c/retribuzioni,27500.00,0.00,Chiusura debito retribuzioni nette verso dipendenti,movimento,MOV-000030
SCR-001093,2025-02-27,TRX-MOV-000030,10.02,Banca c/c ordinario,0.00,27500.00,DISPOSIZIONE BONIFICO SEPA CUMULATIVO: RETRIBUZIONI DIPENDENTI MESE 02/2025,movimento,MOV-000030
SCR-001094,2025-02-28,TRX-MOV-000031,10.02,Banca c/c ordinario,9150.00,0.00,BONIFICO DA: AGROTECH BIO S.R.L. - SALDO FATTURA N. 2025/006 DEL 2025-01-31,movimento,MOV-000031
SCR-001095,2025-02-28,TRX-MOV-000031,11.01,Crediti verso clienti,0.00,9150.00,Incasso fattura FATT-A-2025-0006,movimento,MOV-000031
SCR-001096,2025-02-28,TRX-MOV-000032,10.02,Banca c/c ordinario,7564.00,0.00,BONIFICO DA: EDILSMART COSTRUZIONI S.P.A. - SALDO FATTURA N. 2025/007 DEL 2025-01-31,movimento,MOV-000032
SCR-001097,2025-02-28,TRX-MOV-000032,11.01,Crediti verso clienti,0.00,7564.00,Incasso fattura FATT-A-2025-0007,movimento,MOV-000032
SCR-001098,2025-02-28,TRX-MOV-000033,68.01,"Oneri bancari, commissioni e tenuta conto",75.00,0.00,Addebito spese e oneri bancari di conto corrente,movimento,MOV-000033
SCR-001099,2025-02-28,TRX-MOV-000033,10.02,Banca c/c ordinario,0.00,75.00,COMPETENZE E SPESE TENUTA CONTO CORRENTE E HOME BANKING PERIODO 02/2025,movimento,MOV-000033
SCR-001100,2025-03-01,TRX-MOV-000034,10.02,Banca c/c ordinario,11224.00,0.00,BONIFICO DA: MANIFATTURA LOMBARDA S.R.L. - SALDO FATTURA N. 2025/005 DEL 2025-01-31,movimento,MOV-000034
SCR-001101,2025-03-01,TRX-MOV-000034,11.01,Crediti verso clienti,0.00,11224.00,Incasso fattura FATT-A-2025-0005,movimento,MOV-000034
SCR-001102,2025-03-02,TRX-MOV-000035,20.01,Debiti verso fornitori,1000.40,0.00,Pagamento fattura passiva FATT-P-2025-0159,movimento,MOV-000035
SCR-001103,2025-03-02,TRX-MOV-000035,10.02,Banca c/c ordinario,0.00,1000.40,BONIFICO A VOSTRO FAVORE: TECHHARDWARE SOLUTIONS S.R.L. - PAGAMENTO DOC. N. FT-2025-0245 DEL 2025-02-14,movimento,MOV-000035
SCR-001104,2025-03-02,TRX-MOV-000036,20.01,Debiti verso fornitori,1037.00,0.00,Pagamento fattura passiva FATT-P-2025-0171,movimento,MOV-000036
SCR-001105,2025-03-02,TRX-MOV-000036,10.02,Banca c/c ordinario,0.00,1037.00,BONIFICO A VOSTRO FAVORE: MILANO & ROMA BUSINESS HOTELS S.R.L. - PAGAMENTO DOC. N. HTL-2025-0201 DEL 2025-02-15,movimento,MOV-000036
SCR-001106,2025-03-03,TRX-MOV-000037,20.01,Debiti verso fornitori,780.80,0.00,Pagamento fattura passiva FATT-P-2025-0063,movimento,MOV-000037
SCR-001107,2025-03-03,TRX-MOV-000037,10.02,Banca c/c ordinario,0.00,780.80,BONIFICO A VOSTRO FAVORE: ECOLOMBARDA ENERGIA S.P.A. - PAGAMENTO DOC. N. ECOL-2025-002 DEL 2025-02-12,movimento,MOV-000037
SCR-001108,2025-03-05,TRX-MOV-000038,20.01,Debiti verso fornitori,549.00,0.00,Pagamento fattura passiva FATT-P-2025-0172,movimento,MOV-000038
SCR-001109,2025-03-05,TRX-MOV-000038,10.02,Banca c/c ordinario,0.00,549.00,BONIFICO A VOSTRO FAVORE: RISTORANTI & CATERING MILANO S.R.L. - PAGAMENTO DOC. N. RST-2025-0201 DEL 2025-02-16,movimento,MOV-000038
SCR-001110,2025-03-06,TRX-MOV-000039,20.01,Debiti verso fornitori,671.00,0.00,Pagamento fattura passiva FATT-P-2025-0170,movimento,MOV-000039
SCR-001111,2025-03-06,TRX-MOV-000039,10.02,Banca c/c ordinario,0.00,671.00,BONIFICO A VOSTRO FAVORE: FERROVIE NAZIONALI S.P.A. - PAGAMENTO DOC. N. TRN-2025-0201 DEL 2025-02-14,movimento,MOV-000039
SCR-001112,2025-03-07,TRX-MOV-000040,10.02,Banca c/c ordinario,34160.00,0.00,BONIFICO DA: BARILLI LOGISTICA S.P.A. - SALDO FATTURA N. 2025/001 DEL 2025-01-31,movimento,MOV-000040
SCR-001113,2025-03-07,TRX-MOV-000040,11.01,Crediti verso clienti,0.00,34160.00,Incasso fattura FATT-A-2025-0001,movimento,MOV-000040
SCR-001114,2025-03-08,TRX-MOV-000041,10.02,Banca c/c ordinario,13664.00,0.00,BONIFICO DA: MEDIHEALTH CARE S.R.L. - SALDO FATTURA N. 2025/004 DEL 2025-01-31,movimento,MOV-000041
SCR-001115,2025-03-08,TRX-MOV-000041,11.01,Crediti verso clienti,0.00,13664.00,Incasso fattura FATT-A-2025-0004,movimento,MOV-000041
SCR-001116,2025-03-08,TRX-MOV-000042,20.01,Debiti verso fornitori,1220.00,0.00,Pagamento fattura passiva FATT-P-2025-0111,movimento,MOV-000042
SCR-001117,2025-03-08,TRX-MOV-000042,10.02,Banca c/c ordinario,0.00,1220.00,BONIFICO A VOSTRO FAVORE: MEDIABRAND STUDIO S.R.L. - PAGAMENTO DOC. N. MDB-2025-002 DEL 2025-02-18,movimento,MOV-000042
SCR-001118,2025-03-09,TRX-MOV-000043,20.01,Debiti verso fornitori,1098.00,0.00,Pagamento fattura passiva FATT-P-2025-0039,movimento,MOV-000043
SCR-001119,2025-03-09,TRX-MOV-000043,10.02,Banca c/c ordinario,0.00,1098.00,BONIFICO A VOSTRO FAVORE: STUDIO DOTT. COMMERCIALISTI BRAMBILLA & CO. - PAGAMENTO DOC. N. BRAMB-2025-002 DEL 2025-02-15,movimento,MOV-000043
SCR-001120,2025-03-12,TRX-MOV-000044,20.01,Debiti verso fornitori,4270.00,0.00,Pagamento fattura passiva FATT-P-2025-0125,movimento,MOV-000044
SCR-001121,2025-03-12,TRX-MOV-000044,10.02,Banca c/c ordinario,0.00,4270.00,BONIFICO A VOSTRO FAVORE: DOTT. MARCO RINALDI - PAGAMENTO DOC. N. PAR-RNL-2025-02 DEL 2025-02-28,movimento,MOV-000044
SCR-001122,2025-03-13,TRX-MOV-000045,20.01,Debiti verso fornitori,488.00,0.00,Pagamento fattura passiva FATT-P-2025-0076,movimento,MOV-000045
SCR-001123,2025-03-13,TRX-MOV-000045,10.02,Banca c/c ordinario,0.00,488.00,BONIFICO A VOSTRO FAVORE: SICURASSICURA S.P.A. - PAGAMENTO DOC. N. SIC-2025-003 DEL 2025-03-01,movimento,MOV-000045
SCR-001124,2025-03-15,TRX-MOV-000046,20.01,Debiti verso fornitori,4636.00,0.00,Pagamento fattura passiva FATT-P-2025-0027,movimento,MOV-000046
SCR-001125,2025-03-15,TRX-MOV-000046,10.02,Banca c/c ordinario,0.00,4636.00,BONIFICO A VOSTRO FAVORE: LOCAZIONI NAVIGLI S.R.L. - PAGAMENTO DOC. N. LOC-2025-003 DEL 2025-03-01,movimento,MOV-000046
SCR-001126,2025-03-16,TRX-MOV-000047,20.03,Erario c/ritenute alla fonte,6000.00,0.00,Versamento ritenute IRPEF con F24,movimento,MOV-000047
SCR-001127,2025-03-16,TRX-MOV-000047,20.04,Istituti previdenziali e assistenziali c/INPS,18500.00,0.00,Versamento contributi INPS con F24,movimento,MOV-000047
SCR-001128,2025-03-16,TRX-MOV-000047,20.02,Erario c/IVA a debito,13840.20,0.00,Versamento saldo debito IVA con F24,movimento,MOV-000047
SCR-001129,2025-03-16,TRX-MOV-000047,10.02,Banca c/c ordinario,0.00,38340.20,"DELEGA F24 TELEMATICA N. 0918233 - RITENUTE IRPEF, CONTRIBUTI INPS E SALDO IVA PERIODO 02/2025",movimento,MOV-000047
SCR-001130,2025-03-18,TRX-MOV-000048,20.01,Debiti verso fornitori,4270.00,0.00,Pagamento fattura passiva FATT-P-2025-0126,movimento,MOV-000048
SCR-001131,2025-03-18,TRX-MOV-000048,10.02,Banca c/c ordinario,0.00,4270.00,BONIFICO A VOSTRO FAVORE: ING. SARA DE LUCA - PAGAMENTO DOC. N. PAR-DLC-2025-02 DEL 2025-02-28,movimento,MOV-000048
SCR-001132,2025-03-21,TRX-MOV-000049,20.01,Debiti verso fornitori,4880.00,0.00,Pagamento fattura passiva FATT-P-2025-0003,movimento,MOV-000049
SCR-001133,2025-03-21,TRX-MOV-000049,10.02,Banca c/c ordinario,0.00,4880.00,BONIFICO A VOSTRO FAVORE: NIMBUS SOFTWARE S.R.L. - PAGAMENTO DOC. N. NMB-2025-003 DEL 2025-03-05,movimento,MOV-000049
SCR-001134,2025-03-22,TRX-MOV-000050,20.01,Debiti verso fornitori,2671.80,0.00,Pagamento fattura passiva FATT-P-2025-0015,movimento,MOV-000050
SCR-001135,2025-03-22,TRX-MOV-000050,10.02,Banca c/c ordinario,0.00,2671.80,BONIFICO A VOSTRO FAVORE: ALTOCUMULO CLOUD SERVICES S.R.L. - PAGAMENTO DOC. N. ALT-2025-003 DEL 2025-03-02,movimento,MOV-000050
SCR-001136,2025-03-22,TRX-MOV-000051,20.01,Debiti verso fornitori,610.00,0.00,Pagamento fattura passiva FATT-P-2025-0099,movimento,MOV-000051
SCR-001137,2025-03-22,TRX-MOV-000051,10.02,Banca c/c ordinario,0.00,610.00,BONIFICO A VOSTRO FAVORE: PUNTO PULITO S.R.L. - PAGAMENTO DOC. N. PUNT-2025-002 DEL 2025-02-28,movimento,MOV-000051
SCR-001138,2025-03-22,TRX-MOV-000052,20.01,Debiti verso fornitori,3660.00,0.00,Pagamento fattura passiva FATT-P-2025-0127,movimento,MOV-000052
SCR-001139,2025-03-22,TRX-MOV-000052,10.02,Banca c/c ordinario,0.00,3660.00,BONIFICO A VOSTRO FAVORE: DOTT. MATTEO RIVA - PAGAMENTO DOC. N. PAR-RIV-2025-02 DEL 2025-02-28,movimento,MOV-000052
SCR-001140,2025-03-23,TRX-MOV-000053,20.01,Debiti verso fornitori,915.00,0.00,Pagamento fattura passiva FATT-P-2025-0088,movimento,MOV-000053
SCR-001141,2025-03-23,TRX-MOV-000053,10.02,Banca c/c ordinario,0.00,915.00,BONIFICO A VOSTRO FAVORE: FLEETLEASING ITALIA S.P.A. - PAGAMENTO DOC. N. FLT-2025-003 DEL 2025-03-05,movimento,MOV-000053
SCR-001142,2025-03-26,TRX-MOV-000054,10.02,Banca c/c ordinario,16226.00,0.00,BONIFICO DA: RETAILNEXT S.P.A. - SALDO FATTURA N. 2025/010 DEL 2025-02-28,movimento,MOV-000054
SCR-001143,2025-03-26,TRX-MOV-000054,11.01,Crediti verso clienti,0.00,16226.00,Incasso fattura FATT-A-2025-0010,movimento,MOV-000054
SCR-001144,2025-03-26,TRX-MOV-000055,10.02,Banca c/c ordinario,7564.00,0.00,BONIFICO DA: EDILSMART COSTRUZIONI S.P.A. - SALDO FATTURA N. 2025/014 DEL 2025-02-28,movimento,MOV-000055
SCR-001145,2025-03-26,TRX-MOV-000055,11.01,Crediti verso clienti,0.00,7564.00,Incasso fattura FATT-A-2025-0014,movimento,MOV-000055
SCR-001146,2025-03-27,TRX-MOV-000056,10.02,Banca c/c ordinario,34160.00,0.00,BONIFICO DA: BARILLI LOGISTICA S.P.A. - SALDO FATTURA N. 2025/008 DEL 2025-02-28,movimento,MOV-000056
SCR-001147,2025-03-27,TRX-MOV-000056,11.01,Crediti verso clienti,0.00,34160.00,Incasso fattura FATT-A-2025-0008,movimento,MOV-000056
SCR-001148,2025-03-27,TRX-MOV-000057,20.01,Debiti verso fornitori,549.00,0.00,Pagamento fattura passiva FATT-P-2025-0175,movimento,MOV-000057
SCR-001149,2025-03-27,TRX-MOV-000057,10.02,Banca c/c ordinario,0.00,549.00,BONIFICO A VOSTRO FAVORE: RISTORANTI & CATERING MILANO S.R.L. - PAGAMENTO DOC. N. RST-2025-0301 DEL 2025-03-16,movimento,MOV-000057
SCR-001150,2025-03-27,TRX-MOV-000058,20.05,Personale dipendente c/retribuzioni,27500.00,0.00,Chiusura debito retribuzioni nette verso dipendenti,movimento,MOV-000058
SCR-001151,2025-03-27,TRX-MOV-000058,10.02,Banca c/c ordinario,0.00,27500.00,DISPOSIZIONE BONIFICO SEPA CUMULATIVO: RETRIBUZIONI DIPENDENTI MESE 03/2025,movimento,MOV-000058
SCR-001152,2025-03-28,TRX-MOV-000059,20.01,Debiti verso fornitori,427.00,0.00,Pagamento fattura passiva FATT-P-2025-0052,movimento,MOV-000059
SCR-001153,2025-03-28,TRX-MOV-000059,10.02,Banca c/c ordinario,0.00,427.00,BONIFICO A VOSTRO FAVORE: FASTCONNECT TELECOM S.P.A. - PAGAMENTO DOC. N. FAST-2025-003 DEL 2025-03-08,movimento,MOV-000059
SCR-001154,2025-03-28,TRX-MOV-000060,20.01,Debiti verso fornitori,719.80,0.00,Pagamento fattura passiva FATT-P-2025-0064,movimento,MOV-000060
SCR-001155,2025-03-28,TRX-MOV-000060,10.02,Banca c/c ordinario,0.00,719.80,BONIFICO A VOSTRO FAVORE: ECOLOMBARDA ENERGIA S.P.A. - PAGAMENTO DOC. N. ECOL-2025-003 DEL 2025-03-12,movimento,MOV-000060
SCR-001156,2025-03-30,TRX-MOV-000061,20.01,Debiti verso fornitori,1098.00,0.00,Pagamento fattura passiva FATT-P-2025-0040,movimento,MOV-000061
SCR-001157,2025-03-30,TRX-MOV-000061,10.02,Banca c/c ordinario,0.00,1098.00,BONIFICO A VOSTRO FAVORE: STUDIO DOTT. COMMERCIALISTI BRAMBILLA & CO. - PAGAMENTO DOC. N. BRAMB-2025-003 DEL 2025-03-15,movimento,MOV-000061
SCR-001158,2025-03-31,TRX-MOV-000062,68.01,"Oneri bancari, commissioni e tenuta conto",75.00,0.00,Addebito spese e oneri bancari di conto corrente,movimento,MOV-000062
SCR-001159,2025-03-31,TRX-MOV-000062,10.02,Banca c/c ordinario,0.00,75.00,COMPETENZE E SPESE TENUTA CONTO CORRENTE E HOME BANKING PERIODO 03/2025,movimento,MOV-000062
SCR-001160,2025-04-01,TRX-MOV-000063,20.01,Debiti verso fornitori,671.00,0.00,Pagamento fattura passiva FATT-P-2025-0173,movimento,MOV-000063
SCR-001161,2025-04-01,TRX-MOV-000063,10.02,Banca c/c ordinario,0.00,671.00,BONIFICO A VOSTRO FAVORE: FERROVIE NAZIONALI S.P.A. - PAGAMENTO DOC. N. TRN-2025-0301 DEL 2025-03-14,movimento,MOV-000063
SCR-001162,2025-04-01,TRX-MOV-000064,20.01,Debiti verso fornitori,1037.00,0.00,Pagamento fattura passiva FATT-P-2025-0174,movimento,MOV-000064
SCR-001163,2025-04-01,TRX-MOV-000064,10.02,Banca c/c ordinario,0.00,1037.00,BONIFICO A VOSTRO FAVORE: MILANO & ROMA BUSINESS HOTELS S.R.L. - PAGAMENTO DOC. N. HTL-2025-0301 DEL 2025-03-15,movimento,MOV-000064
SCR-001164,2025-04-02,TRX-MOV-000065,10.02,Banca c/c ordinario,9150.00,0.00,BONIFICO DA: AGROTECH BIO S.R.L. - SALDO FATTURA N. 2025/013 DEL 2025-02-28,movimento,MOV-000065
SCR-001165,2025-04-02,TRX-MOV-000065,11.01,Crediti verso clienti,0.00,9150.00,Incasso fattura FATT-A-2025-0013,movimento,MOV-000065
SCR-001166,2025-04-04,TRX-MOV-000066,10.02,Banca c/c ordinario,13908.00,0.00,BONIFICO DA: MEDIHEALTH CARE S.R.L. - SALDO FATTURA N. 2025/011 DEL 2025-02-28,movimento,MOV-000066
SCR-001167,2025-04-04,TRX-MOV-000066,11.01,Crediti verso clienti,0.00,13908.00,Incasso fattura FATT-A-2025-0011,movimento,MOV-000066
SCR-001168,2025-04-05,TRX-MOV-000067,10.02,Banca c/c ordinario,17446.00,0.00,BONIFICO DA: FINTECH SOLUTIONS ITALIA S.R.L. - SALDO FATTURA N. 2025/009 DEL 2025-02-28,movimento,MOV-000067
SCR-001169,2025-04-05,TRX-MOV-000067,11.01,Crediti verso clienti,0.00,17446.00,Incasso fattura FATT-A-2025-0009,movimento,MOV-000067
SCR-001170,2025-04-05,TRX-MOV-000068,10.02,Banca c/c ordinario,11346.00,0.00,BONIFICO DA: MANIFATTURA LOMBARDA S.R.L. - SALDO FATTURA N. 2025/012 DEL 2025-02-28,movimento,MOV-000068
SCR-001171,2025-04-05,TRX-MOV-000068,11.01,Crediti verso clienti,0.00,11346.00,Incasso fattura FATT-A-2025-0012,movimento,MOV-000068
SCR-001172,2025-04-07,TRX-MOV-000069,20.01,Debiti verso fornitori,14640.00,0.00,Pagamento fattura passiva FATT-P-2025-0037,movimento,MOV-000069
SCR-001173,2025-04-07,TRX-MOV-000069,10.02,Banca c/c ordinario,0.00,14640.00,BONIFICO A VOSTRO FAVORE: STUDIO LEGALE FERRARIS & ASSOCIATI - PAGAMENTO DOC. N. FERR-2025-042 DEL 2025-03-25,movimento,MOV-000069
SCR-001174,2025-04-09,TRX-MOV-000070,20.01,Debiti verso fornitori,1220.00,0.00,Pagamento fattura passiva FATT-P-2025-0112,movimento,MOV-000070
SCR-001175,2025-04-09,TRX-MOV-000070,10.02,Banca c/c ordinario,0.00,1220.00,BONIFICO A VOSTRO FAVORE: MEDIABRAND STUDIO S.R.L. - PAGAMENTO DOC. N. MDB-2025-003 DEL 2025-03-18,movimento,MOV-000070
SCR-001176,2025-04-10,TRX-MOV-000071,20.01,Debiti verso fornitori,4270.00,0.00,Pagamento fattura passiva FATT-P-2025-0129,movimento,MOV-000071
SCR-001177,2025-04-10,TRX-MOV-000071,10.02,Banca c/c ordinario,0.00,4270.00,BONIFICO A VOSTRO FAVORE: ING. SARA DE LUCA - PAGAMENTO DOC. N. PAR-DLC-2025-03 DEL 2025-03-31,movimento,MOV-000071
SCR-001178,2025-04-16,TRX-MOV-000072,20.03,Erario c/ritenute alla fonte,6000.00,0.00,Versamento ritenute IRPEF con F24,movimento,MOV-000072
SCR-001179,2025-04-16,TRX-MOV-000072,20.04,Istituti previdenziali e assistenziali c/INPS,18500.00,0.00,Versamento contributi INPS con F24,movimento,MOV-000072
SCR-001180,2025-04-16,TRX-MOV-000072,20.02,Erario c/IVA a debito,12467.40,0.00,Versamento saldo debito IVA con F24,movimento,MOV-000072
SCR-001181,2025-04-16,TRX-MOV-000072,10.02,Banca c/c ordinario,0.00,36967.40,"DELEGA F24 TELEMATICA N. 0918234 - RITENUTE IRPEF, CONTRIBUTI INPS E SALDO IVA PERIODO 03/2025",movimento,MOV-000072
SCR-001182,2025-04-17,TRX-MOV-000073,20.01,Debiti verso fornitori,610.00,0.00,Pagamento fattura passiva FATT-P-2025-0100,movimento,MOV-000073
SCR-001183,2025-04-17,TRX-MOV-000073,10.02,Banca c/c ordinario,0.00,610.00,BONIFICO A VOSTRO FAVORE: PUNTO PULITO S.R.L. - PAGAMENTO DOC. N. PUNT-2025-003 DEL 2025-03-28,movimento,MOV-000073
SCR-001184,2025-04-18,TRX-MOV-000074,20.01,Debiti verso fornitori,4270.00,0.00,Pagamento fattura passiva FATT-P-2025-0128,movimento,MOV-000074
SCR-001185,2025-04-18,TRX-MOV-000074,10.02,Banca c/c ordinario,0.00,4270.00,BONIFICO A VOSTRO FAVORE: DOTT. MARCO RINALDI - PAGAMENTO DOC. N. PAR-RNL-2025-03 DEL 2025-03-31,movimento,MOV-000074
SCR-001186,2025-04-19,TRX-MOV-000075,20.01,Debiti verso fornitori,4880.00,0.00,Pagamento fattura passiva FATT-P-2025-0004,movimento,MOV-000075
SCR-001187,2025-04-19,TRX-MOV-000075,10.02,Banca c/c ordinario,0.00,4880.00,BONIFICO A VOSTRO FAVORE: NIMBUS SOFTWARE S.R.L. - PAGAMENTO DOC. N. NMB-2025-004 DEL 2025-04-05,movimento,MOV-000075
SCR-001188,2025-04-19,TRX-MOV-000076,20.01,Debiti verso fornitori,915.00,0.00,Pagamento fattura passiva FATT-P-2025-0089,movimento,MOV-000076
SCR-001189,2025-04-19,TRX-MOV-000076,10.02,Banca c/c ordinario,0.00,915.00,BONIFICO A VOSTRO FAVORE: FLEETLEASING ITALIA S.P.A. - PAGAMENTO DOC. N. FLT-2025-004 DEL 2025-04-05,movimento,MOV-000076
SCR-001190,2025-04-19,TRX-MOV-000077,20.01,Debiti verso fornitori,3660.00,0.00,Pagamento fattura passiva FATT-P-2025-0130,movimento,MOV-000077
SCR-001191,2025-04-19,TRX-MOV-000077,10.02,Banca c/c ordinario,0.00,3660.00,BONIFICO A VOSTRO FAVORE: DOTT. MATTEO RIVA - PAGAMENTO DOC. N. PAR-RIV-2025-03 DEL 2025-03-31,movimento,MOV-000077
SCR-001192,2025-04-21,TRX-MOV-000078,20.01,Debiti verso fornitori,4636.00,0.00,Pagamento fattura passiva FATT-P-2025-0028,movimento,MOV-000078
SCR-001193,2025-04-21,TRX-MOV-000078,10.02,Banca c/c ordinario,0.00,4636.00,BONIFICO A VOSTRO FAVORE: LOCAZIONI NAVIGLI S.R.L. - PAGAMENTO DOC. N. LOC-2025-004 DEL 2025-04-01,movimento,MOV-000078
SCR-001194,2025-04-21,TRX-MOV-000079,20.01,Debiti verso fornitori,488.00,0.00,Pagamento fattura passiva FATT-P-2025-0077,movimento,MOV-000079
SCR-001195,2025-04-21,TRX-MOV-000079,10.02,Banca c/c ordinario,0.00,488.00,BONIFICO A VOSTRO FAVORE: SICURASSICURA S.P.A. - PAGAMENTO DOC. N. SIC-2025-004 DEL 2025-04-01,movimento,MOV-000079
SCR-001196,2025-04-22,TRX-MOV-000080,20.01,Debiti verso fornitori,2610.80,0.00,Pagamento fattura passiva FATT-P-2025-0016,movimento,MOV-000080
SCR-001197,2025-04-22,TRX-MOV-000080,10.02,Banca c/c ordinario,0.00,2610.80,BONIFICO A VOSTRO FAVORE: ALTOCUMULO CLOUD SERVICES S.R.L. - PAGAMENTO DOC. N. ALT-2025-004 DEL 2025-04-02,movimento,MOV-000080
SCR-001198,2025-04-25,TRX-MOV-000081,10.02,Banca c/c ordinario,17324.00,0.00,BONIFICO DA: RETAILNEXT S.P.A. - SALDO FATTURA N. 2025/017 DEL 2025-03-31,movimento,MOV-000081
SCR-001199,2025-04-25,TRX-MOV-000081,11.01,Crediti verso clienti,0.00,17324.00,Incasso fattura FATT-A-2025-0017,movimento,MOV-000081
SCR-001200,2025-04-25,TRX-MOV-000082,10.02,Banca c/c ordinario,14640.00,0.00,BONIFICO DA: MEDIHEALTH CARE S.R.L. - SALDO FATTURA N. 2025/018 DEL 2025-03-31,movimento,MOV-000082
SCR-001201,2025-04-25,TRX-MOV-000082,11.01,Crediti verso clienti,0.00,14640.00,Incasso fattura FATT-A-2025-0018,movimento,MOV-000082
SCR-001202,2025-04-25,TRX-MOV-000083,20.01,Debiti verso fornitori,427.00,0.00,Pagamento fattura passiva FATT-P-2025-0053,movimento,MOV-000083
SCR-001203,2025-04-25,TRX-MOV-000083,10.02,Banca c/c ordinario,0.00,427.00,BONIFICO A VOSTRO FAVORE: FASTCONNECT TELECOM S.P.A. - PAGAMENTO DOC. N. FAST-2025-004 DEL 2025-04-08,movimento,MOV-000083
SCR-001204,2025-04-26,TRX-MOV-000084,10.02,Banca c/c ordinario,12200.00,0.00,BONIFICO DA: MANIFATTURA LOMBARDA S.R.L. - SALDO FATTURA N. 2025/019 DEL 2025-03-31,movimento,MOV-000084
SCR-001205,2025-04-26,TRX-MOV-000084,11.01,Crediti verso clienti,0.00,12200.00,Incasso fattura FATT-A-2025-0019,movimento,MOV-000084
SCR-001206,2025-04-27,TRX-MOV-000085,20.01,Debiti verso fornitori,671.00,0.00,Pagamento fattura passiva FATT-P-2025-0176,movimento,MOV-000085
SCR-001207,2025-04-27,TRX-MOV-000085,10.02,Banca c/c ordinario,0.00,671.00,BONIFICO A VOSTRO FAVORE: FERROVIE NAZIONALI S.P.A. - PAGAMENTO DOC. N. TRN-2025-0401 DEL 2025-04-14,movimento,MOV-000085
SCR-001208,2025-04-27,TRX-MOV-000086,20.01,Debiti verso fornitori,549.00,0.00,Pagamento fattura passiva FATT-P-2025-0178,movimento,MOV-000086
SCR-001209,2025-04-27,TRX-MOV-000086,10.02,Banca c/c ordinario,0.00,549.00,BONIFICO A VOSTRO FAVORE: RISTORANTI & CATERING MILANO S.R.L. - PAGAMENTO DOC. N. RST-2025-0401 DEL 2025-04-16,movimento,MOV-000086
SCR-001210,2025-04-27,TRX-MOV-000087,20.05,Personale dipendente c/retribuzioni,27500.00,0.00,Chiusura debito retribuzioni nette verso dipendenti,movimento,MOV-000087
SCR-001211,2025-04-27,TRX-MOV-000087,10.02,Banca c/c ordinario,0.00,27500.00,DISPOSIZIONE BONIFICO SEPA CUMULATIVO: RETRIBUZIONI DIPENDENTI MESE 04/2025,movimento,MOV-000087
SCR-001212,2025-04-28,TRX-MOV-000088,10.02,Banca c/c ordinario,10370.00,0.00,BONIFICO DA: AGROTECH BIO S.R.L. - SALDO FATTURA N. 2025/020 DEL 2025-03-31,movimento,MOV-000088
SCR-001213,2025-04-28,TRX-MOV-000088,11.01,Crediti verso clienti,0.00,10370.00,Incasso fattura FATT-A-2025-0020,movimento,MOV-000088
SCR-001214,2025-04-28,TRX-MOV-000089,10.02,Banca c/c ordinario,8296.00,0.00,BONIFICO DA: EDILSMART COSTRUZIONI S.P.A. - SALDO FATTURA N. 2025/021 DEL 2025-03-31,movimento,MOV-000089
SCR-001215,2025-04-28,TRX-MOV-000089,11.01,Crediti verso clienti,0.00,8296.00,Incasso fattura FATT-A-2025-0021,movimento,MOV-000089
SCR-001216,2025-04-28,TRX-MOV-000090,20.01,Debiti verso fornitori,1037.00,0.00,Pagamento fattura passiva FATT-P-2025-0177,movimento,MOV-000090
SCR-001217,2025-04-28,TRX-MOV-000090,10.02,Banca c/c ordinario,0.00,1037.00,BONIFICO A VOSTRO FAVORE: MILANO & ROMA BUSINESS HOTELS S.R.L. - PAGAMENTO DOC. N. HTL-2025-0401 DEL 2025-04-15,movimento,MOV-000090
SCR-001218,2025-04-29,TRX-MOV-000091,20.01,Debiti verso fornitori,1342.00,0.00,Pagamento fattura passiva FATT-P-2025-0160,movimento,MOV-000091
SCR-001219,2025-04-29,TRX-MOV-000091,10.02,Banca c/c ordinario,0.00,1342.00,BONIFICO A VOSTRO FAVORE: TECHHARDWARE SOLUTIONS S.R.L. - PAGAMENTO DOC. N. FT-2025-0498 DEL 2025-04-16,movimento,MOV-000091
SCR-001220,2025-04-30,TRX-MOV-000092,20.01,Debiti verso fornitori,1220.00,0.00,Pagamento fattura passiva FATT-P-2025-0113,movimento,MOV-000092
SCR-001221,2025-04-30,TRX-MOV-000092,10.02,Banca c/c ordinario,0.00,1220.00,BONIFICO A VOSTRO FAVORE: MEDIABRAND STUDIO S.R.L. - PAGAMENTO DOC. N. MDB-2025-004 DEL 2025-04-18,movimento,MOV-000092
SCR-001222,2025-04-30,TRX-MOV-000093,68.01,"Oneri bancari, commissioni e tenuta conto",75.00,0.00,Addebito spese e oneri bancari di conto corrente,movimento,MOV-000093
SCR-001223,2025-04-30,TRX-MOV-000093,10.02,Banca c/c ordinario,0.00,75.00,COMPETENZE E SPESE TENUTA CONTO CORRENTE E HOME BANKING PERIODO 04/2025,movimento,MOV-000093
SCR-001224,2025-05-01,TRX-MOV-000094,10.02,Banca c/c ordinario,18300.00,0.00,BONIFICO DA: FINTECH SOLUTIONS ITALIA S.R.L. - SALDO FATTURA N. 2025/016 DEL 2025-03-31,movimento,MOV-000094
SCR-001225,2025-05-01,TRX-MOV-000094,11.01,Crediti verso clienti,0.00,18300.00,Incasso fattura FATT-A-2025-0016,movimento,MOV-000094
SCR-001226,2025-05-01,TRX-MOV-000095,20.01,Debiti verso fornitori,1098.00,0.00,Pagamento fattura passiva FATT-P-2025-0041,movimento,MOV-000095
SCR-001227,2025-05-01,TRX-MOV-000095,10.02,Banca c/c ordinario,0.00,1098.00,BONIFICO A VOSTRO FAVORE: STUDIO DOTT. COMMERCIALISTI BRAMBILLA & CO. - PAGAMENTO DOC. N. BRAMB-2025-004 DEL 2025-04-15,movimento,MOV-000095
SCR-001228,2025-05-01,TRX-MOV-000096,20.01,Debiti verso fornitori,646.60,0.00,Pagamento fattura passiva FATT-P-2025-0065,movimento,MOV-000096
SCR-001229,2025-05-01,TRX-MOV-000096,10.02,Banca c/c ordinario,0.00,646.60,BONIFICO A VOSTRO FAVORE: ECOLOMBARDA ENERGIA S.P.A. - PAGAMENTO DOC. N. ECOL-2025-004 DEL 2025-04-12,movimento,MOV-000096
SCR-001230,2025-05-04,TRX-MOV-000097,10.02,Banca c/c ordinario,34770.00,0.00,BONIFICO DA: BARILLI LOGISTICA S.P.A. - SALDO FATTURA N. 2025/015 DEL 2025-03-31,movimento,MOV-000097
SCR-001231,2025-05-04,TRX-MOV-000097,11.01,Crediti verso clienti,0.00,34770.00,Incasso fattura FATT-A-2025-0015,movimento,MOV-000097
SCR-001232,2025-05-10,TRX-MOV-000098,20.01,Debiti verso fornitori,3660.00,0.00,Pagamento fattura passiva FATT-P-2025-0133,movimento,MOV-000098
SCR-001233,2025-05-10,TRX-MOV-000098,10.02,Banca c/c ordinario,0.00,3660.00,BONIFICO A VOSTRO FAVORE: DOTT. MATTEO RIVA - PAGAMENTO DOC. N. PAR-RIV-2025-04 DEL 2025-04-30,movimento,MOV-000098
SCR-001234,2025-05-13,TRX-MOV-000099,20.01,Debiti verso fornitori,2696.20,0.00,Pagamento fattura passiva FATT-P-2025-0017,movimento,MOV-000099
SCR-001235,2025-05-13,TRX-MOV-000099,10.02,Banca c/c ordinario,0.00,2696.20,BONIFICO A VOSTRO FAVORE: ALTOCUMULO CLOUD SERVICES S.R.L. - PAGAMENTO DOC. N. ALT-2025-005 DEL 2025-05-02,movimento,MOV-000099
SCR-001236,2025-05-13,TRX-MOV-000100,20.01,Debiti verso fornitori,488.00,0.00,Pagamento fattura passiva FATT-P-2025-0078,movimento,MOV-000100
SCR-001237,2025-05-13,TRX-MOV-000100,10.02,Banca c/c ordinario,0.00,488.00,BONIFICO A VOSTRO FAVORE: SICURASSICURA S.P.A. - PAGAMENTO DOC. N. SIC-2025-005 DEL 2025-05-01,movimento,MOV-000100
SCR-001238,2025-05-13,TRX-MOV-000101,20.01,Debiti verso fornitori,610.00,0.00,Pagamento fattura passiva FATT-P-2025-0101,movimento,MOV-000101
SCR-001239,2025-05-13,TRX-MOV-000101,10.02,Banca c/c ordinario,0.00,610.00,BONIFICO A VOSTRO FAVORE: PUNTO PULITO S.R.L. - PAGAMENTO DOC. N. PUNT-2025-004 DEL 2025-04-28,movimento,MOV-000101
SCR-001240,2025-05-15,TRX-MOV-000102,20.01,Debiti verso fornitori,4270.00,0.00,Pagamento fattura passiva FATT-P-2025-0131,movimento,MOV-000102
SCR-001241,2025-05-15,TRX-MOV-000102,10.02,Banca c/c ordinario,0.00,4270.00,BONIFICO A VOSTRO FAVORE: DOTT. MARCO RINALDI - PAGAMENTO DOC. N. PAR-RNL-2025-04 DEL 2025-04-30,movimento,MOV-000102
SCR-001242,2025-05-16,TRX-MOV-000103,20.03,Erario c/ritenute alla fonte,6000.00,0.00,Versamento ritenute IRPEF con F24,movimento,MOV-000103
SCR-001243,2025-05-16,TRX-MOV-000103,20.04,Istituti previdenziali e assistenziali c/INPS,18500.00,0.00,Versamento contributi INPS con F24,movimento,MOV-000103
SCR-001244,2025-05-16,TRX-MOV-000103,20.02,Erario c/IVA a debito,15131.60,0.00,Versamento saldo debito IVA con F24,movimento,MOV-000103
SCR-001245,2025-05-16,TRX-MOV-000103,10.02,Banca c/c ordinario,0.00,39631.60,"DELEGA F24 TELEMATICA N. 0918235 - RITENUTE IRPEF, CONTRIBUTI INPS E SALDO IVA PERIODO 04/2025",movimento,MOV-000103
SCR-001246,2025-05-17,TRX-MOV-000104,20.01,Debiti verso fornitori,4270.00,0.00,Pagamento fattura passiva FATT-P-2025-0132,movimento,MOV-000104
SCR-001247,2025-05-17,TRX-MOV-000104,10.02,Banca c/c ordinario,0.00,4270.00,BONIFICO A VOSTRO FAVORE: ING. SARA DE LUCA - PAGAMENTO DOC. N. PAR-DLC-2025-04 DEL 2025-04-30,movimento,MOV-000104
SCR-001248,2025-05-20,TRX-MOV-000105,20.01,Debiti verso fornitori,427.00,0.00,Pagamento fattura passiva FATT-P-2025-0054,movimento,MOV-000105
SCR-001249,2025-05-20,TRX-MOV-000105,10.02,Banca c/c ordinario,0.00,427.00,BONIFICO A VOSTRO FAVORE: FASTCONNECT TELECOM S.P.A. - PAGAMENTO DOC. N. FAST-2025-005 DEL 2025-05-08,movimento,MOV-000105
SCR-001250,2025-05-22,TRX-MOV-000106,20.01,Debiti verso fornitori,4880.00,0.00,Pagamento fattura passiva FATT-P-2025-0005,movimento,MOV-000106
SCR-001251,2025-05-22,TRX-MOV-000106,10.02,Banca c/c ordinario,0.00,4880.00,BONIFICO A VOSTRO FAVORE: NIMBUS SOFTWARE S.R.L. - PAGAMENTO DOC. N. NMB-2025-005 DEL 2025-05-05,movimento,MOV-000106
SCR-001252,2025-05-22,TRX-MOV-000107,20.01,Debiti verso fornitori,4636.00,0.00,Pagamento fattura passiva FATT-P-2025-0029,movimento,MOV-000107
SCR-001253,2025-05-22,TRX-MOV-000107,10.02,Banca c/c ordinario,0.00,4636.00,BONIFICO A VOSTRO FAVORE: LOCAZIONI NAVIGLI S.R.L. - PAGAMENTO DOC. N. LOC-2025-005 DEL 2025-05-01,movimento,MOV-000107
SCR-001254,2025-05-23,TRX-MOV-000108,20.01,Debiti verso fornitori,915.00,0.00,Pagamento fattura passiva FATT-P-2025-0090,movimento,MOV-000108
SCR-001255,2025-05-23,TRX-MOV-000108,10.02,Banca c/c ordinario,0.00,915.00,BONIFICO A VOSTRO FAVORE: FLEETLEASING ITALIA S.P.A. - PAGAMENTO DOC. N. FLT-2025-005 DEL 2025-05-05,movimento,MOV-000108
SCR-001256,2025-05-25,TRX-MOV-000109,10.02,Banca c/c ordinario,17690.00,0.00,BONIFICO DA: RETAILNEXT S.P.A. - SALDO FATTURA N. 2025/024 DEL 2025-04-30,movimento,MOV-000109
SCR-001257,2025-05-25,TRX-MOV-000109,11.01,Crediti verso clienti,0.00,17690.00,Incasso fattura FATT-A-2025-0024,movimento,MOV-000109
SCR-001258,2025-05-25,TRX-MOV-000110,20.01,Debiti verso fornitori,1037.00,0.00,Pagamento fattura passiva FATT-P-2025-0180,movimento,MOV-000110
SCR-001259,2025-05-25,TRX-MOV-000110,10.02,Banca c/c ordinario,0.00,1037.00,BONIFICO A VOSTRO FAVORE: MILANO & ROMA BUSINESS HOTELS S.R.L. - PAGAMENTO DOC. N. HTL-2025-0501 DEL 2025-05-15,movimento,MOV-000110
SCR-001260,2025-05-27,TRX-MOV-000111,20.05,Personale dipendente c/retribuzioni,27500.00,0.00,Chiusura debito retribuzioni nette verso dipendenti,movimento,MOV-000111
SCR-001261,2025-05-27,TRX-MOV-000111,10.02,Banca c/c ordinario,0.00,27500.00,DISPOSIZIONE BONIFICO SEPA CUMULATIVO: RETRIBUZIONI DIPENDENTI MESE 05/2025,movimento,MOV-000111
SCR-001262,2025-05-28,TRX-MOV-000112,10.02,Banca c/c ordinario,12444.00,0.00,BONIFICO DA: MANIFATTURA LOMBARDA S.R.L. - SALDO FATTURA N. 2025/026 DEL 2025-04-30,movimento,MOV-000112
SCR-001263,2025-05-28,TRX-MOV-000112,11.01,Crediti verso clienti,0.00,12444.00,Incasso fattura FATT-A-2025-0026,movimento,MOV-000112
SCR-001264,2025-05-28,TRX-MOV-000113,20.01,Debiti verso fornitori,622.20,0.00,Pagamento fattura passiva FATT-P-2025-0066,movimento,MOV-000113
SCR-001265,2025-05-28,TRX-MOV-000113,10.02,Banca c/c ordinario,0.00,622.20,BONIFICO A VOSTRO FAVORE: ECOLOMBARDA ENERGIA S.P.A. - PAGAMENTO DOC. N. ECOL-2025-005 DEL 2025-05-12,movimento,MOV-000113
SCR-001266,2025-05-29,TRX-MOV-000114,20.01,Debiti verso fornitori,1098.00,0.00,Pagamento fattura passiva FATT-P-2025-0042,movimento,MOV-000114
SCR-001267,2025-05-29,TRX-MOV-000114,10.02,Banca c/c ordinario,0.00,1098.00,BONIFICO A VOSTRO FAVORE: STUDIO DOTT. COMMERCIALISTI BRAMBILLA & CO. - PAGAMENTO DOC. N. BRAMB-2025-005 DEL 2025-05-15,movimento,MOV-000114
SCR-001268,2025-05-29,TRX-MOV-000115,20.01,Debiti verso fornitori,671.00,0.00,Pagamento fattura passiva FATT-P-2025-0179,movimento,MOV-000115
SCR-001269,2025-05-29,TRX-MOV-000115,10.02,Banca c/c ordinario,0.00,671.00,BONIFICO A VOSTRO FAVORE: FERROVIE NAZIONALI S.P.A. - PAGAMENTO DOC. N. TRN-2025-0501 DEL 2025-05-14,movimento,MOV-000115
SCR-001270,2025-05-31,TRX-MOV-000116,68.01,"Oneri bancari, commissioni e tenuta conto",75.00,0.00,Addebito spese e oneri bancari di conto corrente,movimento,MOV-000116
SCR-001271,2025-05-31,TRX-MOV-000116,10.02,Banca c/c ordinario,0.00,75.00,COMPETENZE E SPESE TENUTA CONTO CORRENTE E HOME BANKING PERIODO 05/2025,movimento,MOV-000116
SCR-001272,2025-06-02,TRX-MOV-000117,10.02,Banca c/c ordinario,34770.00,0.00,BONIFICO DA: BARILLI LOGISTICA S.P.A. - SALDO FATTURA N. 2025/022 DEL 2025-04-30,movimento,MOV-000117
SCR-001273,2025-06-02,TRX-MOV-000117,11.01,Crediti verso clienti,0.00,34770.00,Incasso fattura FATT-A-2025-0022,movimento,MOV-000117
SCR-001274,2025-06-02,TRX-MOV-000118,10.02,Banca c/c ordinario,14884.00,0.00,BONIFICO DA: MEDIHEALTH CARE S.R.L. - SALDO FATTURA N. 2025/025 DEL 2025-04-30,movimento,MOV-000118
SCR-001275,2025-06-02,TRX-MOV-000118,11.01,Crediti verso clienti,0.00,14884.00,Incasso fattura FATT-A-2025-0025,movimento,MOV-000118
SCR-001276,2025-06-03,TRX-MOV-000119,10.02,Banca c/c ordinario,18544.00,0.00,BONIFICO DA: FINTECH SOLUTIONS ITALIA S.R.L. - SALDO FATTURA N. 2025/023 DEL 2025-04-30,movimento,MOV-000119
SCR-001277,2025-06-03,TRX-MOV-000119,11.01,Crediti verso clienti,0.00,18544.00,Incasso fattura FATT-A-2025-0023,movimento,MOV-000119
SCR-001278,2025-06-04,TRX-MOV-000120,10.02,Banca c/c ordinario,8540.00,0.00,BONIFICO DA: EDILSMART COSTRUZIONI S.P.A. - SALDO FATTURA N. 2025/028 DEL 2025-04-30,movimento,MOV-000120
SCR-001279,2025-06-04,TRX-MOV-000120,11.01,Crediti verso clienti,0.00,8540.00,Incasso fattura FATT-A-2025-0028,movimento,MOV-000120
SCR-001280,2025-06-04,TRX-MOV-000121,20.01,Debiti verso fornitori,549.00,0.00,Pagamento fattura passiva FATT-P-2025-0181,movimento,MOV-000121
SCR-001281,2025-06-04,TRX-MOV-000121,10.02,Banca c/c ordinario,0.00,549.00,BONIFICO A VOSTRO FAVORE: RISTORANTI & CATERING MILANO S.R.L. - PAGAMENTO DOC. N. RST-2025-0501 DEL 2025-05-16,movimento,MOV-000121
SCR-001282,2025-06-05,TRX-MOV-000122,10.02,Banca c/c ordinario,10370.00,0.00,BONIFICO DA: AGROTECH BIO S.R.L. - SALDO FATTURA N. 2025/027 DEL 2025-04-30,movimento,MOV-000122
SCR-001283,2025-06-05,TRX-MOV-000122,11.01,Crediti verso clienti,0.00,10370.00,Incasso fattura FATT-A-2025-0027,movimento,MOV-000122
SCR-001284,2025-06-05,TRX-MOV-000123,20.01,Debiti verso fornitori,1220.00,0.00,Pagamento fattura passiva FATT-P-2025-0114,movimento,MOV-000123
SCR-001285,2025-06-05,TRX-MOV-000123,10.02,Banca c/c ordinario,0.00,1220.00,BONIFICO A VOSTRO FAVORE: MEDIABRAND STUDIO S.R.L. - PAGAMENTO DOC. N. MDB-2025-005 DEL 2025-05-18,movimento,MOV-000123
SCR-001286,2025-06-08,TRX-MOV-000124,20.01,Debiti verso fornitori,610.00,0.00,Pagamento fattura passiva FATT-P-2025-0102,movimento,MOV-000124
SCR-001287,2025-06-08,TRX-MOV-000124,10.02,Banca c/c ordinario,0.00,610.00,BONIFICO A VOSTRO FAVORE: PUNTO PULITO S.R.L. - PAGAMENTO DOC. N. PUNT-2025-005 DEL 2025-05-28,movimento,MOV-000124
SCR-001288,2025-06-09,TRX-MOV-000125,20.01,Debiti verso fornitori,549.00,0.00,Pagamento fattura passiva FATT-P-2025-0161,movimento,MOV-000125
SCR-001289,2025-06-09,TRX-MOV-000125,10.02,Banca c/c ordinario,0.00,549.00,BONIFICO A VOSTRO FAVORE: TECHHARDWARE SOLUTIONS S.R.L. - PAGAMENTO DOC. N. FT-2025-0610 DEL 2025-05-22,movimento,MOV-000125
SCR-001290,2025-06-11,TRX-MOV-000126,20.01,Debiti verso fornitori,4270.00,0.00,Pagamento fattura passiva FATT-P-2025-0134,movimento,MOV-000126
SCR-001291,2025-06-11,TRX-MOV-000126,10.02,Banca c/c ordinario,0.00,4270.00,BONIFICO A VOSTRO FAVORE: DOTT. MARCO RINALDI - PAGAMENTO DOC. N. PAR-RNL-2025-05 DEL 2025-05-31,movimento,MOV-000126
SCR-001292,2025-06-15,TRX-MOV-000127,20.01,Debiti verso fornitori,915.00,0.00,Pagamento fattura passiva FATT-P-2025-0091,movimento,MOV-000127
SCR-001293,2025-06-15,TRX-MOV-000127,10.02,Banca c/c ordinario,0.00,915.00,BONIFICO A VOSTRO FAVORE: FLEETLEASING ITALIA S.P.A. - PAGAMENTO DOC. N. FLT-2025-006 DEL 2025-06-05,movimento,MOV-000127
SCR-001294,2025-06-15,TRX-MOV-000128,20.01,Debiti verso fornitori,4270.00,0.00,Pagamento fattura passiva FATT-P-2025-0135,movimento,MOV-000128
SCR-001295,2025-06-15,TRX-MOV-000128,10.02,Banca c/c ordinario,0.00,4270.00,BONIFICO A VOSTRO FAVORE: ING. SARA DE LUCA - PAGAMENTO DOC. N. PAR-DLC-2025-05 DEL 2025-05-31,movimento,MOV-000128
SCR-001296,2025-06-16,TRX-MOV-000129,20.03,Erario c/ritenute alla fonte,6000.00,0.00,Versamento ritenute IRPEF con F24,movimento,MOV-000129
SCR-001297,2025-06-16,TRX-MOV-000129,20.04,Istituti previdenziali e assistenziali c/INPS,18500.00,0.00,Versamento contributi INPS con F24,movimento,MOV-000129
SCR-001298,2025-06-16,TRX-MOV-000129,20.02,Erario c/IVA a debito,15021.60,0.00,Versamento saldo debito IVA con F24,movimento,MOV-000129
SCR-001299,2025-06-16,TRX-MOV-000129,10.02,Banca c/c ordinario,0.00,39521.60,"DELEGA F24 TELEMATICA N. 0918236 - RITENUTE IRPEF, CONTRIBUTI INPS E SALDO IVA PERIODO 05/2025",movimento,MOV-000129
SCR-001300,2025-06-19,TRX-MOV-000130,20.01,Debiti verso fornitori,4636.00,0.00,Pagamento fattura passiva FATT-P-2025-0030,movimento,MOV-000130
SCR-001301,2025-06-19,TRX-MOV-000130,10.02,Banca c/c ordinario,0.00,4636.00,BONIFICO A VOSTRO FAVORE: LOCAZIONI NAVIGLI S.R.L. - PAGAMENTO DOC. N. LOC-2025-006 DEL 2025-06-01,movimento,MOV-000130
SCR-001302,2025-06-21,TRX-MOV-000131,20.01,Debiti verso fornitori,2745.00,0.00,Pagamento fattura passiva FATT-P-2025-0018,movimento,MOV-000131
SCR-001303,2025-06-21,TRX-MOV-000131,10.02,Banca c/c ordinario,0.00,2745.00,BONIFICO A VOSTRO FAVORE: ALTOCUMULO CLOUD SERVICES S.R.L. - PAGAMENTO DOC. N. ALT-2025-006 DEL 2025-06-02,movimento,MOV-000131
SCR-001304,2025-06-22,TRX-MOV-000132,20.01,Debiti verso fornitori,427.00,0.00,Pagamento fattura passiva FATT-P-2025-0055,movimento,MOV-000132
SCR-001305,2025-06-22,TRX-MOV-000132,10.02,Banca c/c ordinario,0.00,427.00,BONIFICO A VOSTRO FAVORE: FASTCONNECT TELECOM S.P.A. - PAGAMENTO DOC. N. FAST-2025-006 DEL 2025-06-08,movimento,MOV-000132
SCR-001306,2025-06-22,TRX-MOV-000133,20.01,Debiti verso fornitori,3660.00,0.00,Pagamento fattura passiva FATT-P-2025-0136,movimento,MOV-000133
SCR-001307,2025-06-22,TRX-MOV-000133,10.02,Banca c/c ordinario,0.00,3660.00,BONIFICO A VOSTRO FAVORE: DOTT. MATTEO RIVA - PAGAMENTO DOC. N. PAR-RIV-2025-05 DEL 2025-05-31,movimento,MOV-000133
SCR-001308,2025-06-23,TRX-MOV-000134,20.01,Debiti verso fornitori,488.00,0.00,Pagamento fattura passiva FATT-P-2025-0079,movimento,MOV-000134
SCR-001309,2025-06-23,TRX-MOV-000134,10.02,Banca c/c ordinario,0.00,488.00,BONIFICO A VOSTRO FAVORE: SICURASSICURA S.P.A. - PAGAMENTO DOC. N. SIC-2025-006 DEL 2025-06-01,movimento,MOV-000134
SCR-001310,2025-06-25,TRX-MOV-000135,20.01,Debiti verso fornitori,4880.00,0.00,Pagamento fattura passiva FATT-P-2025-0006,movimento,MOV-000135
SCR-001311,2025-06-25,TRX-MOV-000135,10.02,Banca c/c ordinario,0.00,4880.00,BONIFICO A VOSTRO FAVORE: NIMBUS SOFTWARE S.R.L. - PAGAMENTO DOC. N. NMB-2025-006 DEL 2025-06-05,movimento,MOV-000135
SCR-001312,2025-06-26,TRX-MOV-000136,20.01,Debiti verso fornitori,1098.00,0.00,Pagamento fattura passiva FATT-P-2025-0043,movimento,MOV-000136
SCR-001313,2025-06-26,TRX-MOV-000136,10.02,Banca c/c ordinario,0.00,1098.00,BONIFICO A VOSTRO FAVORE: STUDIO DOTT. COMMERCIALISTI BRAMBILLA & CO. - PAGAMENTO DOC. N. BRAMB-2025-006 DEL 2025-06-15,movimento,MOV-000136
SCR-001314,2025-06-27,TRX-MOV-000137,20.01,Debiti verso fornitori,695.40,0.00,Pagamento fattura passiva FATT-P-2025-0067,movimento,MOV-000137
SCR-001315,2025-06-27,TRX-MOV-000137,10.02,Banca c/c ordinario,0.00,695.40,BONIFICO A VOSTRO FAVORE: ECOLOMBARDA ENERGIA S.P.A. - PAGAMENTO DOC. N. ECOL-2025-006 DEL 2025-06-12,movimento,MOV-000137
SCR-001316,2025-06-27,TRX-MOV-000138,20.05,Personale dipendente c/retribuzioni,27500.00,0.00,Chiusura debito retribuzioni nette verso dipendenti,movimento,MOV-000138
SCR-001317,2025-06-27,TRX-MOV-000138,10.02,Banca c/c ordinario,0.00,27500.00,DISPOSIZIONE BONIFICO SEPA CUMULATIVO: RETRIBUZIONI DIPENDENTI MESE 06/2025,movimento,MOV-000138
SCR-001318,2025-06-28,TRX-MOV-000139,10.02,Banca c/c ordinario,14640.00,0.00,BONIFICO DA: MEDIHEALTH CARE S.R.L. - SALDO FATTURA N. 2025/032 DEL 2025-05-31,movimento,MOV-000139
SCR-001319,2025-06-28,TRX-MOV-000139,11.01,Crediti verso clienti,0.00,14640.00,Incasso fattura FATT-A-2025-0032,movimento,MOV-000139
SCR-001320,2025-06-28,TRX-MOV-000140,20.01,Debiti verso fornitori,1037.00,0.00,Pagamento fattura passiva FATT-P-2025-0183,movimento,MOV-000140
SCR-001321,2025-06-28,TRX-MOV-000140,10.02,Banca c/c ordinario,0.00,1037.00,BONIFICO A VOSTRO FAVORE: MILANO & ROMA BUSINESS HOTELS S.R.L. - PAGAMENTO DOC. N. HTL-2025-0601 DEL 2025-06-15,movimento,MOV-000140
SCR-001322,2025-06-29,TRX-MOV-000141,10.02,Banca c/c ordinario,8540.00,0.00,BONIFICO DA: EDILSMART COSTRUZIONI S.P.A. - SALDO FATTURA N. 2025/035 DEL 2025-05-31,movimento,MOV-000141
SCR-001323,2025-06-29,TRX-MOV-000141,11.01,Crediti verso clienti,0.00,8540.00,Incasso fattura FATT-A-2025-0035,movimento,MOV-000141
SCR-001324,2025-06-29,TRX-MOV-000142,20.01,Debiti verso fornitori,1220.00,0.00,Pagamento fattura passiva FATT-P-2025-0115,movimento,MOV-000142
SCR-001325,2025-06-29,TRX-MOV-000142,10.02,Banca c/c ordinario,0.00,1220.00,BONIFICO A VOSTRO FAVORE: MEDIABRAND STUDIO S.R.L. - PAGAMENTO DOC. N. MDB-2025-006 DEL 2025-06-18,movimento,MOV-000142
SCR-001326,2025-06-30,TRX-MOV-000143,68.01,"Oneri bancari, commissioni e tenuta conto",75.00,0.00,Addebito spese e oneri bancari di conto corrente,movimento,MOV-000143
SCR-001327,2025-06-30,TRX-MOV-000143,10.02,Banca c/c ordinario,0.00,75.00,COMPETENZE E SPESE TENUTA CONTO CORRENTE E HOME BANKING PERIODO 06/2025,movimento,MOV-000143
SCR-001328,2025-07-01,TRX-MOV-000144,10.02,Banca c/c ordinario,17446.00,0.00,BONIFICO DA: RETAILNEXT S.P.A. - SALDO FATTURA N. 2025/031 DEL 2025-05-31,movimento,MOV-000144
SCR-001329,2025-07-01,TRX-MOV-000144,11.01,Crediti verso clienti,0.00,17446.00,Incasso fattura FATT-A-2025-0031,movimento,MOV-000144
SCR-001330,2025-07-02,TRX-MOV-000145,10.02,Banca c/c ordinario,12444.00,0.00,BONIFICO DA: MANIFATTURA LOMBARDA S.R.L. - SALDO FATTURA N. 2025/033 DEL 2025-05-31,movimento,MOV-000145
SCR-001331,2025-07-02,TRX-MOV-000145,11.01,Crediti verso clienti,0.00,12444.00,Incasso fattura FATT-A-2025-0033,movimento,MOV-000145
SCR-001332,2025-07-02,TRX-MOV-000146,20.01,Debiti verso fornitori,671.00,0.00,Pagamento fattura passiva FATT-P-2025-0182,movimento,MOV-000146
SCR-001333,2025-07-02,TRX-MOV-000146,10.02,Banca c/c ordinario,0.00,671.00,BONIFICO A VOSTRO FAVORE: FERROVIE NAZIONALI S.P.A. - PAGAMENTO DOC. N. TRN-2025-0601 DEL 2025-06-14,movimento,MOV-000146
SCR-001334,2025-07-03,TRX-MOV-000147,10.02,Banca c/c ordinario,18300.00,0.00,BONIFICO DA: FINTECH SOLUTIONS ITALIA S.R.L. - SALDO FATTURA N. 2025/030 DEL 2025-05-31,movimento,MOV-000147
SCR-001335,2025-07-03,TRX-MOV-000147,11.01,Crediti verso clienti,0.00,18300.00,Incasso fattura FATT-A-2025-0030,movimento,MOV-000147
SCR-001336,2025-07-04,TRX-MOV-000148,10.02,Banca c/c ordinario,10370.00,0.00,BONIFICO DA: AGROTECH BIO S.R.L. - SALDO FATTURA N. 2025/034 DEL 2025-05-31,movimento,MOV-000148
SCR-001337,2025-07-04,TRX-MOV-000148,11.01,Crediti verso clienti,0.00,10370.00,Incasso fattura FATT-A-2025-0034,movimento,MOV-000148
SCR-001338,2025-07-05,TRX-MOV-000149,20.01,Debiti verso fornitori,549.00,0.00,Pagamento fattura passiva FATT-P-2025-0184,movimento,MOV-000149
SCR-001339,2025-07-05,TRX-MOV-000149,10.02,Banca c/c ordinario,0.00,549.00,BONIFICO A VOSTRO FAVORE: RISTORANTI & CATERING MILANO S.R.L. - PAGAMENTO DOC. N. RST-2025-0601 DEL 2025-06-16,movimento,MOV-000149
SCR-001340,2025-07-06,TRX-MOV-000150,10.02,Banca c/c ordinario,34160.00,0.00,BONIFICO DA: BARILLI LOGISTICA S.P.A. - SALDO FATTURA N. 2025/029 DEL 2025-05-31,movimento,MOV-000150
SCR-001341,2025-07-06,TRX-MOV-000150,11.01,Crediti verso clienti,0.00,34160.00,Incasso fattura FATT-A-2025-0029,movimento,MOV-000150
SCR-001342,2025-07-10,TRX-MOV-000151,20.01,Debiti verso fornitori,3660.00,0.00,Pagamento fattura passiva FATT-P-2025-0139,movimento,MOV-000151
SCR-001343,2025-07-10,TRX-MOV-000151,10.02,Banca c/c ordinario,0.00,3660.00,BONIFICO A VOSTRO FAVORE: DOTT. MATTEO RIVA - PAGAMENTO DOC. N. PAR-RIV-2025-06 DEL 2025-06-30,movimento,MOV-000151
SCR-001344,2025-07-12,TRX-MOV-000152,20.01,Debiti verso fornitori,610.00,0.00,Pagamento fattura passiva FATT-P-2025-0103,movimento,MOV-000152
SCR-001345,2025-07-12,TRX-MOV-000152,10.02,Banca c/c ordinario,0.00,610.00,BONIFICO A VOSTRO FAVORE: PUNTO PULITO S.R.L. - PAGAMENTO DOC. N. PUNT-2025-006 DEL 2025-06-28,movimento,MOV-000152
SCR-001346,2025-07-13,TRX-MOV-000153,20.01,Debiti verso fornitori,4270.00,0.00,Pagamento fattura passiva FATT-P-2025-0138,movimento,MOV-000153
SCR-001347,2025-07-13,TRX-MOV-000153,10.02,Banca c/c ordinario,0.00,4270.00,BONIFICO A VOSTRO FAVORE: ING. SARA DE LUCA - PAGAMENTO DOC. N. PAR-DLC-2025-06 DEL 2025-06-30,movimento,MOV-000153
SCR-001348,2025-07-14,TRX-MOV-000154,20.01,Debiti verso fornitori,4636.00,0.00,Pagamento fattura passiva FATT-P-2025-0031,movimento,MOV-000154
SCR-001349,2025-07-14,TRX-MOV-000154,10.02,Banca c/c ordinario,0.00,4636.00,BONIFICO A VOSTRO FAVORE: LOCAZIONI NAVIGLI S.R.L. - PAGAMENTO DOC. N. LOC-2025-007 DEL 2025-07-01,movimento,MOV-000154
SCR-001350,2025-07-14,TRX-MOV-000155,20.01,Debiti verso fornitori,4270.00,0.00,Pagamento fattura passiva FATT-P-2025-0137,movimento,MOV-000155
SCR-001351,2025-07-14,TRX-MOV-000155,10.02,Banca c/c ordinario,0.00,4270.00,BONIFICO A VOSTRO FAVORE: DOTT. MARCO RINALDI - PAGAMENTO DOC. N. PAR-RNL-2025-06 DEL 2025-06-30,movimento,MOV-000155
SCR-001352,2025-07-16,TRX-MOV-000156,20.03,Erario c/ritenute alla fonte,6000.00,0.00,Versamento ritenute IRPEF con F24,movimento,MOV-000156
SCR-001353,2025-07-16,TRX-MOV-000156,20.04,Istituti previdenziali e assistenziali c/INPS,18500.00,0.00,Versamento contributi INPS con F24,movimento,MOV-000156
SCR-001354,2025-07-16,TRX-MOV-000156,20.02,Erario c/IVA a debito,15538.60,0.00,Versamento saldo debito IVA con F24,movimento,MOV-000156
SCR-001355,2025-07-16,TRX-MOV-000156,10.02,Banca c/c ordinario,0.00,40038.60,"DELEGA F24 TELEMATICA N. 0918237 - RITENUTE IRPEF, CONTRIBUTI INPS E SALDO IVA PERIODO 06/2025",movimento,MOV-000156
SCR-001356,2025-07-20,TRX-MOV-000157,20.01,Debiti verso fornitori,4880.00,0.00,Pagamento fattura passiva FATT-P-2025-0007,movimento,MOV-000157
SCR-001357,2025-07-20,TRX-MOV-000157,10.02,Banca c/c ordinario,0.00,4880.00,BONIFICO A VOSTRO FAVORE: NIMBUS SOFTWARE S.R.L. - PAGAMENTO DOC. N. NMB-2025-007 DEL 2025-07-05,movimento,MOV-000157
SCR-001358,2025-07-20,TRX-MOV-000158,20.01,Debiti verso fornitori,427.00,0.00,Pagamento fattura passiva FATT-P-2025-0056,movimento,MOV-000158
SCR-001359,2025-07-20,TRX-MOV-000158,10.02,Banca c/c ordinario,0.00,427.00,BONIFICO A VOSTRO FAVORE: FASTCONNECT TELECOM S.P.A. - PAGAMENTO DOC. N. FAST-2025-007 DEL 2025-07-08,movimento,MOV-000158
SCR-001360,2025-07-21,TRX-MOV-000159,20.01,Debiti verso fornitori,488.00,0.00,Pagamento fattura passiva FATT-P-2025-0080,movimento,MOV-000159
SCR-001361,2025-07-21,TRX-MOV-000159,10.02,Banca c/c ordinario,0.00,488.00,BONIFICO A VOSTRO FAVORE: SICURASSICURA S.P.A. - PAGAMENTO DOC. N. SIC-2025-007 DEL 2025-07-01,movimento,MOV-000159
SCR-001362,2025-07-22,TRX-MOV-000160,20.01,Debiti verso fornitori,2659.60,0.00,Pagamento fattura passiva FATT-P-2025-0019,movimento,MOV-000160
SCR-001363,2025-07-22,TRX-MOV-000160,10.02,Banca c/c ordinario,0.00,2659.60,BONIFICO A VOSTRO FAVORE: ALTOCUMULO CLOUD SERVICES S.R.L. - PAGAMENTO DOC. N. ALT-2025-007 DEL 2025-07-02,movimento,MOV-000160
SCR-001364,2025-07-25,TRX-MOV-000161,10.02,Banca c/c ordinario,18056.00,0.00,BONIFICO DA: RETAILNEXT S.P.A. - SALDO FATTURA N. 2025/038 DEL 2025-06-30,movimento,MOV-000161
SCR-001365,2025-07-25,TRX-MOV-000161,11.01,Crediti verso clienti,0.00,18056.00,Incasso fattura FATT-A-2025-0038,movimento,MOV-000161
SCR-001366,2025-07-25,TRX-MOV-000162,20.01,Debiti verso fornitori,829.60,0.00,Pagamento fattura passiva FATT-P-2025-0068,movimento,MOV-000162
SCR-001367,2025-07-25,TRX-MOV-000162,10.02,Banca c/c ordinario,0.00,829.60,BONIFICO A VOSTRO FAVORE: ECOLOMBARDA ENERGIA S.P.A. - PAGAMENTO DOC. N. ECOL-2025-007 DEL 2025-07-12,movimento,MOV-000162
SCR-001368,2025-07-25,TRX-MOV-000163,20.01,Debiti verso fornitori,915.00,0.00,Pagamento fattura passiva FATT-P-2025-0092,movimento,MOV-000163
SCR-001369,2025-07-25,TRX-MOV-000163,10.02,Banca c/c ordinario,0.00,915.00,BONIFICO A VOSTRO FAVORE: FLEETLEASING ITALIA S.P.A. - PAGAMENTO DOC. N. FLT-2025-007 DEL 2025-07-05,movimento,MOV-000163
SCR-001370,2025-07-25,TRX-MOV-000164,20.01,Debiti verso fornitori,1037.00,0.00,Pagamento fattura passiva FATT-P-2025-0186,movimento,MOV-000164
SCR-001371,2025-07-25,TRX-MOV-000164,10.02,Banca c/c ordinario,0.00,1037.00,BONIFICO A VOSTRO FAVORE: MILANO & ROMA BUSINESS HOTELS S.R.L. - PAGAMENTO DOC. N. HTL-2025-0701 DEL 2025-07-15,movimento,MOV-000164
SCR-001372,2025-07-27,TRX-MOV-000165,10.02,Banca c/c ordinario,10736.00,0.00,BONIFICO DA: AGROTECH BIO S.R.L. - SALDO FATTURA N. 2025/041 DEL 2025-06-30,movimento,MOV-000165
SCR-001373,2025-07-27,TRX-MOV-000165,11.01,Crediti verso clienti,0.00,10736.00,Incasso fattura FATT-A-2025-0041,movimento,MOV-000165
SCR-001374,2025-07-27,TRX-MOV-000166,20.01,Debiti verso fornitori,671.00,0.00,Pagamento fattura passiva FATT-P-2025-0185,movimento,MOV-000166
SCR-001375,2025-07-27,TRX-MOV-000166,10.02,Banca c/c ordinario,0.00,671.00,BONIFICO A VOSTRO FAVORE: FERROVIE NAZIONALI S.P.A. - PAGAMENTO DOC. N. TRN-2025-0701 DEL 2025-07-14,movimento,MOV-000166
SCR-001376,2025-07-27,TRX-MOV-000167,20.01,Debiti verso fornitori,549.00,0.00,Pagamento fattura passiva FATT-P-2025-0187,movimento,MOV-000167
SCR-001377,2025-07-27,TRX-MOV-000167,10.02,Banca c/c ordinario,0.00,549.00,BONIFICO A VOSTRO FAVORE: RISTORANTI & CATERING MILANO S.R.L. - PAGAMENTO DOC. N. RST-2025-0701 DEL 2025-07-16,movimento,MOV-000167
SCR-001378,2025-07-27,TRX-MOV-000168,20.05,Personale dipendente c/retribuzioni,27500.00,0.00,Chiusura debito retribuzioni nette verso dipendenti,movimento,MOV-000168
SCR-001379,2025-07-27,TRX-MOV-000168,10.02,Banca c/c ordinario,0.00,27500.00,DISPOSIZIONE BONIFICO SEPA CUMULATIVO: RETRIBUZIONI DIPENDENTI MESE 07/2025,movimento,MOV-000168
SCR-001380,2025-07-28,TRX-MOV-000169,20.01,Debiti verso fornitori,1098.00,0.00,Pagamento fattura passiva FATT-P-2025-0044,movimento,MOV-000169
SCR-001381,2025-07-28,TRX-MOV-000169,10.02,Banca c/c ordinario,0.00,1098.00,BONIFICO A VOSTRO FAVORE: STUDIO DOTT. COMMERCIALISTI BRAMBILLA & CO. - PAGAMENTO DOC. N. BRAMB-2025-007 DEL 2025-07-15,movimento,MOV-000169
SCR-001382,2025-07-31,TRX-MOV-000170,68.01,"Oneri bancari, commissioni e tenuta conto",75.00,0.00,Addebito spese e oneri bancari di conto corrente,movimento,MOV-000170
SCR-001383,2025-07-31,TRX-MOV-000170,10.02,Banca c/c ordinario,0.00,75.00,COMPETENZE E SPESE TENUTA CONTO CORRENTE E HOME BANKING PERIODO 07/2025,movimento,MOV-000170
SCR-001384,2025-08-05,TRX-MOV-000171,10.02,Banca c/c ordinario,8540.00,0.00,BONIFICO DA: EDILSMART COSTRUZIONI S.P.A. - SALDO FATTURA N. 2025/042 DEL 2025-06-30,movimento,MOV-000171
SCR-001385,2025-08-05,TRX-MOV-000171,11.01,Crediti verso clienti,0.00,8540.00,Incasso fattura FATT-A-2025-0042,movimento,MOV-000171
SCR-001386,2025-08-06,TRX-MOV-000172,10.02,Banca c/c ordinario,34770.00,0.00,BONIFICO DA: BARILLI LOGISTICA S.P.A. - SALDO FATTURA N. 2025/036 DEL 2025-06-30,movimento,MOV-000172
SCR-001387,2025-08-06,TRX-MOV-000172,11.01,Crediti verso clienti,0.00,34770.00,Incasso fattura FATT-A-2025-0036,movimento,MOV-000172
SCR-001388,2025-08-06,TRX-MOV-000173,10.02,Banca c/c ordinario,15128.00,0.00,BONIFICO DA: MEDIHEALTH CARE S.R.L. - SALDO FATTURA N. 2025/039 DEL 2025-06-30,movimento,MOV-000173
SCR-001389,2025-08-06,TRX-MOV-000173,11.01,Crediti verso clienti,0.00,15128.00,Incasso fattura FATT-A-2025-0039,movimento,MOV-000173
SCR-001390,2025-08-06,TRX-MOV-000174,10.02,Banca c/c ordinario,12444.00,0.00,BONIFICO DA: MANIFATTURA LOMBARDA S.R.L. - SALDO FATTURA N. 2025/040 DEL 2025-06-30,movimento,MOV-000174
SCR-001391,2025-08-06,TRX-MOV-000174,11.01,Crediti verso clienti,0.00,12444.00,Incasso fattura FATT-A-2025-0040,movimento,MOV-000174
SCR-001392,2025-08-06,TRX-MOV-000175,20.01,Debiti verso fornitori,951.60,0.00,Pagamento fattura passiva FATT-P-2025-0162,movimento,MOV-000175
SCR-001393,2025-08-06,TRX-MOV-000175,10.02,Banca c/c ordinario,0.00,951.60,BONIFICO A VOSTRO FAVORE: TECHHARDWARE SOLUTIONS S.R.L. - PAGAMENTO DOC. N. FT-2025-0812 DEL 2025-07-15,movimento,MOV-000175
SCR-001394,2025-08-07,TRX-MOV-000176,10.02,Banca c/c ordinario,18666.00,0.00,BONIFICO DA: FINTECH SOLUTIONS ITALIA S.R.L. - SALDO FATTURA N. 2025/037 DEL 2025-06-30,movimento,MOV-000176
SCR-001395,2025-08-07,TRX-MOV-000176,11.01,Crediti verso clienti,0.00,18666.00,Incasso fattura FATT-A-2025-0037,movimento,MOV-000176
SCR-001396,2025-08-07,TRX-MOV-000177,20.01,Debiti verso fornitori,1220.00,0.00,Pagamento fattura passiva FATT-P-2025-0116,movimento,MOV-000177
SCR-001397,2025-08-07,TRX-MOV-000177,10.02,Banca c/c ordinario,0.00,1220.00,BONIFICO A VOSTRO FAVORE: MEDIABRAND STUDIO S.R.L. - PAGAMENTO DOC. N. MDB-2025-007 DEL 2025-07-18,movimento,MOV-000177
SCR-001398,2025-08-11,TRX-MOV-000178,20.01,Debiti verso fornitori,3660.00,0.00,Pagamento fattura passiva FATT-P-2025-0142,movimento,MOV-000178
SCR-001399,2025-08-11,TRX-MOV-000178,10.02,Banca c/c ordinario,0.00,3660.00,BONIFICO A VOSTRO FAVORE: DOTT. MATTEO RIVA - PAGAMENTO DOC. N. PAR-RIV-2025-07 DEL 2025-07-31,movimento,MOV-000178
SCR-001400,2025-08-13,TRX-MOV-000179,20.01,Debiti verso fornitori,610.00,0.00,Pagamento fattura passiva FATT-P-2025-0104,movimento,MOV-000179
SCR-001401,2025-08-13,TRX-MOV-000179,10.02,Banca c/c ordinario,0.00,610.00,BONIFICO A VOSTRO FAVORE: PUNTO PULITO S.R.L. - PAGAMENTO DOC. N. PUNT-2025-007 DEL 2025-07-28,movimento,MOV-000179
SCR-001402,2025-08-13,TRX-MOV-000180,20.01,Debiti verso fornitori,4270.00,0.00,Pagamento fattura passiva FATT-P-2025-0140,movimento,MOV-000180
SCR-001403,2025-08-13,TRX-MOV-000180,10.02,Banca c/c ordinario,0.00,4270.00,BONIFICO A VOSTRO FAVORE: DOTT. MARCO RINALDI - PAGAMENTO DOC. N. PAR-RNL-2025-07 DEL 2025-07-31,movimento,MOV-000180
SCR-001404,2025-08-14,TRX-MOV-000181,20.01,Debiti verso fornitori,2501.00,0.00,Pagamento fattura passiva FATT-P-2025-0020,movimento,MOV-000181
SCR-001405,2025-08-14,TRX-MOV-000181,10.02,Banca c/c ordinario,0.00,2501.00,BONIFICO A VOSTRO FAVORE: ALTOCUMULO CLOUD SERVICES S.R.L. - PAGAMENTO DOC. N. ALT-2025-008 DEL 2025-08-02,movimento,MOV-000181
SCR-001406,2025-08-16,TRX-MOV-000182,20.03,Erario c/ritenute alla fonte,6000.00,0.00,Versamento ritenute IRPEF con F24,movimento,MOV-000182
SCR-001407,2025-08-16,TRX-MOV-000182,20.04,Istituti previdenziali e assistenziali c/INPS,18500.00,0.00,Versamento contributi INPS con F24,movimento,MOV-000182
SCR-001408,2025-08-16,TRX-MOV-000182,20.02,Erario c/IVA a debito,15534.20,0.00,Versamento saldo debito IVA con F24,movimento,MOV-000182
SCR-001409,2025-08-16,TRX-MOV-000182,10.02,Banca c/c ordinario,0.00,40034.20,"DELEGA F24 TELEMATICA N. 0918238 - RITENUTE IRPEF, CONTRIBUTI INPS E SALDO IVA PERIODO 07/2025",movimento,MOV-000182
SCR-001410,2025-08-17,TRX-MOV-000183,20.01,Debiti verso fornitori,6539.20,0.00,Pagamento fattura passiva FATT-P-2025-0008,movimento,MOV-000183
SCR-001411,2025-08-17,TRX-MOV-000183,10.02,Banca c/c ordinario,0.00,6539.20,BONIFICO A VOSTRO FAVORE: NIMBUS SOFTWARE S.R.L. - PAGAMENTO DOC. N. NMB-2025-008 DEL 2025-08-05,movimento,MOV-000183
SCR-001412,2025-08-17,TRX-MOV-000184,20.01,Debiti verso fornitori,488.00,0.00,Pagamento fattura passiva FATT-P-2025-0081,movimento,MOV-000184
SCR-001413,2025-08-17,TRX-MOV-000184,10.02,Banca c/c ordinario,0.00,488.00,BONIFICO A VOSTRO FAVORE: SICURASSICURA S.P.A. - PAGAMENTO DOC. N. SIC-2025-008 DEL 2025-08-01,movimento,MOV-000184
SCR-001414,2025-08-19,TRX-MOV-000185,20.01,Debiti verso fornitori,4270.00,0.00,Pagamento fattura passiva FATT-P-2025-0141,movimento,MOV-000185
SCR-001415,2025-08-19,TRX-MOV-000185,10.02,Banca c/c ordinario,0.00,4270.00,BONIFICO A VOSTRO FAVORE: ING. SARA DE LUCA - PAGAMENTO DOC. N. PAR-DLC-2025-07 DEL 2025-07-31,movimento,MOV-000185
SCR-001416,2025-08-21,TRX-MOV-000186,20.01,Debiti verso fornitori,4636.00,0.00,Pagamento fattura passiva FATT-P-2025-0032,movimento,MOV-000186
SCR-001417,2025-08-21,TRX-MOV-000186,10.02,Banca c/c ordinario,0.00,4636.00,BONIFICO A VOSTRO FAVORE: LOCAZIONI NAVIGLI S.R.L. - PAGAMENTO DOC. N. LOC-2025-008 DEL 2025-08-01,movimento,MOV-000186
SCR-001418,2025-08-21,TRX-MOV-000187,20.01,Debiti verso fornitori,427.00,0.00,Pagamento fattura passiva FATT-P-2025-0057,movimento,MOV-000187
SCR-001419,2025-08-21,TRX-MOV-000187,10.02,Banca c/c ordinario,0.00,427.00,BONIFICO A VOSTRO FAVORE: FASTCONNECT TELECOM S.P.A. - PAGAMENTO DOC. N. FAST-2025-008 DEL 2025-08-08,movimento,MOV-000187
SCR-001420,2025-08-24,TRX-MOV-000188,20.01,Debiti verso fornitori,744.20,0.00,Pagamento fattura passiva FATT-P-2025-0069,movimento,MOV-000188
SCR-001421,2025-08-24,TRX-MOV-000188,10.02,Banca c/c ordinario,0.00,744.20,BONIFICO A VOSTRO FAVORE: ECOLOMBARDA ENERGIA S.P.A. - PAGAMENTO DOC. N. ECOL-2025-008 DEL 2025-08-12,movimento,MOV-000188
SCR-001422,2025-08-26,TRX-MOV-000189,20.01,Debiti verso fornitori,915.00,0.00,Pagamento fattura passiva FATT-P-2025-0093,movimento,MOV-000189
SCR-001423,2025-08-26,TRX-MOV-000189,10.02,Banca c/c ordinario,0.00,915.00,BONIFICO A VOSTRO FAVORE: FLEETLEASING ITALIA S.P.A. - PAGAMENTO DOC. N. FLT-2025-008 DEL 2025-08-05,movimento,MOV-000189
SCR-001424,2025-08-26,TRX-MOV-000190,20.01,Debiti verso fornitori,549.00,0.00,Pagamento fattura passiva FATT-P-2025-0190,movimento,MOV-000190
SCR-001425,2025-08-26,TRX-MOV-000190,10.02,Banca c/c ordinario,0.00,549.00,BONIFICO A VOSTRO FAVORE: RISTORANTI & CATERING MILANO S.R.L. - PAGAMENTO DOC. N. RST-2025-0801 DEL 2025-08-16,movimento,MOV-000190
SCR-001426,2025-08-27,TRX-MOV-000191,10.02,Banca c/c ordinario,15250.00,0.00,BONIFICO DA: MEDIHEALTH CARE S.R.L. - SALDO FATTURA N. 2025/046 DEL 2025-07-31,movimento,MOV-000191
SCR-001427,2025-08-27,TRX-MOV-000191,11.01,Crediti verso clienti,0.00,15250.00,Incasso fattura FATT-A-2025-0046,movimento,MOV-000191
SCR-001428,2025-08-27,TRX-MOV-000192,20.05,Personale dipendente c/retribuzioni,27500.00,0.00,Chiusura debito retribuzioni nette verso dipendenti,movimento,MOV-000192
SCR-001429,2025-08-27,TRX-MOV-000192,10.02,Banca c/c ordinario,0.00,27500.00,DISPOSIZIONE BONIFICO SEPA CUMULATIVO: RETRIBUZIONI DIPENDENTI MESE 08/2025,movimento,MOV-000192
SCR-001430,2025-08-28,TRX-MOV-000193,10.02,Banca c/c ordinario,12810.00,0.00,BONIFICO DA: MANIFATTURA LOMBARDA S.R.L. - SALDO FATTURA N. 2025/047 DEL 2025-07-31,movimento,MOV-000193
SCR-001431,2025-08-28,TRX-MOV-000193,11.01,Crediti verso clienti,0.00,12810.00,Incasso fattura FATT-A-2025-0047,movimento,MOV-000193
SCR-001432,2025-08-29,TRX-MOV-000194,10.02,Banca c/c ordinario,18300.00,0.00,BONIFICO DA: RETAILNEXT S.P.A. - SALDO FATTURA N. 2025/045 DEL 2025-07-31,movimento,MOV-000194
SCR-001433,2025-08-29,TRX-MOV-000194,11.01,Crediti verso clienti,0.00,18300.00,Incasso fattura FATT-A-2025-0045,movimento,MOV-000194
SCR-001434,2025-08-30,TRX-MOV-000195,10.02,Banca c/c ordinario,18910.00,0.00,BONIFICO DA: FINTECH SOLUTIONS ITALIA S.R.L. - SALDO FATTURA N. 2025/044 DEL 2025-07-31,movimento,MOV-000195
SCR-001435,2025-08-30,TRX-MOV-000195,11.01,Crediti verso clienti,0.00,18910.00,Incasso fattura FATT-A-2025-0044,movimento,MOV-000195
SCR-001436,2025-08-30,TRX-MOV-000196,10.02,Banca c/c ordinario,8540.00,0.00,BONIFICO DA: EDILSMART COSTRUZIONI S.P.A. - SALDO FATTURA N. 2025/049 DEL 2025-07-31,movimento,MOV-000196
SCR-001437,2025-08-30,TRX-MOV-000196,11.01,Crediti verso clienti,0.00,8540.00,Incasso fattura FATT-A-2025-0049,movimento,MOV-000196
SCR-001438,2025-08-31,TRX-MOV-000197,10.02,Banca c/c ordinario,34770.00,0.00,BONIFICO DA: BARILLI LOGISTICA S.P.A. - SALDO FATTURA N. 2025/043 DEL 2025-07-31,movimento,MOV-000197
SCR-001439,2025-08-31,TRX-MOV-000197,11.01,Crediti verso clienti,0.00,34770.00,Incasso fattura FATT-A-2025-0043,movimento,MOV-000197
SCR-001440,2025-08-31,TRX-MOV-000198,68.01,"Oneri bancari, commissioni e tenuta conto",75.00,0.00,Addebito spese e oneri bancari di conto corrente,movimento,MOV-000198
SCR-001441,2025-08-31,TRX-MOV-000198,10.02,Banca c/c ordinario,0.00,75.00,COMPETENZE E SPESE TENUTA CONTO CORRENTE E HOME BANKING PERIODO 08/2025,movimento,MOV-000198
SCR-001442,2025-09-01,TRX-MOV-000199,20.01,Debiti verso fornitori,1220.00,0.00,Pagamento fattura passiva FATT-P-2025-0117,movimento,MOV-000199
SCR-001443,2025-09-01,TRX-MOV-000199,10.02,Banca c/c ordinario,0.00,1220.00,BONIFICO A VOSTRO FAVORE: MEDIABRAND STUDIO S.R.L. - PAGAMENTO DOC. N. MDB-2025-008 DEL 2025-08-18,movimento,MOV-000199
SCR-001444,2025-09-03,TRX-MOV-000200,20.01,Debiti verso fornitori,1098.00,0.00,Pagamento fattura passiva FATT-P-2025-0045,movimento,MOV-000200
SCR-001445,2025-09-03,TRX-MOV-000200,10.02,Banca c/c ordinario,0.00,1098.00,BONIFICO A VOSTRO FAVORE: STUDIO DOTT. COMMERCIALISTI BRAMBILLA & CO. - PAGAMENTO DOC. N. BRAMB-2025-008 DEL 2025-08-15,movimento,MOV-000200
SCR-001446,2025-09-04,TRX-MOV-000201,20.01,Debiti verso fornitori,671.00,0.00,Pagamento fattura passiva FATT-P-2025-0188,movimento,MOV-000201
SCR-001447,2025-09-04,TRX-MOV-000201,10.02,Banca c/c ordinario,0.00,671.00,BONIFICO A VOSTRO FAVORE: FERROVIE NAZIONALI S.P.A. - PAGAMENTO DOC. N. TRN-2025-0801 DEL 2025-08-14,movimento,MOV-000201
SCR-001448,2025-09-04,TRX-MOV-000202,20.01,Debiti verso fornitori,1037.00,0.00,Pagamento fattura passiva FATT-P-2025-0189,movimento,MOV-000202
SCR-001449,2025-09-04,TRX-MOV-000202,10.02,Banca c/c ordinario,0.00,1037.00,BONIFICO A VOSTRO FAVORE: MILANO & ROMA BUSINESS HOTELS S.R.L. - PAGAMENTO DOC. N. HTL-2025-0801 DEL 2025-08-15,movimento,MOV-000202
SCR-001450,2025-09-06,TRX-MOV-000203,10.02,Banca c/c ordinario,10736.00,0.00,BONIFICO DA: AGROTECH BIO S.R.L. - SALDO FATTURA N. 2025/048 DEL 2025-07-31,movimento,MOV-000203
SCR-001451,2025-09-06,TRX-MOV-000203,11.01,Crediti verso clienti,0.00,10736.00,Incasso fattura FATT-A-2025-0048,movimento,MOV-000203
SCR-001452,2025-09-09,TRX-MOV-000204,20.01,Debiti verso fornitori,610.00,0.00,Pagamento fattura passiva FATT-P-2025-0105,movimento,MOV-000204
SCR-001453,2025-09-09,TRX-MOV-000204,10.02,Banca c/c ordinario,0.00,610.00,BONIFICO A VOSTRO FAVORE: PUNTO PULITO S.R.L. - PAGAMENTO DOC. N. PUNT-2025-008 DEL 2025-08-28,movimento,MOV-000204
SCR-001454,2025-09-11,TRX-MOV-000205,20.01,Debiti verso fornitori,4270.00,0.00,Pagamento fattura passiva FATT-P-2025-0143,movimento,MOV-000205
SCR-001455,2025-09-11,TRX-MOV-000205,10.02,Banca c/c ordinario,0.00,4270.00,BONIFICO A VOSTRO FAVORE: DOTT. MARCO RINALDI - PAGAMENTO DOC. N. PAR-RNL-2025-08 DEL 2025-08-31,movimento,MOV-000205
SCR-001456,2025-09-16,TRX-MOV-000206,20.01,Debiti verso fornitori,4636.00,0.00,Pagamento fattura passiva FATT-P-2025-0033,movimento,MOV-000206
SCR-001457,2025-09-16,TRX-MOV-000206,10.02,Banca c/c ordinario,0.00,4636.00,BONIFICO A VOSTRO FAVORE: LOCAZIONI NAVIGLI S.R.L. - PAGAMENTO DOC. N. LOC-2025-009 DEL 2025-09-01,movimento,MOV-000206
SCR-001458,2025-09-16,TRX-MOV-000207,20.01,Debiti verso fornitori,915.00,0.00,Pagamento fattura passiva FATT-P-2025-0094,movimento,MOV-000207
SCR-001459,2025-09-16,TRX-MOV-000207,10.02,Banca c/c ordinario,0.00,915.00,BONIFICO A VOSTRO FAVORE: FLEETLEASING ITALIA S.P.A. - PAGAMENTO DOC. N. FLT-2025-009 DEL 2025-09-05,movimento,MOV-000207
SCR-001460,2025-09-16,TRX-MOV-000208,20.03,Erario c/ritenute alla fonte,6000.00,0.00,Versamento ritenute IRPEF con F24,movimento,MOV-000208
SCR-001461,2025-09-16,TRX-MOV-000208,20.04,Istituti previdenziali e assistenziali c/INPS,18500.00,0.00,Versamento contributi INPS con F24,movimento,MOV-000208
SCR-001462,2025-09-16,TRX-MOV-000208,20.02,Erario c/IVA a debito,11534.60,0.00,Versamento saldo debito IVA con F24,movimento,MOV-000208
SCR-001463,2025-09-16,TRX-MOV-000208,10.02,Banca c/c ordinario,0.00,36034.60,"DELEGA F24 TELEMATICA N. 0918239 - RITENUTE IRPEF, CONTRIBUTI INPS E SALDO IVA PERIODO 08/2025",movimento,MOV-000208
SCR-001464,2025-09-17,TRX-MOV-000209,20.01,Debiti verso fornitori,3660.00,0.00,Pagamento fattura passiva FATT-P-2025-0145,movimento,MOV-000209
SCR-001465,2025-09-17,TRX-MOV-000209,10.02,Banca c/c ordinario,0.00,3660.00,BONIFICO A VOSTRO FAVORE: DOTT. MATTEO RIVA - PAGAMENTO DOC. N. PAR-RIV-2025-08 DEL 2025-08-31,movimento,MOV-000209
SCR-001466,2025-09-20,TRX-MOV-000210,20.01,Debiti verso fornitori,6539.20,0.00,Pagamento fattura passiva FATT-P-2025-0009,movimento,MOV-000210
SCR-001467,2025-09-20,TRX-MOV-000210,10.02,Banca c/c ordinario,0.00,6539.20,BONIFICO A VOSTRO FAVORE: NIMBUS SOFTWARE S.R.L. - PAGAMENTO DOC. N. NMB-2025-009 DEL 2025-09-05,movimento,MOV-000210
SCR-001468,2025-09-20,TRX-MOV-000211,20.01,Debiti verso fornitori,2635.20,0.00,Pagamento fattura passiva FATT-P-2025-0021,movimento,MOV-000211
SCR-001469,2025-09-20,TRX-MOV-000211,10.02,Banca c/c ordinario,0.00,2635.20,BONIFICO A VOSTRO FAVORE: ALTOCUMULO CLOUD SERVICES S.R.L. - PAGAMENTO DOC. N. ALT-2025-009 DEL 2025-09-02,movimento,MOV-000211
SCR-001470,2025-09-20,TRX-MOV-000212,20.01,Debiti verso fornitori,488.00,0.00,Pagamento fattura passiva FATT-P-2025-0082,movimento,MOV-000212
SCR-001471,2025-09-20,TRX-MOV-000212,10.02,Banca c/c ordinario,0.00,488.00,BONIFICO A VOSTRO FAVORE: SICURASSICURA S.P.A. - PAGAMENTO DOC. N. SIC-2025-009 DEL 2025-09-01,movimento,MOV-000212
SCR-001472,2025-09-21,TRX-MOV-000213,20.01,Debiti verso fornitori,4270.00,0.00,Pagamento fattura passiva FATT-P-2025-0144,movimento,MOV-000213
SCR-001473,2025-09-21,TRX-MOV-000213,10.02,Banca c/c ordinario,0.00,4270.00,BONIFICO A VOSTRO FAVORE: ING. SARA DE LUCA - PAGAMENTO DOC. N. PAR-DLC-2025-08 DEL 2025-08-31,movimento,MOV-000213
SCR-001474,2025-09-26,TRX-MOV-000214,10.02,Banca c/c ordinario,26840.00,0.00,BONIFICO DA: BARILLI LOGISTICA S.P.A. - SALDO FATTURA N. 2025/050 DEL 2025-08-31,movimento,MOV-000214
SCR-001475,2025-09-26,TRX-MOV-000214,11.01,Crediti verso clienti,0.00,26840.00,Incasso fattura FATT-A-2025-0050,movimento,MOV-000214
SCR-001476,2025-09-26,TRX-MOV-000215,10.02,Banca c/c ordinario,15860.00,0.00,BONIFICO DA: FINTECH SOLUTIONS ITALIA S.R.L. - SALDO FATTURA N. 2025/051 DEL 2025-08-31,movimento,MOV-000215
SCR-001477,2025-09-26,TRX-MOV-000215,11.01,Crediti verso clienti,0.00,15860.00,Incasso fattura FATT-A-2025-0051,movimento,MOV-000215
SCR-001478,2025-09-26,TRX-MOV-000216,10.02,Banca c/c ordinario,12810.00,0.00,BONIFICO DA: MEDIHEALTH CARE S.R.L. - SALDO FATTURA N. 2025/053 DEL 2025-08-31,movimento,MOV-000216
SCR-001479,2025-09-26,TRX-MOV-000216,11.01,Crediti verso clienti,0.00,12810.00,Incasso fattura FATT-A-2025-0053,movimento,MOV-000216
SCR-001480,2025-09-26,TRX-MOV-000217,20.01,Debiti verso fornitori,1037.00,0.00,Pagamento fattura passiva FATT-P-2025-0192,movimento,MOV-000217
SCR-001481,2025-09-26,TRX-MOV-000217,10.02,Banca c/c ordinario,0.00,1037.00,BONIFICO A VOSTRO FAVORE: MILANO & ROMA BUSINESS HOTELS S.R.L. - PAGAMENTO DOC. N. HTL-2025-0901 DEL 2025-09-15,movimento,MOV-000217
SCR-001482,2025-09-26,TRX-MOV-000218,20.01,Debiti verso fornitori,549.00,0.00,Pagamento fattura passiva FATT-P-2025-0193,movimento,MOV-000218
SCR-001483,2025-09-26,TRX-MOV-000218,10.02,Banca c/c ordinario,0.00,549.00,BONIFICO A VOSTRO FAVORE: RISTORANTI & CATERING MILANO S.R.L. - PAGAMENTO DOC. N. RST-2025-0901 DEL 2025-09-16,movimento,MOV-000218
SCR-001484,2025-09-27,TRX-MOV-000219,20.01,Debiti verso fornitori,671.00,0.00,Pagamento fattura passiva FATT-P-2025-0191,movimento,MOV-000219
SCR-001485,2025-09-27,TRX-MOV-000219,10.02,Banca c/c ordinario,0.00,671.00,BONIFICO A VOSTRO FAVORE: FERROVIE NAZIONALI S.P.A. - PAGAMENTO DOC. N. TRN-2025-0901 DEL 2025-09-14,movimento,MOV-000219
SCR-001486,2025-09-27,TRX-MOV-000220,20.05,Personale dipendente c/retribuzioni,27500.00,0.00,Chiusura debito retribuzioni nette verso dipendenti,movimento,MOV-000220
SCR-001487,2025-09-27,TRX-MOV-000220,10.02,Banca c/c ordinario,0.00,27500.00,DISPOSIZIONE BONIFICO SEPA CUMULATIVO: RETRIBUZIONI DIPENDENTI MESE 09/2025,movimento,MOV-000220
SCR-001488,2025-09-29,TRX-MOV-000221,20.01,Debiti verso fornitori,427.00,0.00,Pagamento fattura passiva FATT-P-2025-0058,movimento,MOV-000221
SCR-001489,2025-09-29,TRX-MOV-000221,10.02,Banca c/c ordinario,0.00,427.00,BONIFICO A VOSTRO FAVORE: FASTCONNECT TELECOM S.P.A. - PAGAMENTO DOC. N. FAST-2025-009 DEL 2025-09-08,movimento,MOV-000221
SCR-001490,2025-09-30,TRX-MOV-000222,10.02,Banca c/c ordinario,10980.00,0.00,BONIFICO DA: MANIFATTURA LOMBARDA S.R.L. - SALDO FATTURA N. 2025/054 DEL 2025-08-31,movimento,MOV-000222
SCR-001491,2025-09-30,TRX-MOV-000222,11.01,Crediti verso clienti,0.00,10980.00,Incasso fattura FATT-A-2025-0054,movimento,MOV-000222
SCR-001492,2025-09-30,TRX-MOV-000223,10.02,Banca c/c ordinario,7076.00,0.00,BONIFICO DA: EDILSMART COSTRUZIONI S.P.A. - SALDO FATTURA N. 2025/056 DEL 2025-08-31,movimento,MOV-000223
SCR-001493,2025-09-30,TRX-MOV-000223,11.01,Crediti verso clienti,0.00,7076.00,Incasso fattura FATT-A-2025-0056,movimento,MOV-000223
SCR-001494,2025-09-30,TRX-MOV-000224,20.01,Debiti verso fornitori,658.80,0.00,Pagamento fattura passiva FATT-P-2025-0070,movimento,MOV-000224
SCR-001495,2025-09-30,TRX-MOV-000224,10.02,Banca c/c ordinario,0.00,658.80,BONIFICO A VOSTRO FAVORE: ECOLOMBARDA ENERGIA S.P.A. - PAGAMENTO DOC. N. ECOL-2025-009 DEL 2025-09-12,movimento,MOV-000224
SCR-001496,2025-09-30,TRX-MOV-000225,68.01,"Oneri bancari, commissioni e tenuta conto",75.00,0.00,Addebito spese e oneri bancari di conto corrente,movimento,MOV-000225
SCR-001497,2025-09-30,TRX-MOV-000225,10.02,Banca c/c ordinario,0.00,75.00,COMPETENZE E SPESE TENUTA CONTO CORRENTE E HOME BANKING PERIODO 09/2025,movimento,MOV-000225
SCR-001498,2025-10-01,TRX-MOV-000226,10.02,Banca c/c ordinario,15250.00,0.00,BONIFICO DA: RETAILNEXT S.P.A. - SALDO FATTURA N. 2025/052 DEL 2025-08-31,movimento,MOV-000226
SCR-001499,2025-10-01,TRX-MOV-000226,11.01,Crediti verso clienti,0.00,15250.00,Incasso fattura FATT-A-2025-0052,movimento,MOV-000226
SCR-001500,2025-10-06,TRX-MOV-000227,20.01,Debiti verso fornitori,1098.00,0.00,Pagamento fattura passiva FATT-P-2025-0046,movimento,MOV-000227
SCR-001501,2025-10-06,TRX-MOV-000227,10.02,Banca c/c ordinario,0.00,1098.00,BONIFICO A VOSTRO FAVORE: STUDIO DOTT. COMMERCIALISTI BRAMBILLA & CO. - PAGAMENTO DOC. N. BRAMB-2025-009 DEL 2025-09-15,movimento,MOV-000227
SCR-001502,2025-10-08,TRX-MOV-000228,10.02,Banca c/c ordinario,8784.00,0.00,BONIFICO DA: AGROTECH BIO S.R.L. - SALDO FATTURA N. 2025/055 DEL 2025-08-31,movimento,MOV-000228
SCR-001503,2025-10-08,TRX-MOV-000228,11.01,Crediti verso clienti,0.00,8784.00,Incasso fattura FATT-A-2025-0055,movimento,MOV-000228
SCR-001504,2025-10-08,TRX-MOV-000229,20.01,Debiti verso fornitori,1220.00,0.00,Pagamento fattura passiva FATT-P-2025-0118,movimento,MOV-000229
SCR-001505,2025-10-08,TRX-MOV-000229,10.02,Banca c/c ordinario,0.00,1220.00,BONIFICO A VOSTRO FAVORE: MEDIABRAND STUDIO S.R.L. - PAGAMENTO DOC. N. MDB-2025-009 DEL 2025-09-18,movimento,MOV-000229
SCR-001506,2025-10-10,TRX-MOV-000230,20.01,Debiti verso fornitori,1159.00,0.00,Pagamento fattura passiva FATT-P-2025-0163,movimento,MOV-000230
SCR-001507,2025-10-10,TRX-MOV-000230,10.02,Banca c/c ordinario,0.00,1159.00,BONIFICO A VOSTRO FAVORE: TECHHARDWARE SOLUTIONS S.R.L. - PAGAMENTO DOC. N. FT-2025-0988 DEL 2025-09-19,movimento,MOV-000230
SCR-001508,2025-10-11,TRX-MOV-000231,20.01,Debiti verso fornitori,4270.00,0.00,Pagamento fattura passiva FATT-P-2025-0146,movimento,MOV-000231
SCR-001509,2025-10-11,TRX-MOV-000231,10.02,Banca c/c ordinario,0.00,4270.00,BONIFICO A VOSTRO FAVORE: DOTT. MARCO RINALDI - PAGAMENTO DOC. N. PAR-RNL-2025-09 DEL 2025-09-30,movimento,MOV-000231
SCR-001510,2025-10-12,TRX-MOV-000232,20.01,Debiti verso fornitori,488.00,0.00,Pagamento fattura passiva FATT-P-2025-0083,movimento,MOV-000232
SCR-001511,2025-10-12,TRX-MOV-000232,10.02,Banca c/c ordinario,0.00,488.00,BONIFICO A VOSTRO FAVORE: SICURASSICURA S.P.A. - PAGAMENTO DOC. N. SIC-2025-010 DEL 2025-10-01,movimento,MOV-000232
SCR-001512,2025-10-15,TRX-MOV-000233,20.01,Debiti verso fornitori,610.00,0.00,Pagamento fattura passiva FATT-P-2025-0106,movimento,MOV-000233
SCR-001513,2025-10-15,TRX-MOV-000233,10.02,Banca c/c ordinario,0.00,610.00,BONIFICO A VOSTRO FAVORE: PUNTO PULITO S.R.L. - PAGAMENTO DOC. N. PUNT-2025-009 DEL 2025-09-28,movimento,MOV-000233
SCR-001514,2025-10-16,TRX-MOV-000234,20.03,Erario c/ritenute alla fonte,6000.00,0.00,Versamento ritenute IRPEF con F24,movimento,MOV-000234
SCR-001515,2025-10-16,TRX-MOV-000234,20.04,Istituti previdenziali e assistenziali c/INPS,18500.00,0.00,Versamento contributi INPS con F24,movimento,MOV-000234
SCR-001516,2025-10-16,TRX-MOV-000234,20.02,Erario c/IVA a debito,14066.80,0.00,Versamento saldo debito IVA con F24,movimento,MOV-000234
SCR-001517,2025-10-16,TRX-MOV-000234,10.02,Banca c/c ordinario,0.00,38566.80,"DELEGA F24 TELEMATICA N. 0918240 - RITENUTE IRPEF, CONTRIBUTI INPS E SALDO IVA PERIODO 09/2025",movimento,MOV-000234
SCR-001518,2025-10-18,TRX-MOV-000235,20.01,Debiti verso fornitori,3660.00,0.00,Pagamento fattura passiva FATT-P-2025-0148,movimento,MOV-000235
SCR-001519,2025-10-18,TRX-MOV-000235,10.02,Banca c/c ordinario,0.00,3660.00,BONIFICO A VOSTRO FAVORE: DOTT. MATTEO RIVA - PAGAMENTO DOC. N. PAR-RIV-2025-09 DEL 2025-09-30,movimento,MOV-000235
SCR-001520,2025-10-20,TRX-MOV-000236,20.01,Debiti verso fornitori,6539.20,0.00,Pagamento fattura passiva FATT-P-2025-0010,movimento,MOV-000236
SCR-001521,2025-10-20,TRX-MOV-000236,10.02,Banca c/c ordinario,0.00,6539.20,BONIFICO A VOSTRO FAVORE: NIMBUS SOFTWARE S.R.L. - PAGAMENTO DOC. N. NMB-2025-010 DEL 2025-10-05,movimento,MOV-000236
SCR-001522,2025-10-22,TRX-MOV-000237,20.01,Debiti verso fornitori,4270.00,0.00,Pagamento fattura passiva FATT-P-2025-0147,movimento,MOV-000237
SCR-001523,2025-10-22,TRX-MOV-000237,10.02,Banca c/c ordinario,0.00,4270.00,BONIFICO A VOSTRO FAVORE: ING. SARA DE LUCA - PAGAMENTO DOC. N. PAR-DLC-2025-09 DEL 2025-09-30,movimento,MOV-000237
SCR-001524,2025-10-23,TRX-MOV-000238,20.01,Debiti verso fornitori,2684.00,0.00,Pagamento fattura passiva FATT-P-2025-0022,movimento,MOV-000238
SCR-001525,2025-10-23,TRX-MOV-000238,10.02,Banca c/c ordinario,0.00,2684.00,BONIFICO A VOSTRO FAVORE: ALTOCUMULO CLOUD SERVICES S.R.L. - PAGAMENTO DOC. N. ALT-2025-010 DEL 2025-10-02,movimento,MOV-000238
SCR-001526,2025-10-23,TRX-MOV-000239,20.01,Debiti verso fornitori,4819.00,0.00,Pagamento fattura passiva FATT-P-2025-0034,movimento,MOV-000239
SCR-001527,2025-10-23,TRX-MOV-000239,10.02,Banca c/c ordinario,0.00,4819.00,BONIFICO A VOSTRO FAVORE: LOCAZIONI NAVIGLI S.R.L. - PAGAMENTO DOC. N. LOC-2025-010 DEL 2025-10-01,movimento,MOV-000239
SCR-001528,2025-10-24,TRX-MOV-000240,20.01,Debiti verso fornitori,2257.00,0.00,Pagamento fattura passiva FATT-P-2025-0165,movimento,MOV-000240
SCR-001529,2025-10-24,TRX-MOV-000240,10.02,Banca c/c ordinario,0.00,2257.00,BONIFICO A VOSTRO FAVORE: TECHHARDWARE SOLUTIONS S.R.L. - PAGAMENTO DOC. N. FT-2025-1089 DEL 2025-10-14,movimento,MOV-000240
SCR-001530,2025-10-25,TRX-MOV-000241,10.02,Banca c/c ordinario,14396.00,0.00,BONIFICO DA: MEDIHEALTH CARE S.R.L. - SALDO FATTURA N. 2025/060 DEL 2025-09-30,movimento,MOV-000241
SCR-001531,2025-10-25,TRX-MOV-000241,11.01,Crediti verso clienti,0.00,14396.00,Incasso fattura FATT-A-2025-0060,movimento,MOV-000241
SCR-001532,2025-10-25,TRX-MOV-000242,20.01,Debiti verso fornitori,915.00,0.00,Pagamento fattura passiva FATT-P-2025-0095,movimento,MOV-000242
SCR-001533,2025-10-25,TRX-MOV-000242,10.02,Banca c/c ordinario,0.00,915.00,BONIFICO A VOSTRO FAVORE: FLEETLEASING ITALIA S.P.A. - PAGAMENTO DOC. N. FLT-2025-010 DEL 2025-10-05,movimento,MOV-000242
SCR-001534,2025-10-26,TRX-MOV-000243,20.01,Debiti verso fornitori,427.00,0.00,Pagamento fattura passiva FATT-P-2025-0059,movimento,MOV-000243
SCR-001535,2025-10-26,TRX-MOV-000243,10.02,Banca c/c ordinario,0.00,427.00,BONIFICO A VOSTRO FAVORE: FASTCONNECT TELECOM S.P.A. - PAGAMENTO DOC. N. FAST-2025-010 DEL 2025-10-08,movimento,MOV-000243
SCR-001536,2025-10-26,TRX-MOV-000244,20.01,Debiti verso fornitori,1037.00,0.00,Pagamento fattura passiva FATT-P-2025-0195,movimento,MOV-000244
SCR-001537,2025-10-26,TRX-MOV-000244,10.02,Banca c/c ordinario,0.00,1037.00,BONIFICO A VOSTRO FAVORE: MILANO & ROMA BUSINESS HOTELS S.R.L. - PAGAMENTO DOC. N. HTL-2025-1001 DEL 2025-10-15,movimento,MOV-000244
SCR-001538,2025-10-27,TRX-MOV-000245,20.05,Personale dipendente c/retribuzioni,27500.00,0.00,Chiusura debito retribuzioni nette verso dipendenti,movimento,MOV-000245
SCR-001539,2025-10-27,TRX-MOV-000245,10.02,Banca c/c ordinario,0.00,27500.00,DISPOSIZIONE BONIFICO SEPA CUMULATIVO: RETRIBUZIONI DIPENDENTI MESE 10/2025,movimento,MOV-000245
SCR-001540,2025-10-29,TRX-MOV-000246,10.02,Banca c/c ordinario,17690.00,0.00,BONIFICO DA: FINTECH SOLUTIONS ITALIA S.R.L. - SALDO FATTURA N. 2025/058 DEL 2025-09-30,movimento,MOV-000246
SCR-001541,2025-10-29,TRX-MOV-000246,11.01,Crediti verso clienti,0.00,17690.00,Incasso fattura FATT-A-2025-0058,movimento,MOV-000246
SCR-001542,2025-10-29,TRX-MOV-000247,20.01,Debiti verso fornitori,634.40,0.00,Pagamento fattura passiva FATT-P-2025-0071,movimento,MOV-000247
SCR-001543,2025-10-29,TRX-MOV-000247,10.02,Banca c/c ordinario,0.00,634.40,BONIFICO A VOSTRO FAVORE: ECOLOMBARDA ENERGIA S.P.A. - PAGAMENTO DOC. N. ECOL-2025-010 DEL 2025-10-12,movimento,MOV-000247
SCR-001544,2025-10-29,TRX-MOV-000248,20.01,Debiti verso fornitori,2257.00,0.00,Pagamento fattura passiva FATT-P-2025-0166,movimento,MOV-000248
SCR-001545,2025-10-29,TRX-MOV-000248,10.02,Banca c/c ordinario,0.00,2257.00,BONIFICO A VOSTRO FAVORE: TECHHARDWARE SOLUTIONS S.R.L. - PAGAMENTO DOC. N. FT-2025-1089 DEL 2025-10-18,movimento,MOV-000248
SCR-001546,2025-10-29,TRX-MOV-000249,20.01,Debiti verso fornitori,671.00,0.00,Pagamento fattura passiva FATT-P-2025-0194,movimento,MOV-000249
SCR-001547,2025-10-29,TRX-MOV-000249,10.02,Banca c/c ordinario,0.00,671.00,BONIFICO A VOSTRO FAVORE: FERROVIE NAZIONALI S.P.A. - PAGAMENTO DOC. N. TRN-2025-1001 DEL 2025-10-14,movimento,MOV-000249
SCR-001548,2025-10-30,TRX-MOV-000250,20.01,Debiti verso fornitori,1098.00,0.00,Pagamento fattura passiva FATT-P-2025-0047,movimento,MOV-000250
SCR-001549,2025-10-30,TRX-MOV-000250,10.02,Banca c/c ordinario,0.00,1098.00,BONIFICO A VOSTRO FAVORE: STUDIO DOTT. COMMERCIALISTI BRAMBILLA & CO. - PAGAMENTO DOC. N. BRAMB-2025-010 DEL 2025-10-15,movimento,MOV-000250
SCR-001550,2025-10-31,TRX-MOV-000251,68.01,"Oneri bancari, commissioni e tenuta conto",75.00,0.00,Addebito spese e oneri bancari di conto corrente,movimento,MOV-000251
SCR-001551,2025-10-31,TRX-MOV-000251,10.02,Banca c/c ordinario,0.00,75.00,COMPETENZE E SPESE TENUTA CONTO CORRENTE E HOME BANKING PERIODO 10/2025,movimento,MOV-000251
SCR-001552,2025-11-01,TRX-MOV-000252,10.02,Banca c/c ordinario,9760.00,0.00,BONIFICO DA: AGROTECH BIO S.R.L. - SALDO FATTURA N. 2025/062 DEL 2025-09-30,movimento,MOV-000252
SCR-001553,2025-11-01,TRX-MOV-000252,11.01,Crediti verso clienti,0.00,9760.00,Incasso fattura FATT-A-2025-0062,movimento,MOV-000252
SCR-001554,2025-11-02,TRX-MOV-000253,10.02,Banca c/c ordinario,8052.00,0.00,BONIFICO DA: EDILSMART COSTRUZIONI S.P.A. - SALDO FATTURA N. 2025/063 DEL 2025-09-30,movimento,MOV-000253
SCR-001555,2025-11-02,TRX-MOV-000253,11.01,Crediti verso clienti,0.00,8052.00,Incasso fattura FATT-A-2025-0063,movimento,MOV-000253
SCR-001556,2025-11-03,TRX-MOV-000254,10.02,Banca c/c ordinario,34160.00,0.00,BONIFICO DA: BARILLI LOGISTICA S.P.A. - SALDO FATTURA N. 2025/057 DEL 2025-09-30,movimento,MOV-000254
SCR-001557,2025-11-03,TRX-MOV-000254,11.01,Crediti verso clienti,0.00,34160.00,Incasso fattura FATT-A-2025-0057,movimento,MOV-000254
SCR-001558,2025-11-03,TRX-MOV-000255,20.01,Debiti verso fornitori,549.00,0.00,Pagamento fattura passiva FATT-P-2025-0196,movimento,MOV-000255
SCR-001559,2025-11-03,TRX-MOV-000255,10.02,Banca c/c ordinario,0.00,549.00,BONIFICO A VOSTRO FAVORE: RISTORANTI & CATERING MILANO S.R.L. - PAGAMENTO DOC. N. RST-2025-1001 DEL 2025-10-16,movimento,MOV-000255
SCR-001560,2025-11-05,TRX-MOV-000256,10.02,Banca c/c ordinario,11956.00,0.00,BONIFICO DA: MANIFATTURA LOMBARDA S.R.L. - SALDO FATTURA N. 2025/061 DEL 2025-09-30,movimento,MOV-000256
SCR-001561,2025-11-05,TRX-MOV-000256,11.01,Crediti verso clienti,0.00,11956.00,Incasso fattura FATT-A-2025-0061,movimento,MOV-000256
SCR-001562,2025-11-05,TRX-MOV-000257,20.01,Debiti verso fornitori,1220.00,0.00,Pagamento fattura passiva FATT-P-2025-0119,movimento,MOV-000257
SCR-001563,2025-11-05,TRX-MOV-000257,10.02,Banca c/c ordinario,0.00,1220.00,BONIFICO A VOSTRO FAVORE: MEDIABRAND STUDIO S.R.L. - PAGAMENTO DOC. N. MDB-2025-010 DEL 2025-10-18,movimento,MOV-000257
SCR-001564,2025-11-06,TRX-MOV-000258,10.02,Banca c/c ordinario,16836.00,0.00,BONIFICO DA: RETAILNEXT S.P.A. - SALDO FATTURA N. 2025/059 DEL 2025-09-30,movimento,MOV-000258
SCR-001565,2025-11-06,TRX-MOV-000258,11.01,Crediti verso clienti,0.00,16836.00,Incasso fattura FATT-A-2025-0059,movimento,MOV-000258
SCR-001566,2025-11-07,TRX-MOV-000259,20.01,Debiti verso fornitori,610.00,0.00,Pagamento fattura passiva FATT-P-2025-0107,movimento,MOV-000259
SCR-001567,2025-11-07,TRX-MOV-000259,10.02,Banca c/c ordinario,0.00,610.00,BONIFICO A VOSTRO FAVORE: PUNTO PULITO S.R.L. - PAGAMENTO DOC. N. PUNT-2025-010 DEL 2025-10-28,movimento,MOV-000259
SCR-001568,2025-11-12,TRX-MOV-000260,20.01,Debiti verso fornitori,4270.00,0.00,Pagamento fattura passiva FATT-P-2025-0150,movimento,MOV-000260
SCR-001569,2025-11-12,TRX-MOV-000260,10.02,Banca c/c ordinario,0.00,4270.00,BONIFICO A VOSTRO FAVORE: ING. SARA DE LUCA - PAGAMENTO DOC. N. PAR-DLC-2025-10 DEL 2025-10-31,movimento,MOV-000260
SCR-001570,2025-11-12,TRX-MOV-000261,20.01,Debiti verso fornitori,3660.00,0.00,Pagamento fattura passiva FATT-P-2025-0151,movimento,MOV-000261
SCR-001571,2025-11-12,TRX-MOV-000261,10.02,Banca c/c ordinario,0.00,3660.00,BONIFICO A VOSTRO FAVORE: DOTT. MATTEO RIVA - PAGAMENTO DOC. N. PAR-RIV-2025-10 DEL 2025-10-31,movimento,MOV-000261
SCR-001572,2025-11-15,TRX-MOV-000262,20.01,Debiti verso fornitori,2732.80,0.00,Pagamento fattura passiva FATT-P-2025-0023,movimento,MOV-000262
SCR-001573,2025-11-15,TRX-MOV-000262,10.02,Banca c/c ordinario,0.00,2732.80,BONIFICO A VOSTRO FAVORE: ALTOCUMULO CLOUD SERVICES S.R.L. - PAGAMENTO DOC. N. ALT-2025-011 DEL 2025-11-02,movimento,MOV-000262
SCR-001574,2025-11-16,TRX-MOV-000263,20.03,Erario c/ritenute alla fonte,6000.00,0.00,Versamento ritenute IRPEF con F24,movimento,MOV-000263
SCR-001575,2025-11-16,TRX-MOV-000263,20.04,Istituti previdenziali e assistenziali c/INPS,18500.00,0.00,Versamento contributi INPS con F24,movimento,MOV-000263
SCR-001576,2025-11-16,TRX-MOV-000263,20.02,Erario c/IVA a debito,9640.40,0.00,Versamento saldo debito IVA con F24,movimento,MOV-000263
SCR-001577,2025-11-16,TRX-MOV-000263,10.02,Banca c/c ordinario,0.00,34140.40,"DELEGA F24 TELEMATICA N. 0918241 - RITENUTE IRPEF, CONTRIBUTI INPS E SALDO IVA PERIODO 10/2025",movimento,MOV-000263
SCR-001578,2025-11-17,TRX-MOV-000264,20.01,Debiti verso fornitori,488.00,0.00,Pagamento fattura passiva FATT-P-2025-0084,movimento,MOV-000264
SCR-001579,2025-11-17,TRX-MOV-000264,10.02,Banca c/c ordinario,0.00,488.00,BONIFICO A VOSTRO FAVORE: SICURASSICURA S.P.A. - PAGAMENTO DOC. N. SIC-2025-011 DEL 2025-11-01,movimento,MOV-000264
SCR-001580,2025-11-17,TRX-MOV-000265,20.01,Debiti verso fornitori,512.40,0.00,Pagamento fattura passiva FATT-P-2025-0197,movimento,MOV-000265
SCR-001581,2025-11-17,TRX-MOV-000265,10.02,Banca c/c ordinario,0.00,512.40,BONIFICO A VOSTRO FAVORE: FERROVIE NAZIONALI S.P.A. - PAGAMENTO DOC. N. TRN-2025-1101 DEL 2025-11-04,movimento,MOV-000265
SCR-001582,2025-11-18,TRX-MOV-000266,20.01,Debiti verso fornitori,6539.20,0.00,Pagamento fattura passiva FATT-P-2025-0011,movimento,MOV-000266
SCR-001583,2025-11-18,TRX-MOV-000266,10.02,Banca c/c ordinario,0.00,6539.20,BONIFICO A VOSTRO FAVORE: NIMBUS SOFTWARE S.R.L. - PAGAMENTO DOC. N. NMB-2025-011 DEL 2025-11-05,movimento,MOV-000266
SCR-001584,2025-11-18,TRX-MOV-000267,20.01,Debiti verso fornitori,793.00,0.00,Pagamento fattura passiva FATT-P-2025-0201,movimento,MOV-000267
SCR-001585,2025-11-18,TRX-MOV-000267,10.02,Banca c/c ordinario,0.00,793.00,BONIFICO A VOSTRO FAVORE: MILANO & ROMA BUSINESS HOTELS S.R.L. - PAGAMENTO DOC. N. HTL-2025-1101 DEL 2025-11-05,movimento,MOV-000267
SCR-001586,2025-11-22,TRX-MOV-000268,20.01,Debiti verso fornitori,4270.00,0.00,Pagamento fattura passiva FATT-P-2025-0149,movimento,MOV-000268
SCR-001587,2025-11-22,TRX-MOV-000268,10.02,Banca c/c ordinario,0.00,4270.00,BONIFICO A VOSTRO FAVORE: DOTT. MARCO RINALDI - PAGAMENTO DOC. N. PAR-RNL-2025-10 DEL 2025-10-31,movimento,MOV-000268
SCR-001588,2025-11-23,TRX-MOV-000269,20.01,Debiti verso fornitori,4819.00,0.00,Pagamento fattura passiva FATT-P-2025-0035,movimento,MOV-000269
SCR-001589,2025-11-23,TRX-MOV-000269,10.02,Banca c/c ordinario,0.00,4819.00,BONIFICO A VOSTRO FAVORE: LOCAZIONI NAVIGLI S.R.L. - PAGAMENTO DOC. N. LOC-2025-011 DEL 2025-11-01,movimento,MOV-000269
SCR-001590,2025-11-23,TRX-MOV-000270,20.01,Debiti verso fornitori,707.60,0.00,Pagamento fattura passiva FATT-P-2025-0072,movimento,MOV-000270
SCR-001591,2025-11-23,TRX-MOV-000270,10.02,Banca c/c ordinario,0.00,707.60,BONIFICO A VOSTRO FAVORE: ECOLOMBARDA ENERGIA S.P.A. - PAGAMENTO DOC. N. ECOL-2025-011 DEL 2025-11-12,movimento,MOV-000270
SCR-001592,2025-11-23,TRX-MOV-000271,20.01,Debiti verso fornitori,915.00,0.00,Pagamento fattura passiva FATT-P-2025-0096,movimento,MOV-000271
SCR-001593,2025-11-23,TRX-MOV-000271,10.02,Banca c/c ordinario,0.00,915.00,BONIFICO A VOSTRO FAVORE: FLEETLEASING ITALIA S.P.A. - PAGAMENTO DOC. N. FLT-2025-011 DEL 2025-11-05,movimento,MOV-000271
SCR-001594,2025-11-25,TRX-MOV-000272,20.01,Debiti verso fornitori,561.20,0.00,Pagamento fattura passiva FATT-P-2025-0198,movimento,MOV-000272
SCR-001595,2025-11-25,TRX-MOV-000272,10.02,Banca c/c ordinario,0.00,561.20,BONIFICO A VOSTRO FAVORE: FERROVIE NAZIONALI S.P.A. - PAGAMENTO DOC. N. TRN-2025-1102 DEL 2025-11-11,movimento,MOV-000272
SCR-001596,2025-11-25,TRX-MOV-000273,20.01,Debiti verso fornitori,658.80,0.00,Pagamento fattura passiva FATT-P-2025-0206,movimento,MOV-000273
SCR-001597,2025-11-25,TRX-MOV-000273,10.02,Banca c/c ordinario,0.00,658.80,BONIFICO A VOSTRO FAVORE: RISTORANTI & CATERING MILANO S.R.L. - PAGAMENTO DOC. N. RST-2025-1101 DEL 2025-11-06,movimento,MOV-000273
SCR-001598,2025-11-26,TRX-MOV-000274,10.02,Banca c/c ordinario,14640.00,0.00,BONIFICO DA: BARILLI LOGISTICA S.P.A. - SALDO FATTURA N. 2025/064 DEL 2025-10-31,movimento,MOV-000274
SCR-001599,2025-11-26,TRX-MOV-000274,11.01,Crediti verso clienti,0.00,14640.00,Incasso fattura FATT-A-2025-0064,movimento,MOV-000274
SCR-001600,2025-11-26,TRX-MOV-000275,10.02,Banca c/c ordinario,16470.00,0.00,BONIFICO DA: RETAILNEXT S.P.A. - SALDO FATTURA N. 2025/066 DEL 2025-10-31,movimento,MOV-000275
SCR-001601,2025-11-26,TRX-MOV-000275,11.01,Crediti verso clienti,0.00,16470.00,Incasso fattura FATT-A-2025-0066,movimento,MOV-000275
SCR-001602,2025-11-26,TRX-MOV-000276,20.01,Debiti verso fornitori,427.00,0.00,Pagamento fattura passiva FATT-P-2025-0060,movimento,MOV-000276
SCR-001603,2025-11-26,TRX-MOV-000276,10.02,Banca c/c ordinario,0.00,427.00,BONIFICO A VOSTRO FAVORE: FASTCONNECT TELECOM S.P.A. - PAGAMENTO DOC. N. FAST-2025-011 DEL 2025-11-08,movimento,MOV-000276
SCR-001604,2025-11-27,TRX-MOV-000277,20.05,Personale dipendente c/retribuzioni,27500.00,0.00,Chiusura debito retribuzioni nette verso dipendenti,movimento,MOV-000277
SCR-001605,2025-11-27,TRX-MOV-000277,10.02,Banca c/c ordinario,0.00,27500.00,DISPOSIZIONE BONIFICO SEPA CUMULATIVO: RETRIBUZIONI DIPENDENTI MESE 11/2025,movimento,MOV-000277
SCR-001606,2025-11-28,TRX-MOV-000278,20.01,Debiti verso fornitori,1098.00,0.00,Pagamento fattura passiva FATT-P-2025-0048,movimento,MOV-000278
SCR-001607,2025-11-28,TRX-MOV-000278,10.02,Banca c/c ordinario,0.00,1098.00,BONIFICO A VOSTRO FAVORE: STUDIO DOTT. COMMERCIALISTI BRAMBILLA & CO. - PAGAMENTO DOC. N. BRAMB-2025-011 DEL 2025-11-15,movimento,MOV-000278
SCR-001608,2025-11-29,TRX-MOV-000279,10.02,Banca c/c ordinario,11590.00,0.00,BONIFICO DA: MANIFATTURA LOMBARDA S.R.L. - SALDO FATTURA N. 2025/068 DEL 2025-10-31,movimento,MOV-000279
SCR-001609,2025-11-29,TRX-MOV-000279,11.01,Crediti verso clienti,0.00,11590.00,Incasso fattura FATT-A-2025-0068,movimento,MOV-000279
SCR-001610,2025-11-30,TRX-MOV-000280,20.01,Debiti verso fornitori,756.40,0.00,Pagamento fattura passiva FATT-P-2025-0202,movimento,MOV-000280
SCR-001611,2025-11-30,TRX-MOV-000280,10.02,Banca c/c ordinario,0.00,756.40,BONIFICO A VOSTRO FAVORE: MILANO & ROMA BUSINESS HOTELS S.R.L. - PAGAMENTO DOC. N. HTL-2025-1102 DEL 2025-11-12,movimento,MOV-000280
SCR-001612,2025-11-30,TRX-MOV-000281,20.01,Debiti verso fornitori,683.20,0.00,Pagamento fattura passiva FATT-P-2025-0207,movimento,MOV-000281
SCR-001613,2025-11-30,TRX-MOV-000281,10.02,Banca c/c ordinario,0.00,683.20,BONIFICO A VOSTRO FAVORE: RISTORANTI & CATERING MILANO S.R.L. - PAGAMENTO DOC. N. RST-2025-1102 DEL 2025-11-13,movimento,MOV-000281
SCR-001614,2025-11-30,TRX-MOV-000282,68.01,"Oneri bancari, commissioni e tenuta conto",75.00,0.00,Addebito spese e oneri bancari di conto corrente,movimento,MOV-000282
SCR-001615,2025-11-30,TRX-MOV-000282,10.02,Banca c/c ordinario,0.00,75.00,COMPETENZE E SPESE TENUTA CONTO CORRENTE E HOME BANKING PERIODO 11/2025,movimento,MOV-000282
SCR-001616,2025-12-01,TRX-MOV-000283,10.02,Banca c/c ordinario,17690.00,0.00,BONIFICO DA: FINTECH SOLUTIONS ITALIA S.R.L. - SALDO FATTURA N. 2025/065 DEL 2025-10-31,movimento,MOV-000283
SCR-001617,2025-12-01,TRX-MOV-000283,11.01,Crediti verso clienti,0.00,17690.00,Incasso fattura FATT-A-2025-0065,movimento,MOV-000283
SCR-001618,2025-12-01,TRX-MOV-000284,20.01,Debiti verso fornitori,829.60,0.00,Pagamento fattura passiva FATT-P-2025-0203,movimento,MOV-000284
SCR-001619,2025-12-01,TRX-MOV-000284,10.02,Banca c/c ordinario,0.00,829.60,BONIFICO A VOSTRO FAVORE: MILANO & ROMA BUSINESS HOTELS S.R.L. - PAGAMENTO DOC. N. HTL-2025-1103 DEL 2025-11-19,movimento,MOV-000284
SCR-001620,2025-12-03,TRX-MOV-000285,10.02,Banca c/c ordinario,14030.00,0.00,BONIFICO DA: MEDIHEALTH CARE S.R.L. - SALDO FATTURA N. 2025/067 DEL 2025-10-31,movimento,MOV-000285
SCR-001621,2025-12-03,TRX-MOV-000285,11.01,Crediti verso clienti,0.00,14030.00,Incasso fattura FATT-A-2025-0067,movimento,MOV-000285
SCR-001622,2025-12-03,TRX-MOV-000286,20.01,Debiti verso fornitori,671.00,0.00,Pagamento fattura passiva FATT-P-2025-0208,movimento,MOV-000286
SCR-001623,2025-12-03,TRX-MOV-000286,10.02,Banca c/c ordinario,0.00,671.00,BONIFICO A VOSTRO FAVORE: RISTORANTI & CATERING MILANO S.R.L. - PAGAMENTO DOC. N. RST-2025-1103 DEL 2025-11-20,movimento,MOV-000286
SCR-001624,2025-12-05,TRX-MOV-000287,10.02,Banca c/c ordinario,7930.00,0.00,BONIFICO DA: EDILSMART COSTRUZIONI S.P.A. - SALDO FATTURA N. 2025/070 DEL 2025-10-31,movimento,MOV-000287
SCR-001625,2025-12-05,TRX-MOV-000287,11.01,Crediti verso clienti,0.00,7930.00,Incasso fattura FATT-A-2025-0070,movimento,MOV-000287
SCR-001626,2025-12-07,TRX-MOV-000288,20.01,Debiti verso fornitori,1220.00,0.00,Pagamento fattura passiva FATT-P-2025-0120,movimento,MOV-000288
SCR-001627,2025-12-07,TRX-MOV-000288,10.02,Banca c/c ordinario,0.00,1220.00,BONIFICO A VOSTRO FAVORE: MEDIABRAND STUDIO S.R.L. - PAGAMENTO DOC. N. MDB-2025-011 DEL 2025-11-18,movimento,MOV-000288
SCR-001628,2025-12-08,TRX-MOV-000289,10.02,Banca c/c ordinario,9516.00,0.00,BONIFICO DA: AGROTECH BIO S.R.L. - SALDO FATTURA N. 2025/069 DEL 2025-10-31,movimento,MOV-000289
SCR-001629,2025-12-08,TRX-MOV-000289,11.01,Crediti verso clienti,0.00,9516.00,Incasso fattura FATT-A-2025-0069,movimento,MOV-000289
SCR-001630,2025-12-08,TRX-MOV-000290,20.01,Debiti verso fornitori,524.60,0.00,Pagamento fattura passiva FATT-P-2025-0199,movimento,MOV-000290
SCR-001631,2025-12-08,TRX-MOV-000290,10.02,Banca c/c ordinario,0.00,524.60,BONIFICO A VOSTRO FAVORE: FERROVIE NAZIONALI S.P.A. - PAGAMENTO DOC. N. TRN-2025-1103 DEL 2025-11-18,movimento,MOV-000290
SCR-001632,2025-12-11,TRX-MOV-000291,20.01,Debiti verso fornitori,4819.00,0.00,Pagamento fattura passiva FATT-P-2025-0036,movimento,MOV-000291
SCR-001633,2025-12-11,TRX-MOV-000291,10.02,Banca c/c ordinario,0.00,4819.00,BONIFICO A VOSTRO FAVORE: LOCAZIONI NAVIGLI S.R.L. - PAGAMENTO DOC. N. LOC-2025-012 DEL 2025-12-01,movimento,MOV-000291
SCR-001634,2025-12-12,TRX-MOV-000292,20.01,Debiti verso fornitori,536.80,0.00,Pagamento fattura passiva FATT-P-2025-0200,movimento,MOV-000292
SCR-001635,2025-12-12,TRX-MOV-000292,10.02,Banca c/c ordinario,0.00,536.80,BONIFICO A VOSTRO FAVORE: FERROVIE NAZIONALI S.P.A. - PAGAMENTO DOC. N. TRN-2025-1104 DEL 2025-11-25,movimento,MOV-000292
SCR-001636,2025-12-14,TRX-MOV-000293,20.01,Debiti verso fornitori,2623.00,0.00,Pagamento fattura passiva FATT-P-2025-0024,movimento,MOV-000293
SCR-001637,2025-12-14,TRX-MOV-000293,10.02,Banca c/c ordinario,0.00,2623.00,BONIFICO A VOSTRO FAVORE: ALTOCUMULO CLOUD SERVICES S.R.L. - PAGAMENTO DOC. N. ALT-2025-012 DEL 2025-12-02,movimento,MOV-000293
SCR-001638,2025-12-15,TRX-MOV-000294,20.01,Debiti verso fornitori,707.60,0.00,Pagamento fattura passiva FATT-P-2025-0204,movimento,MOV-000294
SCR-001639,2025-12-15,TRX-MOV-000294,10.02,Banca c/c ordinario,0.00,707.60,BONIFICO A VOSTRO FAVORE: MILANO & ROMA BUSINESS HOTELS S.R.L. - PAGAMENTO DOC. N. HTL-2025-1104 DEL 2025-11-24,movimento,MOV-000294
SCR-001640,2025-12-15,TRX-MOV-000295,20.01,Debiti verso fornitori,695.40,0.00,Pagamento fattura passiva FATT-P-2025-0205,movimento,MOV-000295
SCR-001641,2025-12-15,TRX-MOV-000295,10.02,Banca c/c ordinario,0.00,695.40,BONIFICO A VOSTRO FAVORE: MILANO & ROMA BUSINESS HOTELS S.R.L. - PAGAMENTO DOC. N. HTL-2025-1105 DEL 2025-11-26,movimento,MOV-000295
SCR-001642,2025-12-16,TRX-MOV-000296,20.03,Erario c/ritenute alla fonte,6000.00,0.00,Versamento ritenute IRPEF con F24,movimento,MOV-000296
SCR-001643,2025-12-16,TRX-MOV-000296,20.04,Istituti previdenziali e assistenziali c/INPS,18500.00,0.00,Versamento contributi INPS con F24,movimento,MOV-000296
SCR-001644,2025-12-16,TRX-MOV-000296,20.02,Erario c/IVA a debito,9123.40,0.00,Versamento saldo debito IVA con F24,movimento,MOV-000296
SCR-001645,2025-12-16,TRX-MOV-000296,10.02,Banca c/c ordinario,0.00,33623.40,"DELEGA F24 TELEMATICA N. 0918242 - RITENUTE IRPEF, CONTRIBUTI INPS E SALDO IVA PERIODO 11/2025",movimento,MOV-000296
SCR-001646,2025-12-17,TRX-MOV-000297,20.01,Debiti verso fornitori,488.00,0.00,Pagamento fattura passiva FATT-P-2025-0085,movimento,MOV-000297
SCR-001647,2025-12-17,TRX-MOV-000297,10.02,Banca c/c ordinario,0.00,488.00,BONIFICO A VOSTRO FAVORE: SICURASSICURA S.P.A. - PAGAMENTO DOC. N. SIC-2025-012 DEL 2025-12-01,movimento,MOV-000297
SCR-001648,2025-12-17,TRX-MOV-000298,20.01,Debiti verso fornitori,4270.00,0.00,Pagamento fattura passiva FATT-P-2025-0153,movimento,MOV-000298
SCR-001649,2025-12-17,TRX-MOV-000298,10.02,Banca c/c ordinario,0.00,4270.00,BONIFICO A VOSTRO FAVORE: ING. SARA DE LUCA - PAGAMENTO DOC. N. PAR-DLC-2025-11 DEL 2025-11-30,movimento,MOV-000298
SCR-001650,2025-12-18,TRX-MOV-000299,20.01,Debiti verso fornitori,3660.00,0.00,Pagamento fattura passiva FATT-P-2025-0154,movimento,MOV-000299
SCR-001651,2025-12-18,TRX-MOV-000299,10.02,Banca c/c ordinario,0.00,3660.00,BONIFICO A VOSTRO FAVORE: DOTT. MATTEO RIVA - PAGAMENTO DOC. N. PAR-RIV-2025-11 DEL 2025-11-30,movimento,MOV-000299
SCR-001652,2025-12-19,TRX-MOV-000300,20.01,Debiti verso fornitori,610.00,0.00,Pagamento fattura passiva FATT-P-2025-0108,movimento,MOV-000300
SCR-001653,2025-12-19,TRX-MOV-000300,10.02,Banca c/c ordinario,0.00,610.00,BONIFICO A VOSTRO FAVORE: PUNTO PULITO S.R.L. - PAGAMENTO DOC. N. PUNT-2025-011 DEL 2025-11-28,movimento,MOV-000300
SCR-001654,2025-12-20,TRX-MOV-000301,20.01,Debiti verso fornitori,4270.00,0.00,Pagamento fattura passiva FATT-P-2025-0152,movimento,MOV-000301
SCR-001655,2025-12-20,TRX-MOV-000301,10.02,Banca c/c ordinario,0.00,4270.00,BONIFICO A VOSTRO FAVORE: DOTT. MARCO RINALDI - PAGAMENTO DOC. N. PAR-RNL-2025-11 DEL 2025-11-30,movimento,MOV-000301
SCR-001656,2025-12-22,TRX-MOV-000302,20.01,Debiti verso fornitori,427.00,0.00,Pagamento fattura passiva FATT-P-2025-0061,movimento,MOV-000302
SCR-001657,2025-12-22,TRX-MOV-000302,10.02,Banca c/c ordinario,0.00,427.00,BONIFICO A VOSTRO FAVORE: FASTCONNECT TELECOM S.P.A. - PAGAMENTO DOC. N. FAST-2025-012 DEL 2025-12-08,movimento,MOV-000302
SCR-001658,2025-12-25,TRX-MOV-000303,20.01,Debiti verso fornitori,6539.20,0.00,Pagamento fattura passiva FATT-P-2025-0012,movimento,MOV-000303
SCR-001659,2025-12-25,TRX-MOV-000303,10.02,Banca c/c ordinario,0.00,6539.20,BONIFICO A VOSTRO FAVORE: NIMBUS SOFTWARE S.R.L. - PAGAMENTO DOC. N. NMB-2025-012 DEL 2025-12-05,movimento,MOV-000303
SCR-001660,2025-12-26,TRX-MOV-000304,10.02,Banca c/c ordinario,7930.00,0.00,BONIFICO DA: EDILSMART COSTRUZIONI S.P.A. - SALDO FATTURA N. 2025/077 DEL 2025-11-30,movimento,MOV-000304
SCR-001661,2025-12-26,TRX-MOV-000304,11.01,Crediti verso clienti,0.00,7930.00,Incasso fattura FATT-A-2025-0077,movimento,MOV-000304
SCR-001662,2025-12-27,TRX-MOV-000305,20.01,Debiti verso fornitori,915.00,0.00,Pagamento fattura passiva FATT-P-2025-0097,movimento,MOV-000305
SCR-001663,2025-12-27,TRX-MOV-000305,10.02,Banca c/c ordinario,0.00,915.00,BONIFICO A VOSTRO FAVORE: FLEETLEASING ITALIA S.P.A. - PAGAMENTO DOC. N. FLT-2025-012 DEL 2025-12-05,movimento,MOV-000305
SCR-001664,2025-12-27,TRX-MOV-000306,20.05,Personale dipendente c/retribuzioni,27500.00,0.00,Chiusura debito retribuzioni nette verso dipendenti,movimento,MOV-000306
SCR-001665,2025-12-27,TRX-MOV-000306,10.02,Banca c/c ordinario,0.00,27500.00,DISPOSIZIONE BONIFICO SEPA CUMULATIVO: RETRIBUZIONI DIPENDENTI MESE 12/2025,movimento,MOV-000306
SCR-001666,2025-12-28,TRX-MOV-000307,10.02,Banca c/c ordinario,11590.00,0.00,BONIFICO DA: MANIFATTURA LOMBARDA S.R.L. - SALDO FATTURA N. 2025/075 DEL 2025-11-30,movimento,MOV-000307
SCR-001667,2025-12-28,TRX-MOV-000307,11.01,Crediti verso clienti,0.00,11590.00,Incasso fattura FATT-A-2025-0075,movimento,MOV-000307
SCR-001668,2025-12-30,TRX-MOV-000308,10.02,Banca c/c ordinario,16104.00,0.00,BONIFICO DA: RETAILNEXT S.P.A. - SALDO FATTURA N. 2025/073 DEL 2025-11-30,movimento,MOV-000308
SCR-001669,2025-12-30,TRX-MOV-000308,11.01,Crediti verso clienti,0.00,16104.00,Incasso fattura FATT-A-2025-0073,movimento,MOV-000308
SCR-001670,2025-12-31,TRX-MOV-000309,20.01,Debiti verso fornitori,1220.00,0.00,Pagamento fattura passiva FATT-P-2025-0121,movimento,MOV-000309
SCR-001671,2025-12-31,TRX-MOV-000309,10.02,Banca c/c ordinario,0.00,1220.00,BONIFICO A VOSTRO FAVORE: MEDIABRAND STUDIO S.R.L. - PAGAMENTO DOC. N. MDB-2025-012 DEL 2025-12-18,movimento,MOV-000309
SCR-001672,2025-12-31,TRX-MOV-000310,20.01,Debiti verso fornitori,634.40,0.00,Pagamento fattura passiva FATT-P-2025-0164,movimento,MOV-000310
SCR-001673,2025-12-31,TRX-MOV-000310,10.02,Banca c/c ordinario,0.00,634.40,BONIFICO A VOSTRO FAVORE: TECHHARDWARE SOLUTIONS S.R.L. - PAGAMENTO DOC. N. FT-2025-1280 DEL 2025-12-10,movimento,MOV-000310
SCR-001674,2025-12-31,TRX-MOV-000311,68.01,"Oneri bancari, commissioni e tenuta conto",75.00,0.00,Addebito spese e oneri bancari di conto corrente,movimento,MOV-000311
SCR-001675,2025-12-31,TRX-MOV-000311,10.02,Banca c/c ordinario,0.00,75.00,COMPETENZE E SPESE TENUTA CONTO CORRENTE E HOME BANKING PERIODO 12/2025,movimento,MOV-000311
